person;rating;review_bersih
2;1;daftar bca sms jaring putus habis pulsa
3;1;bca buruk login akun susah buka mulut lebar
4;1;daftar atm login mybca blokir aneh hubung bca langgan service aktif
5;1;rumit salah download bca buka password aneh anjing
6;1;nyuruh update versi play store download
7;1;mybca saldo suka potong ribu
9;1;aplikasi kali transaksi qris salah jaring password update dompet digital kesal
10;1;rumit verifikasi wajah kali gagal blokir aplikasi payah
11;1;kecewa layan
12;1;login gilir suruh wilayah
13;1;saldo rekening bank bca hilang
14;1;notifikasi palsu cek login moga depa mudah
15;1;rumit akun
16;1;bca kendala login mybca
17;1;aplikasi seringkali password masuk respon lambat kali tunggu angka pin login ketik cepat ganggu
18;1;salah masuk password kali blokir hubung bca reset verifikasi sms malas mybca mobile rumit
19;1;registrasi ulang selesai login akun salah aplikasi rumit
20;1;debet tuju
21;1;aplikasi buka
22;1;jadul sistem
23;1;bca lapor saldo transfer potong aplikasi
24;1;update berat aplikasi
25;1;astaga bayar gagal
26;1;nyusahin ora
27;1;verifikasi wajah gagal instruksi layar ujung bca blokir suruh pulsa
28;1;bangsat sistem verifikasi internet whatsapp mybca kirim sms pulsa beban jadul zaman buka
29;1;bagus layan susah tunggu saldo transaksi sulit
30;1;pilih bangsat palsu login
31;1;sumpah kesal mobile banking blokir password rest langsung hubung rumit tobat
33;1;blokir aktif
34;1;login jaring bagus mohon perhati desak susah
35;1;rumit kontol verifikasi wajah bodoh
36;1;bug password login masuk
37;1;payah login
38;1;login verifikasi lihat buka kuda nil gagal kali wajah asa senam posisi super terang
39;1;mybca akses sidikjari print
40;1;sulit proses verifikasi wajah instruksi bangsat
41;1;aplikasi buka capek
42;1;kali transfer rekening bca potong ribu mahal saldo hilang malas simpan takut lenyap aplikasi buka ganggu jaring kacau
44;1;susah buka rekening kemarin
45;1;aplikasi salah login gagal transfer update perangkat
46;1;komentar ulas verifikasi kirim
47;1;hormat bca hutang lunas tagih malu nama turun keluarga sial umur hidup
48;1;minta verifikasi pulsa habis login wajah aplikasi tendang halaman bca idnya blokir sampah
49;1;verifikasi wajah payah deposito khawatir login ulang
50;1;maaf bintang mudah saldo cepat habis
51;1;susah login verifikasi buka mulut selesai lelah
52;1;buruk verifikasi wajah it bca biar
53;1;salah masuk makan pulsa aneh
54;1;aplikasi buruk login susah hapus
56;1;ketat custom ruang rot aplikasi mybca maksimal kamera game negatif fakta lapang forum cerita user kena hack perangkat diexploitasi aman awam
57;1;kecewa bca oku blacklist kena imbas anak zaman atm sulit ampun alas paksa okut buang tenaga cuti libur sumatra rantau suruh kasi kampung
58;1;susah rumit suruh video
59;1;rumit verifikasi langgan service bantu bodoh
60;1;tinggal verifikasi wajah instruksi gagal login sistem sesuai diarahin tutup ruang terang kecewa
61;1;mohon maaf registrasi bca password bangsat simpan data
62;1;samsung ultra kamera hirau aplikasi mybca khusus god looking aneh password registrasi pencahayan dev
63;1;password sesuai salah
64;1;download susah login mybca langkah situ kali gagal lelah pulsa potong
66;1;daftar online kemarin sulit alamat diktp beda
67;1;registrasi password login verifikasi wajah suruh mati mode aktif
68;1;layan sampah saldo setor tunai mesin atm muncul transaksi hasil rekening selundup bca kali bilang sistem normal tanggal
69;1;buka potong ribu
70;1;sumpah aplikasi bca blokir
71;1;password verifikasi wajah layar langsung putih
72;1;bug password isi transfer transaksi ketik lambat salah versi moga baik
73;1;main gacha bca suruh update
74;1;suruh sebutin nama bilang salah habis pulsa
75;1;aplikasi buruk
76;1;saldo suka hilang cek riwayat transaksi
77;1;barusan transaksi qris baca mohon maaf ganggu saldo potong ribu tekor bantu
78;1;aneh blokir password login
79;1;bintang aplikasi buruk login kali kirim verifikasi
81;1;suka salah aplikasi kali transaksi bayar gagal transfer qris tunggu jam normal desak ganggu download login pulsa biar ulang
82;1;tumben bca aplikasi kualitas jatuh
83;1;kena potong heran
84;1;rajin update aplikasi
85;1;rekening verifikasi suruh aktif ganti kemarin aplikasi mybca rumit pecat staf programming operasional sistem
86;1;salah password butuh bayar qris transfer muat gagal kali ujung livin mandiri edited alas jaring mobile banking ganti langsung sukses
91;1;buka rekening online susah
92;1;atur ulang verifikasi mybca wajah cabang bca rumit sumpah aneh manual login aplikasi kantor
93;1;credit kartu atur sumber dana utama qris
95;1;buka rekening password video susah ampun jaring lemah penuh kali marah
96;1;aneh aktivasi kartu debit atm cabang bank aplikasi jadul logika minta via mybca ongkir ribu malas aktivasinya mending langsung mobile banking bca
97;1;langgan service buruk payah saldo hilang ribu rekening aktif bca
98;1;wajah kali gagal
99;1;sedot saldo hilang
100;1;sayang mahal tarif habis pulsa sedot
101;1;payah buang pulsa aktif verifikasi gagal login akun rumit ampun
102;1;worse kontrol transaksi login password gagal suruh masuk kena salah pin menu hasil bank rumit edit anti kritik muat langgan service solusi forward tim development
103;1;sulit verifikasi rumit registrasi online
104;1;aplikasi semangat lambat susah login
105;1;biaya bank
106;1;aplikasi lambat rakyat
107;1;muat logout login modal pulsa sms bayar
109;1;mybca trouble saldo potong mutasi pemberitahuan
110;1;kacau bca saldo password cek mutasi potong biaya kartu ribu payah buka tahap rekening
111;1;kesal transaksi gagal jaring lancar password kali astaga
112;1;login gagal data
113;1;cabang bawa ktp lempar
115;1;lambat gagal transaksi update
116;1;aplikasi salah bangsat transaksi
117;1;saldo hilang catat langgan service mohon tunggu lapor periksa aplikasi sunguh kecewa
118;1;lambat bayang transaksi cepat
119;1;aplikasi buruk password muat registrasi muak rumit mybca download
120;1;marah registrasi gilir simpan muncul terang salah sila jaring password ulang kali kecewa
121;1;susah verifikasi wajah bca mobile statement mybca sulit
122;1;masukin password lambat bagus versi update tampil
123;1;rumit login pulsa verifikasi susah
124;1;rumit registrasi belit
125;1;berat jaring bagus
126;1;verifikasi wajah gagal sesuai instruksi
128;1;aplikasi versi ganti bahasa
129;1;langgan service tim hubung kantor bca lambat kerja lindung
130;1;nyusahin susah proses rumit pindah
132;1;saldo hilang nol isi bca tanggung
133;1;saldo hilang langsung aneh ratus download
134;1;akun mybca verifikasi video desak jaring
135;1;verifikasi login minggu sidik jari akses update
136;1;promosi sesuai kenyat bonus minggu voucher belanja
137;1;daftar palsu kartu blokir hubung registrasi ulang tata kantor daerah
138;1;respon lambat muncul
139;1;kacau password verifikasi wajah gagal instruksi buka mulut tengok kanan kiri aplikasi buruk
140;1;lambat qris muat kendala
141;1;lelah kali langgan service bca blokir
142;1;kena scam fraud bentuk tipu bank tanggung refund kembali batas lapor hati periksa kali transfer bantu
143;1;aplikasi lambat gagal login menu beranda menit
144;1;login wajah deteksi terang masya aplikasi kecewa
145;1;saldo aneh
146;1;saldo hilang transaksi mutasi aneh
147;1;akses biometri blokir
148;1;bangsat login verifikasi kuras kng pesan kirim
149;1;salah bangke
150;1;potong mybca saldo hilang password bilang tahan mutasi pemberitahuan biaya ribu nominal aplikasi livin mandiri ambil
152;1;bca potong najis kirim bersih
153;1;gagal verifikasi wajah
154;1;login gagal
155;1;aplikasi rumit salah kali masuk password lupa huruf suruh hubung verifikasi sms pulsa bca kartu bukti milik
156;1;aplikasi password blokir langgan service mahal pulsa ribu menit suruh tunggu
157;1;proses input password bangsat transfer muncul salah ganggu
158;1;ulang hapus lapor bca
159;1;aplikasi password verifikasi wajah tablet poco solusi
160;1;aplikasi reset password sulit aktif bilang transaksi lancar mybca
161;1;update memory penuh
163;1;aplikasi aneh verifikasi gagal
164;1;bca blokir aneh
166;1;aplikasi bodoh buka bilang sistem jam subuh darurat malam aneh
167;1;update bodoh
168;1;pemeliharan bayar tunggu jam
169;1;update bilang sabar halus d
170;1;saldo potong password disi lucu
171;1;transaksi gagal password transfer kali bayar kelas bca aneh
172;1;bca kali blokir password salah lucu
173;1;kolom aneh
174;1;bodoh registrasi
175;1;rumit ampun login aplikasi bank kantor cabang foto ktp wajah gagal
176;1;update bug buka susah aplikasi
177;1;palsu password transaksi bca lambat cepat qris aman marah tunggu login kesal ramai transfer
178;1;potong saldo
179;1;saldo potong
180;1;aplikasi saldo hilang catat mutasi
181;1;login temu
182;1;bank bca rumit buka rekening tabung sulit beda
183;1;layan buruk habis riset login mobile banking kantor
184;1;saldo transfer qris gagal aneh aplikasi password tulis salah bank rumit desak bayar ulang bolak malu
185;1;aplikasi logout gilir login verifikasi aktif pulsa
186;1;niat aplikasi transfer bayar qris gagal ulang login transaksi mending hapus capek cek log akun percaya
187;1;rumit akun pinjol
188;1;update susah login anjing
189;1;malam transfer jaring penuh buka aplikasi lancar
190;1;bangsat login verifikasi wajah perangkat tab bantu selesai masalah
192;1;gilir muncul cepat proses
195;1;layan buruk bilang cetak kartu paksa login rekening rumit maaf langgan service
196;1;verifikasi wajah gagal aplikasi aneh cek bantu
198;1;akun bib biar potong saldo kali rampok beban rakyat bodoh
199;1;aplikasi salah login susah
200;1;ganggu salah guna transfer transaksi moga
201;1;bingung atur logis verifikasi password ganti akun laku detik pikir pesan login menit habis pulsa bca langsung blokir spam sistem buka
202;1;kartu inti logout password login ulang verifikasi pulsa internet lancar blokir muncul
203;1;login bca suka logout verifikasi pulsa minim saldo kali alami bangsat
204;1;aplikasi bodoh lambat muat
205;1;aplikasi malam susah transaksi trading
206;1;bodoh aplikasi lambat ganggu
207;1;bayar gagal pindah dana
208;1;aplikasi buka mental
209;1;buka aplikasi login
210;1;aplikasi berat jaring normal stabil bangsat login bayar muat
211;1;transfer login detail terang jam aplikasi sulit cocok bukti mutasi rekening mohon maaf tindak keluh
212;1;nyaman salin paste nominal langsung habis update hasil titik input password selancar tamplate
213;1;proses login
215;1;maaf bca gampang blokir lelah hubung
216;1;transfer qris gagal hasil langsung kali payah
217;1;sesal download registrasi mybca potong otomatis ribu saldo bca gaji hidup rantau simpan beli butuh ragu takut
218;1;update reset password login menu kartu ulang lapor langgan service bca suruh cek jaring
219;1;login rumit contoh bni wondr video staf
220;1;suka salah
221;1;qris suka lambat kecewa
222;1;sistem salah kesan
223;1;lambat marah mybca
225;1;susah login atur rumit
226;1;aplikasi rumit asli login riset password langgan service video beda bank
227;1;verifikasi foto gagal marah
228;1;update fif pembayan lengkap
229;1;verifikasi desak masak atm
230;1;daftar mybca muat registrasi kirim sms verifikasi pulsa habis
231;1;ganggu masuk password blokir atm bimbing sekuriti open belanja qris bebas pulsa langgan service ktp update disdukcapil omg rumit owe hutang warung imbas ribu gara
232;1;aplikasi buruk reset password aneh update buka bagus
233;1;lambat anjing password masuk transfer
234;1;sumpah buruk transaksi
235;1;salah bayar qris saldo potong hilang
236;1;kirim verifikasi pulsa
237;1;buruk login muat internet lancar jaya
238;1;login susah wajah buka mulut gagal otomatis aplikasi crash tulis salah descriptor jawa runtime
239;1;salah password login
240;1;buruk salah minimal pilih kerja
241;1;bca langgan service pulsa kendala beli sedot habis
242;1;aplikasi aneh angin ujan buka jaring salah kesal password butuh mohon baik
243;1;kecewa berat setia mobile banking bca alih mybca langsung sesal gaji login potong kali mutasi saldo pergi recommended aplikasi belah selamat tinggal
244;1;login verifikasi wajah salah opsi video
245;1;download hapus
247;1;maintenance hati transaksi kendala
248;1;gagal transfer salah andal
249;1;gagal lambat
250;1;jujur alam mybca nyaman login ulang minta verifikasi jam kirim
252;1;saldo hilang
253;1;verifikasi korban pulsa
254;1;aplikasi login ganti susah bintang
255;1;bug ketik password salah
256;1;login seri
257;1;login susah ampun lokasi nyala butuh
258;1;salah masuk rekening registrasi bca mobile mybca hilang saldo bayar kuliah sial
259;1;buka rekening bca potong endap kartu atm kali langsung pindah dana miskin cocok bank
260;1;ampun bank login mybca susah
261;1;aplikasi buka sulit jaring heran
262;1;lambat super bangsat input password
263;1;verifikasi ulang lupa password rumit pulsa whatsapp zaman jarang isi bca mata saldo
264;1;bayar qris sumber dana kartu kredit
265;1;muncul password registrasi number
267;1;password isi
269;1;baca jaring qris gagal sampah
270;1;habis update berat
271;1;data seluler gagal transaksi
272;1;bintang susah login
273;1;bca buruk verifikasi login sms langgan service salah kartu pesan premius pulsa aman aplikasi mybca bank aneh
274;1;aplikasi maling saldo
275;1;update playstore tombol hapus buka sampah bca kecewa pngnya
276;1;salah malu bangke
277;1;bayar qris password salah kali ampas
278;1;alam bca password potong saldo endap konf informasi tutup rekening biaya otw kosong hapus aplikasi selamat tinggal
279;1;ganti kirim verifikasi pilih email sms pesan whatsapp via tunggu jam laku aplikasi hubung pagi wib siang bintang
282;1;rumit login
283;1;kecewa iklan layan khusus buka rekening online kelas bank sentral ktp baca alas alam maaf utara
284;1;pulsa habis registrasi
285;1;langgan service hati registrasi perilaku layan buruk cabang sintang kalbar
286;1;registrasi via bca mesin atm wilayah bank rugi langgan solusi saldo juta rekening
287;1;miskin biaya jasa
288;1;daftar rekening aplikasi mybca password login data langsung kantor cabang pental tunggu proses buka selesai total jam pulang transfer fitur transaksi finansial aktif efisien buang
289;1;reset memori aplikasi gilir login ulang verifikasi pulsa kali beli kacau
290;1;mohon fitur hapus riwayat tuju transfer
291;1;transfer bank bca ribu isi potong cek riwayat transaksi informasi
292;1;fitur cek saldo login mobile bca
293;1;masukin option
294;1;aplikasi proses verifikasi susah ulang kali komplain salah bca saldo bagus lihat coba anak ajar
295;1;login aplikasi suruh kirim verifikasi valid pulsa sedot sms buruk layan mybca bca solusi habis chat whatsapp rumit
296;1;aplikasi mybca sedia bayar ovo dana cantum tersebutdan verifikasi wajah login aman jaga
297;1;kecewa kemarin niat sisa tabung saldo gaji hilang langsung potong minggu butuh aplikasi mybca korupsi tarik
298;1;bca komplain responya
299;1;sumpah marah kecewa transfer pencet password salah kng ulang kali
300;1;salah bangsat transaksi kali
301;1;deposito valas saldo diam poket
302;1;bug lambat keyboard fix gara blokir bangsat login password
303;1;sayang bca sedia tabung bebas biaya via mobile banking bank syariah easy wadiah bri simpedes umi andal
304;1;ganggu payah
305;1;lambat kesal koreksi kota aplikasi mancing antri transaksi
306;1;update masuk countrynya aneh
307;1;aplikasi muat
308;1;logout kali verifikasi murah biaya
309;1;verifikasi sms besok gaji bank bca rumit sumpah
310;1;mutasi login saldo rupiah informasi
311;1;salah aplikasi limit tolak betah bca
312;1;salah sila jam password macet login proses transaksi beli tiket gagal ulang sedia
313;1;lambat rumit
314;1;rumit aplikasi gilir salah masuk password lupa akun sulit blokir buka suruh langgan service pulsa habis duluan tas selesai tunggu data putus
315;1;bkin rekening sma password gilir login suruh masuk verifikasi kali nyoba pulsa gara lucu aplikasi
316;1;mybca cepat blokir kali
318;1;password verifikasi wajah gagal buka
319;1;verifikasi wajah sulit suruh video masuk data sesuai tunjuk biar percaya kantor malas registrasi online aplikasi bca mobile
320;1;transparan potong saldo pemberitahuan
321;1;kali transfer wajah qris salah transaksi mybca update selesai kendala
322;1;verifikasi gagal kamera suka lambat buka
323;1;maaf gagal verifikasi mohon data cantum hapus ulang kali akun buka mybca
325;1;mybca rumit verifikasi wajah susah kalah senang pulsa bagus
326;1;kartu kredit paylater setan tolak hasil gaji atm
327;1;buruk qris gagal transfer buka aplikasi update berat bug
329;1;reset password verifikasi kirim
330;1;suka cari target temu password bantu registrasi rumit isi disi alhasil buru
331;1;verifikasi wajah tulis kacau
332;1;login susah ampun
333;1;profesional bangsat hubung ulang suruh tunggu kece jam bantu habis pulsa
334;1;lambat aplikasi bayar susah jaring stabil kendala muat
335;1;reset password bantu langgan service login blokir data aneh alhasil hapus
337;1;mutasi konfirmasi informasi main auto potong
338;1;solusi registrasi mna login notifikasi kartu pulsa isi
340;1;aplikasi buruk transaksi muat gagal data update layan
342;1;susah verifikasi wajah cabang besok suruh gagal
343;1;jaring mybca baca data aplikasi ambil lihat curi
344;1;logout buruk
345;1;salah gagal kelas bca softwarenya sembrono
346;1;buka mybca login bca masuk pilih aneh langsung otomatis
347;1;reset password masuk crash
348;1;login muncul
349;1;reset password verifikasi kirim pulsa habis login kecewa
350;1;salah sila jaring langgan service suruh cek
352;1;blokir transfer saldo bca
353;1;verifikasi kali login heran pulsa
354;1;aplikasi rumit gaji
355;1;password login pilih aneh data buka akses bca mobile mybca salah bahaya
356;1;akun isi data ktp password video malas kali rumit
357;1;rumit verifikasi foto gagal
358;1;buruk salah blokir
359;1;marah isi data tuju klik rekening
360;1;registrasi login
361;1;transaksi gagal jaring buka game lancar bca transfer desak
362;1;login jaring bagus mending pikir bca
363;1;bca login macet password verifikasi sesal anjing
364;1;hapus fitur verifikasi wajah login sulit mending
365;1;buruk ganggu babi
366;1;jaring bagus ganggu salah malu bayar makan qris
368;1;bantu langgan service mybca bca unable continue with verifikasi proces
369;1;server turun login nyusahin malu maluin
371;1;transfer salah pindah bank belah
372;1;buruk jaring kencang aplikasi server penuh lambat gagal transaksi sabtu februari
373;1;verifikasi wajah rumit kali gagal video
374;1;komentar keluh apnya lambat sulit akses ajar bca lancar downgrade
375;1;aplikasi login susah registrasi aktivasi password suruh ulang kacau
376;1;akses login hasil lari menu temu utama tombol onboard data lengkap aplikasi selesai langsung deploy production dev magang uji
377;1;mybca blu bca akun mending ganti belah
378;1;muncul terang salah bangsat bayar qris jaring bagus
379;1;update salah
380;1;password login masuk
381;1;update salah
382;1;aplikasi paksa henti hapus data download ulang ram bca buruk kalah mobile banking
383;1;bagus bca mobile mybca bug lucu
384;1;aplikasi bodoh login verifikasi wajah gagal instruksi buruk
385;1;bangsat login
386;1;password verifikasi wajah aplikasi
387;1;masukin password bilang salah blokir
388;1;bca blokir solusi rumit login
389;1;transfer fitur
390;1;gara tunggu sms verifikasi bca mobile banking blokir layan susah
392;1;kali transaksi gagal langgan service solusi
393;1;buruk susah atm
394;1;aplikasi seeing logout suruh verifikasi jembud
395;1;payah gagal malam transaksi
396;1;aplikasi buruk kecewa
397;1;update versi fitur verifikasi aktif layan transaksi debit online klik muncul pemberitahuan sedia bangsat via bca pusat bantu mohon aplikasi
398;1;login palsu password masuk cari
399;1;buruk logout login verifikasi pulsa kali
401;1;lelah registrasi bca rumit jaring bagus bilang buruk putus
403;1;verifikasi wajah rusak login gagal saran bca aplikasi sampah
404;1;login langsung arah cari baca internet komentar rating play store alami balas bca solutif hasil experience buruk
405;1;login verifikasi
406;1;niat deploy aplikasi paksa login mati susah izin lokasi muncul notifikasi bug kali buruk kesan senang
407;1;buka mobile banking bank langsung susah rumit layan
408;1;password verifikasi wajah buka
410;1;akun gagal reset password kali hubung bca kelas selesai data
411;1;bca bodoh saldo potong ribu saran download aplikasi
412;1;aplikasi lambat optimal bangsat registrasi akun menginput proses alami muat paksa ulang tera email login kendala tekan tombol input lupa muncul pesan daftar
413;1;suka salah stiap update download login kena biaya habis pulsa mending dana bca serba bayar
414;1;aplikasi salah reset password batas isi bca kartu input update mybca kali login transaksi kacau
415;1;ambil kartu atm rumit urus lupa password komplit salah ktp kecewa
417;1;aplikasi henti
418;1;pntek bca stiap update maju nyusahin butuh cepat
419;1;aplikasi buruk salah malu password qris gagal
420;1;beli paket data harga ribu aplikasi standar car grab jam online hpnya
421;1;marah aplikasi transfer muncul terang salah
422;1;aneh pusat data blokir layan minim
423;1;aplikasi buka bangsat isi daftar
424;1;verifikasi wajah susah registrasi mybca tinggal langkah
425;1;detail mutasi saldo login jam menit
426;1;kecewa buka rekening berkas camat alasanya huruf aneh posisi video langgan service menit nampak transaksi judi tabung susah
427;1;verifikasi wajah suruh via video sambung alam
428;1;mybca isi saldo potong
429;1;serius wajah recognition tablet gagal paksa henti hapus data aksesibilitas nonaktif memori kosong bca solusi aplikasi baik habis pulsa langgan
430;1;aplikasi layak bodoh verifikasi salah lupa password rumit
431;1;verifikasi wajah gagal sesuai arah capek
432;1;saldo potong anjing
433;1;mobile banking susah rumit
434;1;bca aplikasi
435;1;komentar muas aplikasi update bintang layak
436;1;login hasil kartu susah
437;1;isi saldo hilang potong transaksi hutang jangkau
438;1;gampang salah
439;1;lambat kali masuk password muncul salah ulang pikir lucu desak update buka mudah marah
440;1;kecewa bca saldo hilang ribu login potong tutup rekening rugi
441;1;aplikasi buruk kemarin registrasi rekening verifikasi isi seabank login tanggal februari transaksi hasil tindak
442;1;real potong saldo transaksi tarik transfer bri mobile rekening nama
444;1;aplikasi pasang alih paket data memory internal longar
446;1;update login ulang verifikasi data kali gagal suruh tunggu menit baik langgan service bca pulsa jaring pribadi sesuai
447;1;lambat aplikasi
448;1;sulit login mybca lupa password salah
449;1;biaya bulananya mahal
450;1;layan buruk erti takedown ktp bangsat proses analis paksa buka rekening
451;1;aktif langgan service suara beda kena layan
453;1;saldo potong ribu pemberitahuan aplikasi
455;1;login plihan keluh
456;1;pend kontol
457;1;rumit verifikasi download bca mobile apnya buruk login gagal perkara pindah akses banking kuras pulsa heran
458;1;habis pulsa login verifikasi
459;1;update bca suka sedot saldo
460;1;lelah sma bca kali jaga kendala susah password pergi negeri lapor lempar
461;1;login fitur cari pilih lihat saran laku isi menu klik solusi
462;1;saldo rekening notifikasi bijak comot cashflow ribu nyata hilang main
463;1;daftar aplikasi via online dana sedot habis biaya sesal login ribu potong langsung sisa tinggal tahan mobile banking bank saking marah blokir kartu niat tabung allah makan saldo ikhlas
464;1;download redmi
465;1;bca mobile puluh nyaman aplikasi ringan mudah login mybca susah langsung mental rumit malas momok sumpah
466;1;pelit verifikasi
467;1;layak fitur verifikasi wajah ujung blokir via video langgan service
468;1;suruh update sedia versi kacau
469;1;blokir rumit urus mesti tunggu pimpin
470;1;aplikasi bujang ganggu rekomendasi
471;1;kirim verifikasi muncul muas layan cepat rumit aktif
472;1;niat registrasi online singkat password sesi video tugas susah kali bilang kendala nyala kamera selang menit mati proses gagal nyoba buruk layan introspeksi
473;1;saldo ngendap mybca akses buka tarik
474;1;muat login masukin
475;1;aplikasi buruk download verifikasi klik kolom tuju pilih
476;1;log nyaman
477;1;verifikasi wajah aktivasi tinggal tanda tangan kamera aktif bank bodoh
478;1;proses buka rekening verifikasi wajah tulis turn mode
479;1;hubung langgan service bca mybca qris jam login hasil
481;1;mybca login verifikasi muncul rusak tunggu layan niat aplikasi
482;1;update kali lambat
484;1;sistem pintar sulit pindah
485;1;aplikasi bodoh registrasi suruh video password
486;1;kirim kartu butuh blokir transaksi beda swasta cepat minggu senin proses selasa rabu bca lambat gaji paket utama
487;1;pilih aplikasi login solusi registrasi saldo akses alas otomatis password
488;1;aplikasi buruk
489;1;password login salah main bca
490;1;sumpah mybca aplikasi alay ganti bank verifikasi data wajah rekam sistem jatuh
491;1;sertifikasi wajah gagal
492;1;mohon akses kapal pesiar kirim saldo jaring
493;1;aplikasi buruk reset password suruh input verifikasi habis detik login valid kirim pulsa rupiah kali muncul tunggu menit
494;1;login pulsa nomernya jaring bagus verifikasi solusi
495;1;contoh gopay verifikasi gaya login belok kiri kanan buka mulut nyamuk gagal
496;1;buka rekening online sulit bangsat video langgan service bilang kendala verifikasi password tuju salah mudah cabang
497;1;ganggu bayang bca transaksi desak
498;1;login lambat ampun aplikasi nyusahin
499;1;mudah registrasi pinjam online
500;1;login negeri verifikasi suruh bca solusi sesal bank
501;1;update bingung gagal kirim
502;1;semenjak verifikasi wajah malas posisi tahap gagal ujung blokir wajib langgan service normal salah aplikasi lambat bangsat
503;1;bintang aplikasi fungsi simpan buka mybca nyoba lihat
504;1;layan rugi boros pulsa sebentar habis lambat cepat
505;1;verifikasi wajah salah
507;1;susah keluh reset password bug aplikasi ulang kali gagal cepat
508;1;rekening bca password login aplikasi lambat
509;1;aman verifikasi sms rumit
510;1;kecewa pelihara sistem jam sibuk transaksi
511;1;sederhana rumit mobilitas
512;1;lambat jaring bagus mybca muat
513;1;gagal verifikasi blokir binatang
514;1;sedia online ketemu logika biar kantor suruh tatap wajah
515;1;aplikasi becus tangan update flazz gagal malu kelas bca teknisi
516;1;bayar qris gagal
517;1;video tunggu muncul kali
518;1;data jaring login password
519;1;isi kena mutasi ujung tarik kali sisa saldo langsung hilang lucu bca
520;1;lancar maksimal minta limit tuju pelit bca
521;1;aplikasi transaksi muncul salah
522;1;verifikasi lambat gagal niat aplikasi
524;1;minggu asem layan mobile banking lambat gagal transfer payah kecewa isi flazz susah jaring jam trouble heran bca
525;1;bca susah transaksi
526;1;lambat salah ganti aplikasi jam transaksi malam desak
527;1;jujur fase muak buka rekening bca lambat kali transaksi internet lancar saldo salah pindah kartu mesin mobile banking praktis rumit malu password desak cabut
528;1;aplikasi buruk gara matin langsung blokir verifikasi pulsa password login
529;1;bayar susah buka
530;1;pindah bca rugi nyoba masuk saldo langsung potong ribu
531;1;aplikasi downgrade bangsat stabil lambat maaf salah buka
532;1;verifikasi muncul password login akun gilir reset lucu sial kartu anjing
533;1;login ulang password suruh masuk verifikasi muncul kemarin heran
534;1;ganggu kirim bank
535;1;bayar qris gagal malu jaring bagus selular
536;1;update ganggu
537;1;transfer qris login
538;1;verifikasi wajah gagal
539;1;payah bca produk paylater
540;1;salah bangsat transfer bca mobile jarang
542;1;salah susah buka
543;1;feedback mudah mybca pindah perangkat password verifikasi wajah gagal langgan service suruh kantor cabang alas registrasi sistem ganti opsi video rumit moga simpel terap bank
544;1;verifikasi susah buka mulut kali ulang detect nais
545;1;potong transfer ribu
546;1;jaring bagus login aplikasi mybca
547;1;transfer pindah saldo hilang cek mutasi riwayat transaksi
548;1;verifikasi wajah susah gara pindah mybca blokir arah video langgan service kendala salah sampah
549;1;aplikasi bodoh rumit
550;1;aplikasi buruk salah
551;1;paylater tolak bca
552;1;buruk kartu atm kali lapor
554;1;monyet verifikasi wajah susah ampun suruh terang
555;1;bodoh meni susah verifikasi
556;1;aplikasi transaksi gagal jaring
557;1;ketemu langgan service senang kerja pergi kantor cabang aplikasi mybca alih suara berat putus moga kali alami buruk evaluasi bca
558;1;verifikasi wajah gagal
559;1;aplikasi muncul fitur atur aneh fungsi wajib garis mybca
560;1;informasi pemberitahuan ganggu
561;1;login salah
562;1;login pergi wajah masuk password
563;1;update isi flazz bca susah
564;1;transaksi informasi
565;1;verifikasi wajah gagal nyoba bekal kali
567;1;masak pilih masuk
568;1;login password suruh masuk blokir cek hubung bca aneh saldo tarik sesal simpan bank
569;1;hubung layan
570;1;transfer rekening login saldo
571;1;jaring normal salah bca
572;1;semenjak update mybca lambat login jaring normal penuh transfer saldo qris paksa aplikasi ulang takut baca sistem informasi pindah bank
573;1;aplikasi berat kng marah password bayar qris suka jaring buka lancar gilir mybca lambat muat update rutin
575;1;bodoh laku download aplikasi mybca rumit
576;1;kemarin verifikasi wajah video
577;1;qris gagal setan
578;1;kali aplikasi buruk
579;1;aplikasi bodoh wajah rumit gagal
580;1;nyaman mandiri bca ganggu
581;1;aplikasi buruk transfer bank saldo login tunggu lambat sayang
582;1;marah lapor hati nama ganti aman
583;1;potong saldo history kalkulasi kisar ratus ribu bca sengaja kosong transfer suka hilang
584;1;aplikasi lambat login susah wajah qris gagal mesti kali antri malu bayar kasir
585;1;macet qris kng saldo potong kirim tuju kerja
586;1;login bodoh
587;1;jam trouble transfer bayar qris susah
588;1;transaksi qris kali gagal saldo potong rekening lapor bca tunggu bilang hasil hilang merchant
589;1;buruk aplikasi transaksi gagal
590;1;suruh update aplikasi mybca
591;1;aplikasi buruk
592;1;transaksi mesti kali jaring gagal
593;1;verifikasi wajah susah kali ujung suruh video langgan service hubung
594;1;update ganti gagal verifikasi wajah bca solusi suruh cabang sabtu tunggu senin rumit
596;1;sistem suka salah login aplikasi
599;1;jaring optimal
600;1;login input verifikasi samsung iqo
601;1;password reset login bca direset
602;1;buruk lambat bayar jaring susah kelas bca aplikasi
603;1;hasil registrasi verifikasi wajah turn mode aplikasi
604;1;daftar crash
605;1;minggu fitur qris pergi jaring bagus update fix bayar takut bca
606;1;aplikasi password salah rumit urus bca jaring aman transaksi
607;1;crash susah buka aneh mobile banking mybca
608;1;lupa password bantu
609;1;buka aplikasi suruh hubung bca salah pecah langgan service login kecewa
610;1;ganti verifikasi wajah gagal password
611;1;bca crash password masuk email
612;1;rumit pindah mobile banking video sma langgan service dlu
613;1;sampah masuk password geser aplikasi bug buruk
614;1;susah verifikasi wajah anjing
615;1;buka tabung bca akun registrasi sesuai email login bangsat aplikasi susah langgan transaksi online solusi tingkat
616;1;aplikasi bodoh
617;1;aplikasi bank manja peringkat jaring buruk transfer
618;1;payah verifikasi mutu kalah bank
619;1;langgan service cabang isi nama kandung sesuai uai kartu keluarga aktif mybca rumit suruh barusan aplikasi login video profesional sumpah bca broken kali salah mobile banking bolak
620;1;login masuk password isi
621;1;langgan service buruk
622;1;kirim saldo dompet digital terang nominal tanggal anjing malas patahin kartu atm tabung amanah transfer aman
624;1;langgan service judes
625;1;sedot pulsa pindah sulit hubung langgan service blokir gara sms verifikasi telat login jaring cepat laku bank
626;1;layan bank bca daerah plered buruk
627;1;elit jaring
628;1;password login verifikasi blokir cari
629;1;buruk daftar
630;1;aplikasi susah buka
631;1;alam verifikasi wajah susah kali gagal gera pencahayan maksimal ganti baju
632;1;saldo hilang gilir kantor cabang alhasil ikhlas lebaran
633;1;daftar ulang kali gagal foto ktp
634;1;update suruh registrasi ulang password masuk
635;1;macet verifikasi wajah
637;1;jam salah aplikasi lambat
638;1;salah hambat update
639;1;proses login susah verifikasi padu suara akurat buka mulut lebar kelas bca
640;1;aplikasi registrasi bca password login halaman langsung utama
641;1;transfer login kena potong cek riwayat mutasi kali
642;1;password sesi foto jaring bagus update mobile banking
643;1;qris bayar gagal mesti transfer dana aplikasi
644;1;aplikasi ganggu
645;1;kak bca blokir qris bayar belanja malu maluin
646;1;aplikasi lambat
647;1;register susah aneh aplikasi
648;1;saldo hilang alto jaring bca cek cairin
649;1;update memory sisa susah ulang kali gagal
650;1;kali komplain ganti
651;1;crash itself
652;1;transfer kali saldo login solusi endap pemberitahuan password interview via video
653;1;layan bagus aktif rumit
654;1;blokir hubung bca reset password verifikasi gagal sms kirim kali pulsa aktif kartu prabayarnya paket ulang hapus anjur cabang tim lihat bug
655;1;mybca password update salah bug
657;1;isi paket data menu mybca saldo potong jaring kunjung login mutasi catat mohon bantu
658;1;isi pulsa saldo pending
659;1;lambat anjing
660;1;daftar gratis saldo langsung hilang ribu
661;1;proses verifikasi wajah gagal video langgan service password login
662;1;bank rumit video aneh
663;1;turn mode verifikasi susah
664;1;ulang baik kantor cabang kendala bca
665;1;langgan service kerja
666;1;muncul ganti bendera masuk susah
667;1;niat bagus verifikasi wajah ketat akun mudah tidur hack susah kali reset ulang pabrik
668;1;aplikasi bagus bca blokir bangsat tugas security arah suruh download mybca bingung
669;1;rumit akun
671;1;ntah saldo login gaji potong ribu
672;1;update muat jaring aman
673;1;aplikasi aneh rekening blokir reset password sulit verifikasi
674;1;update aplikasi login akal
675;1;gagal marah
676;1;akun login pulsa
678;1;buruk bca kali blokir boros pulsa verifikasi solusi
679;1;update transaksi
680;1;ganggu kali
681;1;aneh aplikasi crash bca update
682;1;saldo login rekening
683;1;verifikasi bodoh lambat expired kirim habis pulsa anjing
684;1;akun blokir login biometri password manual aplikasi
685;1;layan buruk asuransi auto debit suruh blokir kartu credit
686;1;bca pindah saldo rekening blokir
687;1;voice command verifikasi wajah tulis layar kacamata suruh lepas instruksi hp kanan kiri baca rabun gagal
689;1;buka suruh update
691;1;payah buka aplikasi kamera
692;1;pindah bca mobile mybca terang rekening
693;1;buka layan akun blokir login alami jaring salah
694;1;transfer login pending untung rekening utama bca rem gaji telat
695;1;mybca blokir hubung suruh riset password bangsat login verifikasi valid kali pulsa gara ulang kirim
696;1;mybca update penuh memori rumit
697;1;login akun bangsat wajah must use real lancar
698;1;susah verifikasi wajah ulang kali ujung suruh video langgan service via tunggu pagi bayangin transaksi kendala malam paksa pinjam teman isi gopay untung jual beli makan warkop
699;1;login aplikasi verifikasi wajah wajib lapor langgan service seringkali sukses password kenal gagal dompet digital aman sajah gilir rekening susah ampun
700;1;aplikasi registrasi
701;1;aplikasi buruk paksa aktif fitur aksesibilitas bca mobile merah jaring stabil registrasi mybca
702;1;kecewa layan kcp cabang metro permata karang ciledug tangerang buruk mohon
703;1;rumit regulasi mudah salah password proses
704;1;susah login password verifikasi
705;1;daftar online aktivasi kartu atm rumit registrasi kirim aktivasinya mobile banking password salah kali langsung blokir lupa masuk suruh super poko
706;1;dompet digital komplit tinggal zaman
707;1;aplikasi susah buka
708;1;lambat buka rekening pagi malam proses susah
709;1;update flazz aneh
710;1;versi update kali buka langsung chipset murah
712;1;perangkat update barusan buka aplikasi mybca lambat crash lancar
713;1;aplikasi mybca lambat suka update
714;1;update super lambat cek saldo login butuh menit
715;1;aplikasi scam transfer valas login nama rekening status hasil saldo
716;1;update buka lancar lambat aplikasi respon ganti bintang jaring data cepat stabil hapus cache mybca payah robot template
717;1;aplikasi bca ribu palsu layak
718;1;salah update aplikasi rusak mohon bca setia rush pindah bank
719;1;update bodoh
720;1;update lambat berat lawan hapus memori ulang bank sedelay marah
722;1;update lambat
723;1;lambat selesai update
724;1;update buka
725;1;susah login
726;1;update langsung mybca tanggap hati bug biar
727;1;update lambat kng notifikasi aplikasi mybca tanggap
728;1;update salah bca guna mobile banking rumit
729;1;update berat lambat
730;1;update lambat susah buka aplikasi
731;1;versi lambat
732;1;update lambat
734;1;update tutup
736;1;mohon update lambat salah
737;1;aplikasi lucu lambat ampun bukane bantu marah
738;1;lambat aplikasi lancar update sakit
739;1;buka update bodoh
740;1;alhamdulillah sekian mobile banking mybca rumit akun blokir buka verifikasi muat frustasi aman belit proses
741;1;mohon bantu mybca login berat
742;1;update lambat
743;1;bintang navigasi warna sinkron iphone
744;1;semenjak update kemarin lambat aman bagus aplikasi komplain kendala normal suruh jaring khusus mybca mohon biar bug
745;1;mohon solusi update aplikasi sulit
746;1;lambat aplikasi
747;1;update versi salah payah
748;1;aplikasi bca bodoh aneh buka mudah susah login
749;1;update aplikasi salah api ulang jaring cepat sehat
750;1;diupgrade lambat blokir bca gara angka password muncul baik
752;1;bug ampun marah usaha bayar aplikasi banking lambat
753;1;susah update berat payah
754;1;macet aplikasi jaring bagus tulis tanggap gara update
755;1;bug login pilih
757;1;buka aplikasi tulis mybca gagal kali pulih kosong riwayat login butuh pulsa
759;1;susah verifikasi registrasi batas solusi
760;1;update suka henti respon
761;1;update lambat bug malas
762;1;download update aplikasi lambat buka berat henti kacau bug baik bagus lancar jaya
763;1;update bug crash
764;1;fitur puas marah qris lambat mybca
765;1;kali kecewa aplikasi mybca password tawar fitur lengkap banding bca mobile bayar angsur fif group langgan service bilang support
766;1;habis update lambat crash
767;1;update crash
768;1;kacau aplikasi susah buka transaksi
769;1;aplikasi habis salah kacau mobile banking hapus download ulang
770;1;aplikasi login sukses password masuk region
772;1;susah buka aplikasi jaring normal bahaya kartu atm andal
773;1;mybca susah login akun hilang password malas urus
774;1;mohon maaf aplikasi buka jaring stabil password bug
775;1;maaf kak verifikasi langsung xiaomi pad bantu butuh
776;1;sumpah fitur buka mulut hilangin login nyamuk
777;1;diapain hpnya remi login mybca aksebilitas buka aplikasi langsung mental menu solusi bca
778;1;lambat anjing semenjak update
779;1;update tanggal maret lambat muncul tulis mybca respon crash tunggu
780;1;update mybca for crash redmi
781;1;login tgl kemarin update aplikasi salah
782;1;aplikasi alami lambat
783;1;minggu lambat buka marah
784;1;habis update lambat salah muncul notifikasi tutup aplikasi
785;1;muncul tanggap
786;1;kecewa aplikasi mybca buka download ulang
787;1;semenjak update lambat anjing
788;1;update aplikasi dukung
789;1;habis susah buka salah sulit akses kecewa
790;1;gara update mybca buka
791;1;bca suka blokir
792;1;update lambat login aplikasi kali mohon
793;1;habis update buka
794;1;aplikasi mobile payah verifikasi pulsa zaman internet bca aman sederhana
795;1;suruh update berat buka aplikasi
796;1;mybca ganggu update aplikasi tanggap
797;1;update lambat
798;1;bangsat mobile banking gratis verifikasi aplikasi pulsa
799;1;bca bilang evaluasi aplikasi lambat buka lancar tindak kentut balesanya lihat komen jaring stabil suruh cek buta
800;1;update lambat buka cepat
801;1;kecewa aplikasi password momen libur transaksi kendala buka mybca respon model bca mobile
802;1;verifikasi login pulsa paket
803;1;narik atm bca cabang cs tangerang saldo palsu kecewa berat
804;1;habis update buka
805;1;lambat semenjak update
806;1;wajib isi negeri bangsat login menu utama kecewa
807;1;mybca buka aplikasi login
808;1;verifikasi login resend kali pulsa internet lancar
809;1;aplikasi bug buka tutup update
810;1;bayar gagal proses masak bank tingkat asia tangan kerja hubung langgan service suruh sabar
811;1;bodoh sok login verifikasi
812;1;kali blokir pasang ulang aplikasi perangkat beda hubung bca sunguh buruk mahal bintang
813;1;minggu update buka aplikasi lambat informasi mybca tanggap pilih tunggu clear memori mohon bantu
814;1;aplikasi buruk update
815;1;update aplikasi berat gagal transaksi bug lambat qris bilang jaring stabil speed mbps
816;1;update aplikasi salah lambat normal
817;1;update minggu bug
818;1;login password pilih tepo registrasi tempel
819;1;habis update lambat astaga login menu muat ketik registrasi nama transfer muncul salah kacau
820;1;aplikasi bodoh lambat kali anjing
821;1;update lambat susah login
822;1;aplikasi login nasib saldo
823;1;update aplikasi buka lambat bantu
824;1;update login
825;1;bank bca aneh pot mutasi rekening potong ribu cantum
826;1;aplikasi buka muncul layar putih
827;1;bug kamis maret normal
828;1;sistem buruk
829;1;update lambat versi
830;1;aplikasi mybca bug muncul pop update tutup tunggu infinix smart buka bca mobile normal rekening
831;1;aplikasi respon muat
832;1;rumit mending bca mobile
833;1;aplikasi lambat
834;1;kali bca blokir muas
835;1;mybca lambat
836;1;update buka bagus berat salah tutup aplikasi
837;1;kecewa bca perkara verifikasi blokir jaring bagus pulsa aplikasi niat
838;1;bca registrasi sales atm login buku rekening hafal kartu baik
839;1;salah login suka
840;1;update bug lambat aplikasi tanggap
841;1;mybca login mental bantu
843;1;update mybca lancar lambat bug posting ganti
844;1;susah buka aplikasi bug malu tulis tanggap
845;1;lambat masuk password susah transaksi update versi bingung
846;1;verifikasi wajah langgan service kali jalan dibikinin lapor tangan rumit bca rekening gaji ganti gagal ktp buang
847;1;update buka lambat transaksi cek saldo suruh
848;1;update lambat bayar qris kasir minimarket buka aplikasi tugas cemberut
849;1;login suruh
850;1;semenjak update lambat
851;1;update lambat
852;1;aplikasi lambat buka qris blackscreen
853;1;lambat update transaksi ulang buruk bangsat nyaman
854;1;aplikasi lambat
855;1;sumpah aplikasi butuh desak buka kng password blokir lucu
857;1;login ketik manual
858;1;ganti kartu aplikasi mybca pilih metode kirim alamat tanggal maret email pemberitahuan bca paket debit hasil registrasi bangsat tipu
859;1;buka lancar
860;1;login password verifikasi wajah gagal suruh video langgan service klik salah
861;1;bca tgl sore bug lambat ujung terang mybca tanggap tutup aplikasi tunggu jaring bagus data ganti pikir kendala
862;1;lambat update
863;1;langgan service
864;1;buka update bagus lambat
865;1;mending susah update bagus buka transaksi muat jaring stabil internet sesal hasil
866;1;aplikasi lambat update jaring internet data
868;1;aplikasi lambat susah login
869;1;update lambat ujung aplikasi respon beda cepat
870;1;update aplikasi berat
872;1;update tanggap login buka fitu lambat
873;1;mybca lambat transaksi hambat iklanya
874;1;bangsat isi tera
875;1;login susah
876;1;update marah
877;1;habis update aplikasi lambat crash jaring stabil registrasi buka notifikasi mybca tanggap minggu tim bca biar transaksi lancar moga depa
878;1;bangsat blokir sulit
879;1;update aplikasi bagus buruk berat lambat salah hati
880;1;aplikasi mybca
881;1;bug buka aplikasi leg henti
882;1;aplikasi mental login solusi update
883;1;update lambat aplikasi lancar versi
884;1;update lambat respon aplikasi kali mybca payah kendala bangsat transaksi cepat
885;1;lambat aplikasi transaksi tunggu
886;1;aplikasi buka update sesal
887;1;mybca rumit
888;1;potong saldo
889;1;versi buruk lambat
890;1;semenjak update lambat gapernah kali serius fitur bayar tunggu menit
891;1;atm blokir gara update aplikasi sesal bca
892;1;login tulis blokir langgan service bca respon jutek
893;1;update buka
894;1;update lambat
895;1;update lambat jaring aman
896;1;transfer pending gilir mutasi saldo login nominal transaksi bca
897;1;aplikasi selesai ulang hapus mybca sesuai arah langgan service lambat simpan jaring paket nyala kendala sistem susah transaksi mohon maaf salah
898;1;setor tunai login saldo tunggu kerja lelah
899;1;update lambat
900;1;buruk update flazz susah detect kartu aplikasi nama henti
901;1;update lambat password login
902;1;update login susah bug kng otomatis
903;1;update lambat ampun jaring bagus ulas kendala
904;1;aplikasi susah buka kerja transaksi bisnis hambat kemarin pindah bca bank belah
905;1;tibatiba blokir sidikjari password selamat tinggal mybca
906;1;update lambat jaring stabil
907;1;update lambat aplikasi
908;1;update lambat muat biar kemarin cepat
909;1;bodoh aplikasi pikir nama ktp pudar sulit
910;1;habis update lambat bodoh
911;1;update aplikasi mybca lambat ganggu bca solusi performa transaksi tim hubung baik
912;1;update lambat aplikasi tanggap aneh
913;1;login sedia
914;1;update lambat respon ulang login kak
915;1;update lambat
916;1;aplikasi batas logo
917;1;update biar lambat komplain rajalela tahan aplikasi versi sampah buka trouble login menu pental gilir paksa henti aksebilitas data registrasi remeh mybca alas penuh bug evaluasi
918;1;bintang update buka aplikasi payah bca
919;1;layan buruk
920;1;update gilir lambat bagus versi solusi buruk komen jaring aman aplikasi alas pindah bank bca cepat responsif kritik salah langgan percaya lihat komentar keluh programmer
921;1;aksebilitas fitur aktif buka bank bca nsbh ganggu
922;1;update sistem lambat
923;1;update versi lambat kng ulang buka aplikasi
924;1;update buka aplikasi bantu mybca transaksi
925;1;lambat semenjak update
926;1;aplikasi buka muncul dukung update jaring bagus
927;1;lambat anjing
928;1;habis update buka
929;1;aplikasi transaksi lambat tunggu menit lebaran tgl maret pindah bank
930;1;habis update crash ulang
931;1;lambat aplikasi buka mybca
932;1;semenjak update lambat
933;1;kemarin bagus lambat terang tutup aplikasi ganggu transaksi
934;1;aplikasi buka lambat
935;1;update lambat transaksi susah sistem
936;1;bug login gerak
937;1;aplikasi lambat login ulang verifikasi pulsa beli mobile banking
938;1;ulas alami aplikasi mybca update susah login menu notifikasi tutup tunggu nyaman transaksi kendala
939;1;lambat update sebal
940;1;lambat login informasi mybca tanggap
941;1;aplikasi update ganti lambat bangsat buka transaksi maret
942;1;wajah qris transaksi posisi ganti update edit bintang
943;1;aplikasi semenjak update lambat berat transaksi malu asa ram susah
944;1;layan langgan service buruk kendala login mybca isi pilih bca bangsat bicara mati
945;1;update lambat
946;1;buka rekening langgan service angkat
947;1;pikir kendala update kemarin mybca lambat crash hati aman jaring aplikasi
948;1;aplikasi bagus lambat muat jaring stabil tulis mybca respon
949;1;semenjak update lambat ganggu aplikasi respon mending kendala
950;1;paylater tolak dana seabank akun
951;1;mybca lambat kacau update mudah kesal
952;1;buka mobile banking bca tanggap
953;1;update salah muat aplikasi respon
954;1;payah kelas bca ngsih bintang lambat minggu
955;1;kali transfer mybca login niat curi
956;1;sbener gaji bca lambat bayar cicil nyaman mandiri mna
957;1;habis update tulis mybca tanggap lambat transaksi nyaman bug
958;1;fitur transfer registrasi aneh
959;1;buka aplikasi
961;1;update aplikasi berat buka suka tutup tunggu
962;1;update aplikasi lambat tunggu tanggap cek buka mobile banking bank lancar jaring aman transaksi qris muat
963;1;transfer suka crash reset atur bca suruh login aksesibilitas payah
964;1;lambat salah
965;1;update versi habis login aplikasi
966;1;kecewa bca buka mobile banking password jaring
967;1;daftar login tulis verifikasi langsung ayo mybca salah
968;1;online macet data foto wajah gambar sesuai garis bingkai camera aplikasi pencet bodoh bri menit lelah
969;1;lambat muat
970;1;aplikasi tanggap update aman jaring bagus mobile banking lancar mybca tgl muncul hapus download ulang login
971;1;sesal bca saldo hilang atm bobol langgan dana salah
972;1;susah login verifikasi laku detik kluarsa
973;1;update login mybca blokir user password langgan service sambung layan buruk hubung
974;1;update lambat
975;1;mybca macet muncul tanggap clear memori hapus data jaring mohon sistem bca aplikasi ganggu
976;1;update kemarin lambat gagal login blokir
977;1;mybca muat password login aplikasi tanggap paksa pindah bri mobile
978;1;aplikasi rumit bca mobile aktivasi finansial transaksi transfer
979;1;ampun aplikasi lambat suka astaga berat batu gunung
980;1;update lambat parsh
981;1;aplikasi buka semenjak update susah kemarin lambat gakebuka
982;1;sumpah aplikasi update login susah bilang salah buka nyusahin usernya
984;1;update salah aplikasi saldo potong otomatis bayar proses jalan mending pindah bank
985;1;password update lambat mohon
986;1;kemarin lancar kendala update lambat karuan keluh mybca
987;1;update aplikasi crash jalan normal jaring tutup rekening bca bank sanggup mobile banking
989;1;aplikasi update bagus lambat
990;1;salah atm rumit login mobile banking ampun beda debit
991;1;aplikasi lambat
992;1;aplikasi mybca minggu buka tutup aneh baik sistem update bug salah
993;1;bca kena scam lambat sumpah data jaring normal
994;1;update lambat
995;1;update lambat login tulis password bug aplikasi bca kemarin aman ratingnya saranin langgan komplain bot layan
996;1;versi lambat ampun transaksi ganggu aplikasi mybca
997;1;update lambat
998;1;habis update suka
999;1;update lambat bca budeg buta ulas keluh tindak saran hapus download lucu buka
1000;1;semenjak update lambat susah transaksi buru sistem
1001;1;aktivasi sms hasil boros pulsa verifikasi
1002;1;bca mybca email password login blokir
1003;1;update lambat hambat transaksi
1004;1;aplikasi newest version mybca lambat buka kali reinstal work ditindaklanjuti jaring
1005;1;mybca lambat update pindah bca mobile
1006;1;susah verifikasi wajah
1008;1;mybca ganti kartu kirim cek saldo potong ribu kunjung paksa blokir bca
1009;1;lambat cek saldo bca mobile layar hitam
1010;1;buka aplikasi tendang jaring stabil bagus semenjak update lambat susah
1011;1;hapus kali login sebentar transaksi logout pikir lihat ulas aplikasi mybca
1012;1;update lambat klemer
1013;1;update isi saldo etol kartu flazz aplikasi dana aman sakit mybca
1014;1;semenjak update berat aplikasi
1015;1;buruk password update
1016;1;aplikasi buka muat logo crash
1017;1;update login pilih ngakak
1018;1;lambat aplikasi transaksi qris buka password masuk jujur malu bayar resto
1019;1;mohon lambat jaring aman
1020;1;bug aplikasi update salah maaf jaring bagus
1021;1;mobile banking
1022;1;update verifikasi wajah
1023;1;mari update lambat karuan
1024;1;aktif password login mybca tulis blokir payah
1025;1;lambat tutup aplikasi
1026;1;semenjak update aplikasi buka
1027;1;sales toko nawarin buka rekening free edisi nti rugi ujung saldo buang
1028;1;update lambat ampun
1029;1;kak verifikasi suruh data dibedain registrasi aplikasi kirim nyala fyi pulsa saran andal sms whatsapp biar cepat
1030;1;update trbaru lambat buka bagus cepat
1031;1;lambat hapus download ulang password masuk verifikasi astaga habis makan pulsa ribu payah
1032;1;mohon buka aplikasi susah lambat bug
1033;1;lambat semenjak lebaran
1034;1;lambat cuan bca mybca
1035;1;lambat aplikasi cepat
1036;1;bca update login komplain sistem
1037;1;update lambat transaksi mending bank
1038;1;setan update kemarin lambat tunda buka aplikasi sistem
1039;1;lebaran bug aplikasi data malu
1040;1;lambat kapai aplikasi susah transaksi
1041;1;bangsat cepat buka aplikasi update lambat password mybca bagus bintang
1042;1;sms login bca kirim minggu nyoba pulsa disi
1043;1;mybca bug update buka aplikasi muat informasi henti jaring bagus tgl maret hapus ulang ruang simpan kosong tong biar
1044;1;lambat update password cek play store otomatis iseng lihat ulas keluh mybca komplain tangan biar kng buru buang
1045;1;update aplikasi jalan lambat alias marah
1046;1;lambat update
1047;1;update lambat login
1048;1;lancar sekrng lambat tulis mybca tanggap tutup tunggu
1050;1;susah transfer aneh bca jaring stabil nyusahin
1051;1;ijin bca update kali jam mobile banking susah muat timbul tulis tutup aplikasi informasi solusi
1052;1;mybca gagal tanggap respon mudah susah login pulsa potong jaring bagus kali habis tipu jenis ribu tanggung download aplikasi gratis modal beli nama
1053;1;muncul notifikasi update buka
1054;1;update aplikasi lambat buka transaksi mohon mybca sistem susah respon
1055;1;habis update lambat
1056;1;update lambat kualitas jaring stabil perangkat aplikasi mohon buka bug koreksi
1057;1;mybca lambat update aplikasi jaring bagus ampun notifikasi tanggap inti susah transaksi
1058;1;buka transfer aplikasi lebaran kemarin butuh login
1059;1;kirim verifikasi ampun
1060;1;update lambat
1061;1;update buka tutup hapus download
1062;1;aplikasi update lambat ampun marah kelas bca alasanya proses evaluasi minimal bank belah
1063;1;lambat bank bca
1064;1;lambat transaksi buka aplikasi
1065;1;lambat buka aplikasi mybca cek saldo susah notifikasi tanggap biar berat
1066;1;lambat transaksi mybca tingkat bank aplikasi
1067;1;rot registrasi saldo aplikasi buka tanggal maret hapus akun
1068;1;aplikasi susah login mohon cek tim alami update salah bangsat transaksi
1069;1;kacau lambat evaluasi
1071;1;rumit verifikasi pulsa
1074;1;suruh login lucu bca
1075;1;suruh video langgan service tindak musik kali dasar mabuk becus
1076;1;verifikasi wajah login sinkron
1077;1;sebentar update lambat normal mybca darah transaksi
1078;1;lambat aplikasi ram internal
1079;1;update aplikasi lambat
1080;1;muat aktif registrasi akun bca simpan
1081;1;verifikasi wajah rumit buka gagal kali ujung suruh langgan service kantor
1083;1;update aplikasi lambat
1084;1;update lambat
1085;1;update lambat kali transaction malu jam aplikasi tim
1086;1;buka crash
1088;1;lambat update transfer tarik tunai susah kelam tunggu muat
1089;1;klik mental buka
1090;1;leg guys mohon solusi
1091;1;update lambat suka mohon
1092;1;buru update lambat muat ujung muncul mybca tanggap
1093;1;rumit aplikasi mybca susah login
1094;1;update lambat susah login aplikasi atur nyaman
1095;1;update bca buka gagal
1096;1;sampah login
1097;1;harap hidup bantu aplikasi bayar lambat bawa bank mabuk bilang bug tgl maret salah
1098;1;ntah update versi aplikasi buka menu layar
1099;1;update buruk lambat
1100;1;mental buka
1101;1;semenjak update lambat
1102;1;aplikasi blokir gara lambat
1103;1;habis update lambat login
1105;1;update login menu password lambat kentang bug
1106;1;login verifikasi wajah gilir menu aplikasi
1107;1;tutup bca gara lambat update buta kalik keluh
1108;1;serah update lambat aplikasi keluardwngan
1109;1;update bawa petaka lambat
1111;1;aplikasi buka
1112;1;update login mohon beda hasil simpul jaring kondisi lancar aktivitas main game guna aplikasi butuh akses mobile banking bangsat bantu ditindaklanjuti
1113;1;aplikasi update nyusahin lambat potong bunga masak sistem saham anjlok
1114;1;update lambat muat transaksi butuh jam
1115;1;update aplikasi buka lambat crash bayar
1116;1;update lambat tunggu hapus download ganti
1117;1;minggu mybca lambat buka mobile banking tutup tunggu ganggu transaksi cepat skarang update masak komplain
1119;1;lambat transaksi aplikasi
1120;1;verifikasi wajah login sumpah
1121;1;update lambat
1122;1;mybca kali transfer buka tanggap
1123;1;buka aplikasi lambat
1124;1;lambat jaring bagus aplikasi tanggap
1125;1;salah lambat buka aplikasi susah transfer tarik tunai update
1126;1;lambat kng aplikasi henti sebal transaksi susah
1127;1;update lambat salah kendala jaring simpan selular aman gadget beda
1128;1;update aplikasi mybca lancar bagus lambat tanggap tutup mohon
1129;1;update lambat mohon kondisi kng aplikasi
1130;1;akun pental suruh login pulsa update
1131;1;update apnya jaring lancar storage aman hambat transaksi
1132;1;transaksi gagal saldo potong kali
1133;1;rumit kontol
1134;1;aplikasi crash update
1135;1;update aplikasi bca lambat susah mesti tim kerah akses minggu menang jaring stabil pulsa lihat betapa ulas dengar keluh
1136;1;mybca kemarin update aplikasi ulang hpnya kali bantu langgan service bca transaksi transfer
1137;1;pindah mybca mobile bca buka bagus buruk aplikasi lambat respon update sesal mending
1138;1;update lambat buruk aplikasi mybca perban
1139;1;bca update lambat
1140;1;aplikasi bagus lambat
1141;1;update aplikasi lambat kakak
1142;1;bca transaksi qris bug saldo potong hasil update heran tanggung bank
1144;1;aplikasi lambat rugi kendala jaring baik
1145;1;aplikasi suruh login pulsa habis chat langgan service hapus download
1146;1;login hapus download
1148;1;verifikasi wajah lambat aplikasi update mybca
1149;1;update versi muncul mybca tanggap jaring internet stabil buka aplikasi lancar gilir aneh
1150;1;menit update aneh
1152;1;aplikasi lambat ampun buka menit transfer jam bayang tunggu muat
1154;1;marah password update lambat karuan
1156;1;aplikasi lambat nyaman kak kecewa
1157;1;lambat muncul mybca tanggap transaksi ganggu
1158;1;lambat muat
1159;1;login susah
1160;1;pindai retina katarak nyusahin
1161;1;mybca update aplikasi respon transaksi susah ampun login lancar lambat
1162;1;smenjak update lambat
1163;1;akun mybca lambat salah aplikasi biar transaksi lancar tunggu
1164;1;pasca update aplikasi super lambat bca mobile smooth mybca buruk simpan sedia jaring kendala banking lancar
1165;1;update lambat anjing kng buka aplikasi cuki
1166;1;update aplikasi lambat buka warning tanggap
1167;1;bca potong saldo pemberitahuan update lambat marah
1168;1;aplikasi verifikasi wajah gagal beda
1169;1;habis update lambat lancar login
1170;1;lambat aplikasi komplain transaksi ampun
1171;1;level bca aplikasi mybca lambat salah muncul notifikasi respon pilih tutup tunggu dibiarin larut hapus download utama ganggu proses transaksi
1172;1;mybca lambat transfer cek saldo nama bca aplikasi pokok jaring lancar memori penuh normal percaya sila dihp
1173;1;bug factory reset
1174;1;update lambat buka buru transfer
1175;1;kelas bca masak aplikasi jalan normal password login kirim kali verifikasi logout pulsa layang hilang bayangin tipu jenis update operator tri
1176;1;monyet niat aplikasi
1177;1;aplikasi respon
1178;1;buruk aplikasi update susah login
1179;1;maaf update lambat buka proses
1180;1;buka aplikasi update
1181;1;sumpah update bagus rusak bca buka
1182;1;semenjak update lambat kelas bca aplikasi payah super
1184;1;bagong siah bodoh susah asup sing aplikasi tong wae selesai jaring alus login lambat jeng deui sok tulis tanggap
1185;1;layan bca area martapura kabupaten banjar kalsel mundur semenjak kantor cabang bantu pindah ruko atm buka jam lokasi kerja toko zamrud mesin rusak bangsat alfamart kumpul ujung rumit tarik tunai pagi
1186;1;beli jaring login selang jam konter rugi hangus
1187;1;susah bca habis isi saldo langsung blokir
1188;1;update lambat bca kerjasama
1189;1;bangsat buka aplikasi kacau susah
1190;1;aplikasi semenjak update lambat
1191;1;update lambat transaksi tunggu muncul aplikasi tanggap buka tutup kendala ramn solusi malas mohon
1192;1;update buka tutup
1193;1;update aplikasi api muat bug
1194;1;semenjak update lambat aplikasi bayar transfer mohon tinjau
1195;1;login aplikasi henti daftar
1196;1;salah registrasi kirim email valid
1197;1;mohon maaf pindah saldo aplikasi update bug susah login suruh tutup lambat semenjak pokok normal versi buang bangsat
1198;1;update bug bayar paycols susah
1199;1;jujur fitur mybca lengkap transaksi suka password update lambat bca mobile
1200;1;update lambat
1201;1;akses data
1202;1;aplikasi mybca login jaga langgan marah
1203;1;update date buka bagus lambat
1204;1;update lambat
1205;1;bug versi aplikasi respon
1206;1;update lambat
1207;1;aplikasi buruk update pindah bagus tulis tutup tunggu
1208;1;selisih saldo catat mutasi transaksi chat langgan service sumber sistem
1210;1;lambat ampun cepat ganggu
1211;1;barusan teman transfer rekening bca password cek saldo tinggal lihat mutasi data mybca aman nominal semenjak antisipasi jasa
1212;1;update lambat kacau
1213;1;update lambat kng aplikasi freeze
1214;1;potong bca bank suka maki
1215;1;login transfer rekening mybca status saldo kosong
1216;1;masalah password buka mybca mobile crash livin mandiri bri
1217;1;sistem buruk keluh verifikasi wajah buka mulut lihat kanan kiri angguk gorila lucu gagal bilang terang
1218;1;bca lambat login transaksi bangsat mobile banking aplikasi
1219;1;ganggu bayar lambat aplikasi berat game
1220;1;update lambat bangsat transaksi fresh cepat
1221;1;mybca lambat ampun jaring internet bagus memory sedia kacau transaksi
1222;1;update buka verifikasi ulang
1223;1;update lambat bagus
1224;1;aneh tutup ngaca rating aplikasi turun buka nakal klaim server ganggu kali hapus pasang kaca pasar tradisional langgan komplain dengar statement
1225;1;mybca download ulang buka
1226;1;update buka hambat transaksi
1227;1;lebaran aplikasi tutup normal bintang
1228;1;aplikasi susah buka kacau
1229;1;muat lambat kali transaksi aplikasi nyaman
1230;1;lambat update malas aplikasi
1231;1;gagal verifikasi urus rumit ampun
1232;1;buka mental logo langsung crash
1233;1;bug aplikasi lambat segitunya tanggap
1234;1;update lambat susah transaksi
1235;1;kirim verifikasi
1236;1;update lambat antri kasir qris login aplikasi tanggap mohon
1237;1;update kemarin tanggal maret aplikasi lambat tanggap
1239;1;buka suka menu berat bagus ganti bintang
1240;1;login aneh lambat marah
1241;1;sulit verifikasi buka bank bca susah hidup
1243;1;semenjak update login
1244;1;mybca lambat aplikasi marah login
1245;1;salah buka
1246;1;lambat verifikasi susah pulsa bank saran aplikasi mybca
1247;1;lambat alami bank bca
1248;1;bintang langgan service bantu mending bilang respect
1249;1;aplikasi lambat
1251;1;lambat update suka tanggap aplikasi
1252;1;password login
1254;1;update buka bagus buruk lambat ulas balesanya template suruh cek jaring internet pengaruh data lucu
1255;1;update lambat
1256;1;update bagus rusak niat besok aplikasi mybca ganggu
1257;1;update lambat
1258;1;aplikasi bug lambat baik
1259;1;bintang pindah mybca niat biar aman simpan saldo takut password verifikasi wajah gagal video langgan service email bca sesuai bangsat ktp seluler
1260;1;komplain lambat update
1261;1;mybca update kemarin tanggal maret lambat buka habis halang hpnya lihat komentar kendala aman
1262;1;selamat malam pimpin bca mybca kenal nama bank registrasi sistem online kota kantor cabang tindak pindah saldo rekening alas blokir mohon bantu bangsat
1263;1;habis update lambat
1264;1;kecewa mybca beda mobile banking bca rumit wajah gagal pulsa habis sedot verifikasi jaring atur pabrik ganti siang cabang langsung lelah
1265;1;saldo sedot transaksi transfer ribu password login
1266;1;login lambat transaksi gagal kecewa
1267;1;anjing login mybca blokir bca mobile lambat aplikasi
1268;1;aplikasi respon
1269;1;saldo hilang taroh transfer kenal akun bank kedok tipu sarang hati guys sebentar password
1270;1;update lambat aman
1271;1;password update lambat suka
1272;1;saldo hilang aplikasi mybca juta
1273;1;update lambat ganggu
1274;1;versi mybca banking lambat logout ulang login nyaman transaksi mobile online
1275;1;buka update bagus
1276;1;update lambat
1277;1;update bagus lambat
1279;1;update lambat wajib baca komen transfer
1280;1;update lambat tanggap jaring data alami kendala buka media sosial instagram game main mobile legend kenyat aplikasi mybca kali muncul pemberitahuan mohon tangan
1281;1;update lambat buka mobile banking bca
1282;1;update lambat crash
1283;1;alami muat bangsat login muncul tulis tanggap komplain tindak diam
1284;1;tutup belah mata kembang aplikasi mybca keluh update ganti solusi klasik cek internet simpan user tsb mayoritas alami boikot
1285;1;lambat bca transaksi
1286;1;mybca lambat jln mulus
1287;1;update lambat
1288;1;sumpah transaksi susah gara lambat
1289;1;update buka
1290;1;update susah tanggap aplikasi jaring stabil kemarin blokir salah password gara muncul
1292;1;kecewa mybca password versi langsung lambat aplikasi
1293;1;aplikasi aneh password kali blokir kantor besok isi ngerjain
1294;1;mohon opsi bangsat login aplikasi gagal sidik jari password sulit andal
1295;1;maaf login banking
1296;1;aplikasi berat susah buka
1297;1;tunggu jam ktp asli bilang paket foto salin bca sumpah mybca
1298;1;update bagus lambat
1299;1;susah login lambat
1300;1;lambat aplikasi keluh
1301;1;muat lambat cair bonus aplikasi hasil
1302;1;update buruk lambat marah
1303;1;update aplikasi buka hapus download
1304;1;semenjak update susah login leg sistem
1305;1;update langsung lambat suka muncul mybca tanggap lapor bca ganti jaring transaksi kena imbas
1306;1;aplikasi kacau lambat
1307;1;aplikasi zaman batu lambat kali cepat sampah layak andal
1308;1;login tunggu
1309;1;update lambat mybca tanggap notifnya buruk susah transaksi
1310;1;password aktivitas lancar kendala
1311;1;password login bilang salah salin situ
1312;1;tim bca baca semenjak update aplikasi lambat jaring bagus buka main game jam jalan lancar stop bela salah langgan respon alami mohon kesran
1313;1;serba lambat semenjak update
1314;1;update lambat solusi
1315;1;login logout otomatis verifikasi pulsa malas beli aplikasi makan pegang cash malu
1316;1;update lambat ganggu nyaman aman kecewa susah
1317;1;jaring data lambat simpan kosong aplikasi password update teman
1318;1;aplikasi lambat semenjak bagus butuh menit login transaksi nyaman bca tanggap marah
1319;1;buka rekening video jaring salah putus ulang blokir
1320;1;download mybca langgan service bilang transaksi lambat ampun buka bolak tutup cepat bca mobile
1321;1;lambat layak bayar qris transfer mybca tanggap sistem salah jaring internet lancar
1322;1;update date lambat jaring datacel stabil penuh simpan kosong ulang kartu paksa aplikasi mobile bca harap spy mybca tinggal guna yangjawabrobot
1323;1;ganti suka susah verifikasi peremajan data branch gagal wajah video jaring salah mohon kerjasamanya tim kembang guna kacamata lepas sulit instruksi layar solusi
1324;1;aplikasi lambat update kng buka fungsi
1325;1;sara aplikasi buka tulis mybca tanggap hapus download kali ulang
1326;1;bca habis update lambat cek saldo transaksi tunggu menit bank buka kendala
1327;1;rumit login akun verifikasi wajah kali gagal mudah susah
1328;1;update pokok
1329;1;login bca blokir lucu
1330;1;sebal auto hapus selamat tinggal
1331;1;aplikasi lambat ganggu transaksi cepat
1332;1;aplikasi lambat giat hambat
1333;1;sistem update buka aplikasi login langsung forced crash
1334;1;semenjak update super lambat susah login malas mybca qris transfer makan menit bangsat
1335;1;update aplikasi buka bug
1337;1;login ulang suruh masuk password input yordania muncul india rusak aplikasi
1339;1;aplikasi salah
1340;1;update lambat mohon buka bug
1341;1;aplikasi lambat versi
1342;1;lambat aplikasi tutup
1344;1;semenjak update buka blokir
1345;1;bangsat bintang login transaksi gagal
1346;1;aplikasi lambat ganggu transaksi
1347;1;kali registrasi buka rekening tolak
1348;1;login buka
1350;1;aplikasi buruk update aneh aman
1352;1;mybca versi update lambat transfer
1353;1;password semalem buka pagi blokir kali
1354;1;lambat kecewa
1355;1;minggu transaksi aplikasi asa berat support buka mybca sila develop
1356;1;update buka muncul notifikasi bca tanggap
1357;1;lambat maksimal
1358;1;bintang kemarin aplikasi lambat update
1359;1;lambat share update publik sistem internal
1360;1;update salah
1361;1;bca download aplikasi virus survey langsung lihat ktp asli registrasi buka rekening sengaja sulit saldo tabung hilang masyarakat mybca update nama masturbasi sistem
1362;1;aplikasi mybca lambat
1363;1;muncul aplikasi tanggap suruh tutup
1364;1;update lambat kacau
1365;1;aplikasi lambat
1366;1;bca saldo potong byar ribu kali
1367;1;rugi main judi
1368;1;suka bca blokir malas langgan service mybca fast respon suruh buka
1369;1;lambat buka
1370;1;super lambat mobile banking buka lancar jaya bca mental evaluasi serius
1371;1;lambat jaring bagus kartu registrasi aktif cepat baik
1372;1;update aplikasi lambat
1373;1;buka aplikasi lambat susah login
1374;1;login salah mybca ganggu disi password buruk semenjak update lancar lambat ganti heran mending susah blokir akun kali jaring mulus gilir masuk langsung bank
1375;1;semenjak update versi lambat buru transaksi moga baik
1376;1;aplikasi buka
1377;1;bank bodoh pilih singapura australia ketik arah yordania sesuai kredibilitas aplikasi
1378;1;update mybca lambat jaring aman data kali login tanggap ganggu bangsat transaksi ampun aplikasi bca nyaman simpan mohon
1380;1;dear mybca percaya aplikasi lambat mobile bca password usaha buka qris akun official instagram solusi pindah gilir baik butuh cepat minta maaf
1381;1;lambat aplikasi macet tanggap
1382;1;salin aplikasi update lambat
1383;1;mybca sebal selesai transaksi otomatis login susah kali astaghfirulah serius hapus bca
1384;1;jujur login ulang kendala akun alih chat balas website aplikasi buruk
1385;1;aplikasi lambat ganti versi biar transaksi
1386;1;update sulit buka aplikasi lancar mohon ganggu
1387;1;update lambat tulis bca tanggap
1388;1;update cepat baik rating bintang ganggu transaksi
1389;1;aplikasi bca salah moga hambat
1390;1;aplikasi lambat update versi malas paksa mengunakanya butuh
1391;1;update respon lambat
1392;1;lambat ganggu mohon
1393;1;alami update buka aplikasi tulis respon atur ulang jaring stabil aman lambat mohon komplain
1394;1;login blokir password imbas aneh
1395;1;update login
1396;1;bca aplikasi perbankanya trouble langgan service narik pulsa mahal ribu menit putus lapor login bangsat panggil tindak bank tunggu proses selesai murah habis bantu nama
1397;1;password kontak
1398;1;lambat bayar qris malu lihat buruk
1399;1;aplikasi mobile banking nyusahin pindah bank buang kedip verifikasi reset kendala gagal data salah password blokir capek blue bca buruk bagus seri ganti dev rumit
1400;1;konfirmasi verifikasi tekan gagal login aplikasi pindah cabang bca rumit tinggal masuk password kantor desak jalan mybca wajah
1401;1;aneh anjing pilih aplikasi lucu
1403;1;aplikasi buruk komplain kecewa murung
1404;1;login suruh isi bca password cari kali bantu kece
1405;1;verifikasi kirim provider aman pulsa penuh push autofill aplikasi bca mobile otomatis isi tunggu pesan login
1406;1;sumpah lambat aplikasi mybca tanggap buruk jalan normal aneh
1407;1;aplikasi mybca bangkrut
1408;1;lambat update
1409;1;lambat buka aplikasi mudah susah urus bca
1410;1;lambat bayar qris tingkat
1411;1;aplikasi hapus akun rumit input password kartu bilang harap cek download mobile bca login double
1412;1;semenjak update lambat transfer jangka mobile banking biar jam pagi sore warung
1413;1;lambat operasi aplikasi mohon
1414;1;update lambat
1416;1;susah buka lambat transaksi
1417;1;download buka hapus
1418;1;login kali suruh tulis opsi aplikasi sedia
1419;1;aplikasi fitur pindai wajah langsung qris login password rumit
1420;1;ganti verifikasi gagal video langgan service aneh
1421;1;lambat qris semenjak update bayar tunggu malu password antre paket jual
1422;1;semenjak update lambat buka mybca login menu transaksi alih bca mobile
1423;1;susah verifikasi wajah marah ganti rumit layan solusi
1425;1;semenjak update lambat buka aplikasi tulis mybca tanggap aman
1426;1;lambat zaman ulang ganti jaring
1427;1;lambat update byar susah
1428;1;aplikasi lambat buka password login pilih menu
1429;1;verifikasi wajah selesai aplikasi salah bangsat simpan longar lepas pasang kali muak nyaman
1430;1;aplikasi buka update cepat lambat
1431;1;susah login mybca download ulang aplikasi tanggap transaksi
1432;1;sulit login butuh pulsa verifikasi mode ganti payah
1434;1;bca ngambil update dompet digital login
1435;1;update aplikasi lambat jaring lancar buka mobile banking mybca rewel
1436;1;mybca kali buka aplikasi bug sistem tanggap mohon lancar nyaman transaksi
1437;1;lambat tanggap saldo pindah
1438;1;mybca muat login kng update bagus jarang kendala bkin hambat transaksi
1439;1;qris lambat beda livin mandiri login kali galeri tingkat bagus
1440;1;habis update lambat muncul aplikasi tanggap mohon
1441;1;sesal update lambat jaring bagus simpan longar
1442;1;proses verifikasi wajah
1443;1;ganti lambat ampun paksa bintang
1444;1;aplikasi lambat
1445;1;akun blokir
1446;1;update lambat buka
1447;1;crash monyet
1449;1;update susah buka
1450;1;login aplikasi mental
1451;1;programmer lambat nyaman
1452;1;lambat sumpah hpnya aplikasi
1453;1;lambat mybca bagus
1455;1;lambat download bca mobile
1456;1;dear tim mybca mohon layan aplikasi star transaksi transfer hapus data tindak langgan alami keluh
1457;1;tuhan salah desak transfer kecewa aplikasi kelas
1458;1;salah kng sulit buka
1459;1;lambat habis buka gilir bayar muat
1460;1;semenjak update susah transaksi aplikasi hapus dlu salah
1461;1;seringkali turun transaksi bayar qris aplikasi layan mohon fps
1462;1;update lambat ampun langgan puas tim untung
1463;1;aplikasi lambat buka transaksi
1464;1;nyuruh update habis lihat saldo
1465;1;lambat anjing
1466;1;sesuai ulas bintang update buka sinyal bagus lancar lihat saldo susah marah cepat lambat rumit
1467;1;update saldo ket salah sila
1468;1;update langsung salah lihat saldo
1469;1;lihat saldo
1470;1;update tampil detail rekening saldo status
1471;1;pikir alami mybca buka aplikasi bayar lancar
1472;1;update salah bilang password cek saldo
1473;1;lambat aplikasi mybca cepat pindah bank
1474;1;update buruk salah
1475;1;aplikasi logout rumit langgan service
1476;1;susah download
1477;1;update buka susah kemarin lancar muncul notifikasi kusut aplikasi bca
1478;1;salah login password blokir reset verifikasi kirim
1479;1;lihat saldo tabung
1480;1;rusak aplikasi blokir password transaksi sial
1481;1;update aplikasi bug lambat bca tingkat
1482;1;software biar lambat suka macet peras buka pubg aplikasi kalah tampil bca
1483;1;setelh update login
1484;1;lambat aplikasi bca mobile
1485;1;update aplikasi lambat
1486;1;update buka muat
1487;1;verifikasi susah aplikasi pesan
1488;1;bangsat verifikasi wajah muncul mode mati
1489;1;login susah marah verifikasi kirim sms whatsapp katro
1490;1;download login blokir
1491;1;verifikasi wajah gagal bca mobile
1492;1;update susah login ujung akun blokir
1493;1;aplikasi rumit update logout login ulang verifikasi pulsa niat
1494;1;update muat transfer suka
1495;1;habis update salah masuk kirim email
1496;1;aplikasi mobile banking rumit dunia anjing
1497;1;buruk password login verifikasi minggu blokir aneh
1498;1;susah login akun
1499;1;sunguh kecewa aplikasi buka crash laku sesuai saran
1502;1;kecewa login akun bca palsu password
1503;1;semenjak update mybca buka login hasil ulang makan pulsa
1504;1;hilang saldo kali
1505;1;login aneh
1506;1;password beli reksna ganti rekening sumber dana bintang
1507;1;buruk bca mobile
1508;1;download suruh update minimal fitur signifikan iklan
1509;1;lambat fitur bagus
1510;1;verifikasi pulsa anjing
1512;1;langgan service
1513;1;aplikasi lambat
1514;1;langgan service susah hubung jam
1515;1;kalah livin mandiri blokir kartu atm hilang ganti email
1516;1;bca susah kenal nyaman layan aplikasi mobile mybca lambat asli password bayar nasi goreng qris tunggu antri malu
1517;1;saldo bayar buka kasar
1519;1;sistem fitur verifikasi wajah paksa bca susah gagal buruk
1520;1;suruh login
1521;1;lambat login cepat mbps kecewa
1522;1;transaksi logout suruh masuk user password pilih atm bank selesai bingung kecewa
1523;1;ganti blokir verifikasi lambat langsung jam pulsa alhasil untung lagu livin mandiri lancar
1524;1;bank pelit kikir limit
1525;1;login aneh hapus ulang bolak
1526;1;aplikasi luncur rumit kelas bca
1527;1;langgan bca paylater hati oknum nakal saksi tgl april wajah qris beli barang shope harga gagal cek saldo aman laku toga kali alangkah kaget limit potong komplain email
1529;1;bca update lambat baik situs suruh bayar msi
1531;1;xpresi biaya mahal bank murah gratis
1533;1;ktp rusak kecewa download atur pinjol
1534;1;daftar suruh masuk bangsa
1535;1;daftar susah login rumit aplikasi verifikasi ready
1536;1;tanggap kembang mohon maaf nyaman jaring stabil lambat kendala aplikasi saran ratus kali
1537;1;akun mybca blokir reset password butuh verifikasi kali resetpw login habis pulsa
1538;1;update april buruk lambat
1539;1;aplikasi buruk buka tulis henti langsung
1540;1;rumit login berat simpel suruh
1541;1;update bosan aplikasi bagus mending habis lambat buka kng transaksi malu saking pesan kendala jaring seluler lancar password mybca
1542;1;update versi salah login aplikasi mending mybca
1543;1;lambat download
1544;1;blokir buka aplikasi jarang
1545;1;buruk aplikasi buka
1546;1;aplikasi lambat tanggap update
1548;1;update beda ganggu msa password transaksi kasir antre tunggu gilir dlu marah anjing
1549;1;langgan service mybca rekening buka password verifikasi wajah gagal aplikasi tab samsung ram versi bantu sulit
1550;1;registrasi atm bodoh
1551;1;update minggu jaring bagus bangsat baca qris muat aplikasi lambat tuju langgan nyaman pindah bank senang hati
1552;1;aplikasi mobile banking ganggu rumit lambat komplain kartu
1553;1;tangkap layar guna etoll hitam ambil panjnag
1554;1;rekening rumit ulang kali suruh
1555;1;bca login update jaring baik password ganti ratingnya
1556;1;blokir mybca solusi
1557;1;bca saldo hilang blokir jidat turun alami rantau karyawan respon kecewa bank ras
1558;1;kacau login
1560;1;semenjak update aplikasi salah login mohon provider sistem
1561;1;pindah verifikasi wajah baca lapor mybca bantu cabang buka rekening susah suruh marketing cafe email hapus buku tabung urus bank kirim via pos
1562;1;transaksi malu gara salah bangsat forma kusut sembunyi jaring nama
1564;1;bangsat buka rekening video
1565;1;bintang performa bagus bca mobile banking mybca salah gagal transaksi saldo debet lapor bank belah
1566;1;kamera bagus iphone login gagal alas pencahayan wajah sorot flash terang anjing tingkat sensitif spek vivo kali
1567;1;crash hapus download kali
1569;1;bangun tidur tari atm bodoh aman bca
1570;1;kali blokir salah password login kecewa rumit
1571;1;ganggu lambat transaksi
1572;1;kesal download login verifikasi rugi pusing
1573;1;bank online saldo sisain rupiah lintah darat kapok tabung
1574;1;kaca login update
1575;1;password login lucu
1577;1;pekan bodoh
1578;1;anjing gilir tarik tunai pemeliharan
1579;1;pemeliharan sistem jam
1580;1;bca kali jam trouble kerja bangsat
1581;1;payah gilir butuh desak pemeliharan kampret
1582;1;desak bank saran pindah
1583;1;verifikasi kali gagal ending video operator pulsa potong kelas tangan bank bca sedih
1585;1;salah suka mybca
1587;1;aneh update buka bagus buruk balas ulas bot mobile banking banding mybca
1588;1;sumpah update login baca sila jaring aman ulang asli ganggu
1589;1;maksud jaring bagus login ganggu update
1590;1;update gilir salah langgan password
1591;1;aplikasi salah marah gara akun kali buang bca
1592;1;aplikasi salah
1593;1;salah verifikasi pulsa sedot kali engineer akun gaming
1594;1;tulis hapus permanen
1596;1;buka pergi brengsek saldo situ
1597;1;jaring internet aneh
1598;1;bca ganggu password butuh
1599;1;update salah
1600;1;aplikasi salah mohon blokir bca
1601;1;habis update login salah mohon butuh beli barang
1602;1;update aplikasi
1603;1;update kali bayar buang dlu
1605;1;susah login update
1606;1;cepat lihat mutasi
1607;1;bca baik buruk sistem kerja pecat
1608;1;update login
1609;1;suruh jaring hotspot login mybca salah lambat aplikasi
1611;1;aplikasi bodoh salah login bias
1612;1;kemarin malas update lambat buka mobile banking transfer astaga susah terang salah sila ulang muak
1613;1;desak aplikasi
1614;1;jaring stabil ganggu login kapok rancau
1615;1;login tulis salah
1616;1;habis update login akun salah
1617;1;akses habis setor tunai cardless transfer salah langgan service bilang saldo solusi susah aplikasi lucu
1618;1;update trouble login via biometri cek saldo mutasi rekening
1619;1;aplikasi sampah
1620;1;login salah sila internet normal kuota buka aplikasi bank mybca
1621;1;mutasi biaya saldo tahan potong ribu kng beda tgl
1622;1;salah login
1623;1;habis update bug trouble
1624;1;mybca login
1625;1;aplikasi salah habis blokir rumit
1627;1;update salah
1628;1;buka ganggu transaksi
1629;1;kacau update login jaring salah
1630;1;potong kacau
1631;1;salah jaring bagus aman update keluh aplikasi
1632;1;aplikasi anjing buka rekening rumit ampun fitur wajah terang
1633;1;update lambat ram
1634;1;mudah susah lambat suka
1635;1;cocok serba hemat
1636;1;rumit update
1638;1;saldo transaksi gagal potong login
1639;1;update buka mybca salah password
1640;1;kerja selesai transaksi cepat alias lambat
1641;1;aplikasi lambat
1642;1;aplikasi kemarin ganggu download ulang verifikasi bantu bca solusi kesan limpah provider sumpah
1643;1;alam buruk potong setor tunai ribu nyaman pikir butuh saldo solusi lucu
1644;1;salah update aplikasi stabil ganti fitur bayar
1645;1;atm buruk
1646;1;bayar qris kena biaya ribu
1647;1;qris dompet digital bank
1648;1;saldo hilang
1649;1;aplikasi pagi login tulis salah password malas bca rumit
1650;1;tgl update gilir lambat suruh aplikasi mybca
1651;1;rekening saldo langsung habis kena biaya layan pemberitahuan hati mending
1652;1;aplikasi lambat
1653;1;layan atm mohon
1654;1;update login aneh
1655;1;aplikasi saldo potong kali
1656;1;salah password mobile banking langsung blokir buka rumit video aplikasi bca
1657;1;server suka susah login macet halaman periksa jaring tes mbps bagus lambat data hasil kng update kali temu transaksi malu tunggu lihat
1658;1;update lambat susah buka mobile banking
1659;1;aplikasi buruk
1660;1;skarang lambat update
1661;1;bank rumit
1662;1;download bangsat konfirmasi login aneh aplikasi ganti rate bintang
1663;1;salah kemarin logout tutup buka hapus download ulang kondisi
1664;1;salah lupa password kali langsung blokir kantor aplikasi
1665;1;aplikasi buruk lambat wajah qris salah bca mobile mybca
1666;1;kelas bca kualitas aplikasi sampah transaksi lambat kng gagal hasil transfer bayar qris tipu merchant ampun kasir lihat kabur
1667;1;bayar qris login saldo potong hubung bca tangan minggu merchant dana buruk
1668;1;kompatibel perangkat
1669;1;aplikasi berat lambat bekicot
1671;1;mybca saldo login potong sesal bca tgl april transfer ribu mutasi sumpah buka
1672;1;mybca hilang log
1674;1;heran bca sulit ujung bank sesuai tera menu bantu kontak langgan service langsung buka akun blokir data rahasia aplikasi mandiri jawa mudah
1675;1;blokir bangsat login password incorrect
1676;1;aplikasi buruk reset password tinggal tunggu verifikasi muncul buang saldo beli pulsa
1677;1;minggu update lambat
1678;1;aplikasi rusak verifikasi kirim kali beli pulsa
1680;1;kompeten aplikasi
1681;1;login april update transaksi
1682;1;mobile banking mybca rekening
1683;1;aplikasi lucu verifikasi wajah
1684;1;maksud login number blokir
1685;1;login bolak capek
1686;1;payah proses verifikasi bank sok
1688;1;temu aplikasi mobile banking buruk
1689;1;bank rumit transparan sesal buka rekening
1690;1;buruk verifikasi kirim menit
1691;1;aplikasi lambat update
1692;1;lambat suka salah
1694;1;update sistem lambat responya mohon maaf
1696;1;mybca aneh verifikasi wajah gilir bank manipulasi sistem buruk
1697;1;rekening online susah data input proses verifikasi wajah aplikasi salah bank layan kecewa calon payah balas komentar kerja
1698;1;login bca macet terang update aplikasi mybca play store versi klik situ jaring stabil rumit
1699;1;aplikasi buka rekening susah kiamat password foto wajah muncul tulis turn mode atur bodoh
1700;1;aplikasi potong ribu transfer akun dompet digital saldo
1701;1;bagus mudah blokir
1702;1;verifikasi gagal pulsa
1703;1;aplikasi buruk fitur sidikjari print salah becus pecat bank bca rekrut
1704;1;qris tekan mrt
1705;1;update lambat malu password bayar
1706;1;login tulis proses verifikasi mobile banking bank
1707;1;informasi aplikasi saran bank bangsat verifikasi via sms biaya kirim lambat tunggu cepat kali habis miskin hati saldo baca teman
1708;1;password kng bri lancar jaya angkat rups pegang saham bca
1709;1;mybca blokir bca bangsat pindah bank
1710;1;login sesal download aplikasi pusing hapus
1711;1;minggu capek turun lambat
1712;1;mohon maaf buruk login biometri salah gagal mobile banking rumit ampun
1713;1;password bca mobile banking ganti mybca login heran aneh
1714;1;kecewa jalan atur versi turun syarat kompatibel minimal
1715;1;buka tabung susah
1716;1;aneh kelas bank login data seluler come this everyone use
1717;1;cek update password login langsung ulang
1718;1;mobile banking jujur rumit
1719;1;ganggu login blokir rajin update kacau nyaman
1720;1;login kali gagal tulis mohon maaf sesi habis maksud atm anjing
1721;1;salah buka crash
1722;1;selasa april jam buka
1723;1;login sesi habis peras update
1724;1;log password dgt tulus sesi
1725;1;muncul notifikasi update salah
1727;1;login sesi habis
1728;1;buruk sesal bca ganti password
1729;1;aplikasi bagus
1730;1;password transfer rekening bca pending terang hasil saldo solusi
1731;1;verifikasi wajah gagal update bug lambat bangsat akibat
1732;1;bug crash tab ulas bilang biar
1733;1;beda tera lembar pandu credit kartu susah
1734;1;download saldo
1736;1;aplikasi upload suruh update lucu
1737;1;sebentar bosan ganggu kng habis buka lupa password hubung bca pulsa ribu kali kena matin update
1738;1;opsi kirim verifikasi sms
1739;1;tari bank susah layak tipu takedown cek langsung percaya bca kcu bengkulu
1740;1;aplikasi bodoh
1741;1;aplikasi anjing verifikasi lambat bagus bca mobile
1742;1;maksud kali verifikasi gagal data ktp sesuai rumit informasi bca pulsa dlu gilir hati tipu malas
1743;1;kali verifikasi
1744;1;langgan service buka rekening menit tunggu
1745;1;semenjak update login blokir aplikasi
1746;1;buka rekening susah ampun foto wajah jaring isi npwp anggap angka sesuai digit cepat
1747;1;login verifikasi gagal kali lambat
1748;1;lambat buka mencret
1749;1;kecewa download
1750;1;aplikasi bodoh registrasi akun
1751;1;jarang ulas buruk login susah cek saldo revisi nilai
1752;1;aplikasi bodoh rumit
1753;1;aplikasi kasi suka verifikasi rumit terkng cepat tunda gara
1754;1;aneh bca aplikasi password transaksi gagal saldo potong lucu
1755;1;qris kali gagal saldo monyet bca tanggal tua hubung langgan service respon
1756;1;aplikasi jaring hilang muat ulang akun logout login verifikasi langgan service lambat angkat whatsapp balas etik kasar password bantu payah mending mobile banking pokok download
1759;1;langgan service tidur rekening video angkat
1760;1;pending lambat buka aplikasi baik
1761;1;kakak langgan setia bca keluh beda ekspresi kartu blokir hilang mobile banking mybca fungsi sunguh susah mandiri via tanduk habis pikir tipe mohon sulit
1762;1;fungsi bca mobile mybca peras staf buka rekening online rekrut khusus bank sumpah rumit surat ket kerja isi ulang data kali salah tanda tangan pimpin wajib kop cap lembaga custom habis energy capek website bilang foto buram rabun
1763;1;mobile bca mybca rusak aplikasi registrasi kali mending susah komplain ulas play store buka diam kacau
1764;1;buka rekening heran syarat suruh
1765;1;lambat bayar qris
1766;1;bug super lambat
1767;1;layan cashflow potong ribu detail google play
1768;1;aplikasi saran atm fisik langgan service selesai moga kantor cabang solusi
1769;1;login sidikjari update
1770;1;layan langgan service rekening
1771;1;verifikasi kartu hilang negeri aktif roam nyala klaim kirim email whatsapp zaman modern sms
1772;1;kali login mobile banking rumit ampun video
1773;1;aplikasi bodoh update turun performa salah buruk digital bca
1774;1;sulit login salah transaksi
1775;1;desak ganggu
1776;1;rumit verifikasi
1777;1;buruk layan langgan service susah hubung jam tunggu
1778;1;verifikasi data
1779;1;login mybca password pilih region aneh
1780;1;aplikasi rumit banding mobile banking
1781;1;kemarin transfer saldo gagal login aplikasi susah
1783;1;bintang transaksi bayar qris transfer saldo login push notifikasi buka aplikasi cek fitur aktif nyala atur bunyi
1784;1;buruk ganggu
1785;1;gagal verifikasi pulsa utama sedot salah telkomsel aplikasi mybca baca ulas user update
1787;1;transfer seabank bca login minggu
1788;1;server transaksi proses
1789;1;mybca lambat bayar buka asem
1790;1;susah kng login verifikasi telat pulsa potong kena limit
1791;1;bca transfer login rekening password cek rupiah
1793;1;lambat jaring aman salah
1794;1;login muat lambat jaring stabil penuh
1795;1;mybca lambat login aplikasi butuh gagal
1796;1;bangsat verifikasi wajah aplikasi crash
1797;1;suruh taut pilih aneh
1798;1;aneh verifikasi wajah tolak kali
1799;1;hati kena tipu lapor polisi bantu bank
1800;1;aplikasi hapus
1801;1;aplikasi resah warga
1802;1;video jam operasional langgan service tidur panggil hubung layan bca
1803;1;login muncul susah
1804;1;mohon maaf rate kali registrasi mybca tahap video tunggu aplikasi suka
1805;1;daftar login suruh registrasi ulang kacau
1807;1;aplikasi bodoh login sidik jari suruh masuk password
1808;1;login masuk menu pecat
1809;1;layan muas solusi langgan
1810;1;maling saldo potong ribu hilang diem malu lapor mutasi rekening transaksi aneh endap bca
1811;1;heran aplikasi mybca minggu blokir jaring bagus salah password aneh kemarin buka langgan service sms login verifikasi bayang
1812;1;login mybca password suruh bank
1813;1;aplikasi alias bodoh registrasi tampil ganti login barusan bilang password salah pagi lupa langsung download kesal
1814;1;aplikasi buka layar utama klik transaksi
1815;1;verifikasi login ulang kali solusi posisi cek saldo mobile banking saran via whatsapp biar gampang usaha hasil
1816;1;susah verifikasi akses mybca rumit
1817;1;transfer ribu password cek hilang mutasi
1818;1;akun bca blokir gara curi pulih rumit transaksi
1819;1;profesional langgan service bca bagus selesai
1821;1;instruksi verifikasi payah tunggu ulang capek jam
1822;1;super lambat aplikasi update kendala bangsat bayar qris
1823;1;suruh verifikasi
1825;1;layan pusat lupa password buka blokir telegram
1826;1;mandiri livin pulsa login
1827;1;buka bca isi saldo ribu keluh transaksi hilang niat tabung habis pemberitahuan
1828;1;register hasil login diarahin suruh masuk kali pasrah
1829;1;aplikasi buka notifikasi bug
1830;1;qris gagal saldo potong proses rumit tinggal lapor
1831;1;hapus aplikasi ganggu
1832;1;saldo potong alas password isi konsep
1833;1;sulit registrasi aplikasi mybca gagal login rekening online
1834;1;komplain qris gagal saldo potong kapok bca
1835;1;aplikasi buruk lambat muat banding
1836;1;aplikasi buruk
1837;1;aplikasi password login lucu
1838;1;login susah ampun anjing
1839;1;bca rekening blokir
1840;1;bank bca salah rumit sulit prosedur opsi solusi mudah bantu kerabat tutup rekening nilai selamat
1841;1;lambat aplikasi bank
1842;1;transaksi qris gagal saldo bangsat
1844;1;ngambil ribu
1845;1;bangsat pilih halaman muncul tampil
1846;1;bodoh kirim verifikasi sms bayar pulsa serba internet
1847;1;batal niat tabung kerja freelance
1848;1;aplikasi transaksi qris status gagal saldo potong lapor langgan service suruh tunggu kali jam
1849;1;aktivasi hasil login muncul gambar ulang identitas kirim verifikasi sederhana balas
1850;1;rumit anjing
1851;1;tinggal verifikasi wajah menu utama kali bank
1852;1;kendala mesti sidik jari baca salah ulang pilih login password tindak hubung mudah bangsat transaksi mybca update
1853;1;respect registrasi mobile banking atm
1854;1;verifikasi video angkat sibuk
1855;1;proses verifikasi wajah sulit gagal rumit buang sistem kelas bca
1856;1;lucu hilang login
1857;1;rekening blokir rumit urus langgan service beli pulsa cabang like lihat anjing
1858;1;update etol
1859;1;aplikasi mobile banking bca download mental buka menu
1860;1;aplikasi buruk qris muat
1862;1;lucu aplikasi masuk pilih nalar kelas bca fitur basic
1863;1;transaksi pending malas dana jam tamu wajib lapor akses pemberitahuan
1864;1;tampil bagus mobile bca fitur hapus rekening simpan sedia bangsat transfer nama salah
1866;1;aplikasi lambat jaring buka lancar desak malu maluin
1867;1;aplikasi susah verifikasi wajah laku sesuai perintah heran sistem saking ketat nyusahin langgan
1868;1;login bca password aplikasi pilih
1869;1;qris otomatis rumit
1870;1;aplikasi pilih password login opsi aneh
1871;1;login catat banking proses verifikasi palsu tuju bca aneh masuk
1872;1;aplikasi bodoh salah rekening verifikasi wajah
1873;1;bca sistem transaksi gagal juta saldo potong lucu ganti kendala bangsat butuh ajar asli
1874;1;jujur bank bca saran susah transaksi jaring ganggu saldo hilang kirim gagal alas tim hubung tindak pikir data aplikasi ragu usaha analis lucu hak tabung sulit nama
1875;1;login country maksud ulas komplain perihal
1876;1;mybca transfer gagal login saldo hilang tanggung ribu kemarin malam
1877;1;aplikasi sampah
1878;1;password habis login suruh nyoba isi aplikasi coding aktif lokasi
1879;1;download langkah suruh sila update aplikasi lihat store
1880;1;gagal transaksi qris saldo potong
1881;1;aplikasi transaksi qris salah login macet toko saldo potong aneh
1882;1;saldo sangkut juta bayar qris gagal komplain bca respon atas
1883;1;jalan cerita saldo potong gagal kembali
1884;1;hubung langgan service jabat sulit kali pulsa tarik via whatsapp bantu sesal bca layan buruk
1885;1;status gagal transfer saldo potong
1886;1;live chat whatsapp respon
1888;1;langgan service lambat
1889;1;kak transaksi filed saldo hilang login mohon bantu aneh
1890;1;transaksi gagal saldo
1891;1;saldo hilang
1893;1;aplikasi rusak transaksi gagal saldo
1894;1;bayar belanja qris transaksi gagal saldo potong gilir hubung langgan service susah ampun respon bank layan keliling
1896;1;qris gagal transaksi saldo potong bantu langgan service whatsapp email respon nominal kepercayan konsumen
1897;1;transaksi gagal saldo aplikasi
1898;1;bca saldo segitu ribu beli rokok makan bayar salah suruh lapor kerja urus ganggu qris informasi gilir kacau rugi
1899;1;transfer saldo login
1900;1;asli bca kendala qris saldo langsung tunggu butuh desak proses login tindak lapor cepat tangan mohon
1901;1;rumit bca tingkat
1902;1;login habis masuk suruh pilih konter bank alias
1903;1;aplikasi tipu transaksi qris saldo potong gagal tunggu tanggal komplain langgan service utara selatan
1904;1;bayar qris ganggu saldo potong ulang kali gagal solusi
1905;1;bank bca sampah transaksi qris gagal saldo potong profesional layan buruk ulas
1906;1;login susah hapus rumit muat update download menit masuk data lambat
1907;1;batas isi data foto ruang simpan kosong jaring penuh bagus
1908;1;update respon
1909;1;perangkat kompatibel versi bangsat download solusi
1910;1;kemarin aplikasi salah suka tutup download ulang gilir login lupa password forgot suruh hubung bca blokir mobile proses kirim sms gagal
1911;1;aplikasi milik rekening asli tipu
1912;1;lambat susah transaksi
1914;1;kakak logout masuk potong pulsa
1915;1;susah akun verifikasi gagal video langgan service cuek solusi
1916;1;bangsat verifikasi palsu mybca bug
1917;1;rumit data seluler gampang mohon layan
1918;1;update gilir wajah qris masuk password terang cek saldo potong login tuju
1919;1;ganggu transaksi gagal saldo potong
1920;1;transaksi login saldo hambat aplikasi mybca paket data
1921;1;qris suka gagal kemarin lancar
1922;1;suka bca saldo potong transaksi gagal lenyap kali bank aneh hilang
1923;1;bayar qris gagal saldo potong
1924;1;server bug
1925;1;transaksi qris kali saldo
1926;1;salah bayar qris potong saldo login kali
1927;1;transfer gagal login notifikasi hasil cek mutasi pend saldo potong email transaksi
1928;1;bca transfer gagal saldo sedot
1929;1;transaksi qris gagal saldo potong mybca
1930;1;aplikasi update kali
1931;1;transaksi gagal saldo bca
1932;1;saldo gagal qris
1933;1;qris salah masak transaksi gagal saldo potong
1934;1;update aplikasi bodoh kontak langgan service susah
1935;1;transfer tera gagal saldo hilang aneh kacau
1936;1;qris gagal saldo hilang anjing
1937;1;belanja warung bayar qris gagal saldo potong
1938;1;mei transaksi qris kali tera gagal mutasi saldo hilang hubung ganggu notifikasi
1939;1;transaksi qris salah teknis gagal saldo hisap janggal bca maling kedok
1940;1;kendala qris mei warung kelontong transaksi gagal potong
1941;1;habis update bayar qris gagal kali saldo hilang transaksi bca
1942;1;transaksi gagal saldo
1943;1;sistem status gagal saldo potong
1944;1;bayar qris gagal saldo potong chat whatsapp respon layan buruk
1945;1;bca bayar makan beli jaring qris status gagal saldo hilang pindah bank
1946;1;ganggu transaksi wajah qris salah kali sedia proses saldo sesuai laku tsb
1947;1;update transaksi gagal saldo hubung bca status
1948;1;buruk transaksi qris gagal saldo potong kecewa
1949;1;bca transaksi qris gagal saldo potong langgan service hubung
1950;1;aplikasi maling masak bayar bakso qris kali transaksi gagal saldo hilang toko percaya pindah bri bca
1951;1;transaksi qris kali gagal buka saldo hilang hasil nyata aktivitas
1952;1;tanduk kecewa saldo potong bayar gagal
1953;1;bca qris gagal saldo potong
1954;1;kali transaksi qris gagal saldo bca
1955;1;transaksi qris gagal saldo potong
1956;1;update transaksi susah bangsat bayar qris gagal saldo ambil hubung layan
1957;1;jujur kecewa aplikasi mei laku bayar habis belanja warung qris saldo potong aktivitas tulis gagal milik dana login mutasi langgan service layan
1958;1;transaksi qris belanja rupiah gagal kali tulis notifikasi salah sila menit coba hitung pending hasil bayar cash bca tanggung bukti
1959;1;bintang bayar qris gagal ulang kali saldo potong solusi
1960;1;kemarin bayar qris gagal saldo potong bca
1961;1;layan transaksi bca buruk qris telkomsel tulis salah mohon kali teman bayar bni muncul notifikasi beli jaring harga saldo tipu langgan service hubung
1962;1;sistem buruk karuan masak beli pulsa saldo habis alasanya salah login
1963;1;ganggu transfer rekening saldo potong gagal
1964;1;layan langgan service lambat aplikasi salah
1965;1;bayar qris gagal saldo potong bca susah ampun
1966;1;bca bug saldo
1967;1;password qris jaring gagal transaksi kali saldo potong login cerita sumpah bca ampun
1968;1;qris gagal saldo potong
1969;1;update langsung transaksi gagal saldo potong bca angkat
1970;1;qris gagal saldo potong selang menit hasil bukti transfer
1971;1;aplikasi transfer kali gagal saldo
1972;1;bayar qris gagal saldo potong
1973;1;transaksi qris gagal saldo potong bca
1974;1;bangsat desak hubung bca
1975;1;bantu saldo hilang bayar qris gagal potong
1976;1;kecewa kali qris saldo potong
1977;1;rumit aplikasi
1979;1;kali qris gagal saldo potong auto pindah bank
1980;1;buruk bayar qris saldo gagal potong hilang
1981;1;update aplikasi saldo hilang password bca hubung informasi layan
1982;1;tarik tunai gerai ganggu notifikasi saldo potong
1983;1;update bagus buruk transaksi notifikasi gagal saldo potong
1984;1;habis update bayar qris kali gagal saldo bagus buruk nasib transaksi
1985;1;transaksi gagal saldo hilang lapor langgan service
1986;1;langgan service lambat transaksi via qris mutasi rekening gagal saldo potong bahaya hubung respon
1987;1;aplikasi bodoh transaksi gagal saldo
1988;1;saldo potong rupiah kali transaksi mutasi rekening email bca gagal tunggu malam nominal komitmen kepercayan
1989;1;bayar gagal saldo konfirmasi langgan service balas pindah mobile banking
1990;1;transaksi qris ribu kali gagal proses saldo potong ayo layan bca
1991;1;kali qris isi jaring gagal potong saldo menit transaksi sukses login bca salah chat hapus
1992;1;bayar qris gagal kali saldo potong hubung langgan service sibuk respon
1993;1;verifikasi login langgan service bca solusi payah
1994;1;kasi nasib pedang makan comot transaksi qris kali gagal saldo potong bca sistem update ganti mending bank belah
1995;1;transaksi qris gagal saldo potong langgan service jaring putus aplikasi
1996;1;bayar qris gagal saldo potong layan payah
1997;1;transfer gagal saldo hilang
1998;1;transaksi gagal susah debit dana heran kelas bca aplikasi
1999;1;aplikasi gampang salah transaksi kali gagal saldo potong
2000;1;bayar gagal saldo potong
2001;1;konsep password transaksi nominal login bantu via email respon pusat sibuk mybca verifikasi hasil bca bank aplikasi
2002;1;langgan service bca lapor transaksi debit layan detail tanggal mei merchant live nominal kali rupiah total rekening status mobile koin login akun bayar hasil mohon bantu cek dispute refund
2003;1;layan buruk nyoba hubung langgan service susah aplikasi salah transaksi gagal dana potong kali sambung
2004;1;transaksi via qris gagal saldo potong lucu cek login hangus
2005;1;qris gagal saldo potong
2006;1;hilang ribu aplikasi password bayar qris salah cash rumah notifikasi saldo potong
2007;1;bayar gagal saldo
2008;1;transaksi gagal saldo rekening potong hubung langgan service susah
2009;1;aplikasi bug
2010;1;slowly download
2011;1;update salah
2012;1;maksud transfer kali qris gagal saldo bank bca
2013;1;kali transaksi gagal saldo potong sistem bayar angsur langgan service ganggu saran baca sibuk jam
2014;1;update transaksi qris gagal saldo potong
2015;1;bca hilang saldo receh ambil
2016;1;riwayat login password cek saldo bayar aplikasi aneh pusat bantu salah
2017;1;transfer gagal saldo potong bca
2018;1;buruk transaksi bca ganggu gagal saldo potong tuju
2019;1;saldo potong bangsat transaksi email kirim gagal refund tanggap
2020;1;bca ganggu
2021;1;buruk mybca gagal
2022;1;mei bayar qris adik kali gagal keponakan saldo rekening bca beda potong rumit bank murni salah
2023;1;bantu bayar qris gagal saldo potong
2024;1;login aplikasi bca transaksi qris gagal saldo potong salam proses aneh
2025;1;transaksi kali gagal jam notifikasi cashflow hasil hubung langgan service respon suruh tunggu menit dengerin lagu chat whatsapp bot balas lambat buang
2026;1;awas bca bayar qris gagal saldo ambil
2027;1;update ganggu asli
2028;1;transaksi gagal saldo hilang
2029;1;bca qris gagal saldo potong mending susah
2030;1;tanggal mei ngerasa bodoh bca transaksi qris kali terang mutasi gagal saldo potong langgan service hubung konsep
2031;1;transaksi qris gagal saldo kali
2032;1;login verifikasi wajah susah suruh sopan rumit kaos terang kecewa berat buka mulut lelah detek tengok kanan langsung gagal detik crash tutup
2033;1;langgan service manusia antri balas chat bot
2034;1;maaf transaksi grosir qris gagal saldo rekening login kategori hasil mohon tindak
2035;1;kecewa bca kali ngerasa rumit proses aktivasi mobile banking banding bank mudah aktivasinya langgan service mesin atm registrasi habis suruh verifikasi dtk cek sms password aplikasi gagal tunggu menit langsung sma aktif
2036;1;update layan buruk bayar qris bca saldo potong dana login jual email transaksi gagal bangsat refund hubung via whatsapp chat website nihil bagus
2037;1;habis update saldo hilang aneh pending
2038;1;bca hormat rabu mei sulit hubung perihal komplain transaksi bayar qris gagal saldo potong layan salah
2039;1;langsung bintang viral qris salah saldo potong
2040;1;transaksi gagal saldo bca
2042;1;layan lambat
2043;1;sistem saldo hilang
2044;1;transaksi gagal saldo
2045;1;pemberitahuan update mybca saldo hilang hubung langgan service respon chat via whatsapp balas aman
2046;1;update aplikasi lambat bayar qris gagal lucu kelas bca saldo hilang
2047;1;bca transaksi gagal saldo potong
2048;1;saldo hilang gara bca ganggu obat kecewa
2049;1;gagal kirim qris saldo
2050;1;qris gagal saldo
2051;1;ramai threads bayar qris mybca gagal kali saldo potong semalem grab cash dana hilang
2052;1;login masuk
2053;1;habis update transaksi gagal saldo aneh
2054;1;bca kirim saldo kali gagal dana potong hubung respon tunggu hapus mybca marah anjing
2055;1;kak saldo potong transaksi gagal heran
2056;1;payah transaksi gagal saldo kali chat respon salah bca menit suruh dengerin musik bilang sila tunggu
2057;1;sumpah sesal bca transaksi qris gagal saldo potong
2058;1;gara update akun hilang simpan data
2059;1;kali rugi bca transaksi qris gantung ganti
2060;1;update aplikasi buruk bca susah kualitas
2061;1;bantu layan buruk
2062;1;bayar qris gagal saldo potong sistem rusak keluh kecewa bank kapok dana lapor minim tunggu makan rugi
2063;1;saldo potong transaksi gagal
2064;1;langgan service bca susah hubung tunggu menit buruk
2065;1;mybca ganggu transaksi gagal saldo potong
2066;1;bca hubung layan langgan service komplain gagal dana kunjung susah buruk
2067;1;habis update salah password langsung blokir
2068;1;transaksi qris tgl mei kali gagal saldo potong login merchant
2069;1;saldo ribu qris otomatis cek rupiah kecewa
2070;1;download isi saldo bayar listrik transaksi gagal
2071;1;qris gagal balas template tanggung bca
2072;1;gara update bau mei transaksi login ulang verifikasi kali mybca informasi
2073;1;kirim kartu debit mybca kena biaya total ribu gagal saldo kredit cetak mesin langgan service digital dana hubung whatsapp solusi
2074;1;update crash home login
2075;1;qris gagal saldo update minggu
2076;1;transfer gagal saldo mei
2077;1;transaksi qris gagal saldo potong
2078;1;aplikasi pilih auto hapus download
2079;1;bca sampah qris gagal malam kali saldo sedot lapor makan msi ujung perkara
2080;1;kemarin saldo hilang bca kali ribu transaksi salah gagal qris
2081;1;langgan service aplikasi sibuk sambung nyanyi
2083;1;responya lambat
2084;1;malam tgl mei bayar qris ribu kali gagal login saldo bangsat lihat email informasi mohon maaf apotek bilang dana
2085;1;transaksi qris gagal saldo
2086;1;qris gagal saldo potong kali refund
2087;1;buruk layan
2088;1;lambat tanggap komplain qris salah proses gagal saldo langgan service susah mati
2090;1;bca buruk qris saldo potong sangkut gilir keluh peduli
2091;1;aplikasi rusak buka macet layar putih
2092;1;bca log login mesti verifikasi hangus
2093;1;rumit jaring
2094;1;kemarin kartu pindah
2095;1;asli rumit
2096;1;verifikasi gagal stres
2097;1;login muat warna putih tulis saldo cepat
2098;1;aplikasi aneh rekening suruh hidup data
2099;1;langgan service lambat kali jam video verifikasi rekening
2100;1;kesal verifikasi sms mesti beli pulsa lihat mutasi palsu bca mobile saldo login notifikasi diem hafal
2101;1;update kng kali jaring beli
2102;1;bkin malu login transfer qris lambat tunggu
2103;1;buka rekening agent sambung
2104;1;bank lintah darat verifikasi number sedot pulsa kali login habis
2105;1;update lambat cepat kerja aplikasi
2106;1;hati transaksi gagal bank susah saldo rampok zaman now bangsat qris potong proses tgl mei
2107;1;lantas login langsung otomasi buka negeri pilih fitur
2108;1;registrasi susah
2109;1;deposito slip transaksi hasil cek saldo hilang
2110;1;login blokir
2111;1;kali saldo sisain hilang limit endap biar isi sisa letak langsung tarik
2112;1;transfer dana bca saldo login hasil kirim mutasi
2113;1;verifikasi wajah
2114;1;akun login bank kontol
2115;1;erti password login masuk aneh hapus
2116;1;bug aplikasi
2117;1;bingung verifikasi wajah gagal bodoh ganti hilang langgan service suruh buka history
2118;2;verifikasi wajah gagal camera jernih video bca rumit tingkat
2119;2;bca kontol transaksi qris notifikasi salah
2120;2;salah masuk password kali suruh reset tunggu verifikasi muncul
2121;2;bca aplikasi guna suka mobile sayang lihat mutasi rekening batas update rumit kali salah langgan service login ulang verifikasi isi pulsa whatsapp email taut blokir
2122;2;isi flazz gagal saldo potong komplain rumit
2123;2;update tekan angka password lambat salah
2124;2;update buruk susah login respon lambat
2125;2;verifikasi wajah daftar
2126;2;bca blokir pencet kali
2128;2;bca password login suruh
2129;2;update selang password lihat play store pilih
2130;2;bayar qris gagal
2131;2;kecewa isi flazz gagal saldo potong tunggu login lupa harap dana otomatis mybca rugi nominal
2132;2;sumpah marah mybca kali transaksi beli paket data gagal saldo sedot gilir langgan service
2133;2;susah login ganti verifikasi rumit wajah hubung reset password lupa aplikasi
2134;2;akun bca bingung
2135;2;sulit buka mybca bank bca pindah saldo
2136;2;bangsat pilih opsi
2137;2;can find country for login kali
2138;2;bca saldo hilang
2139;2;mobile banking
2140;2;foto timbul wajah susah verifikasi
2141;2;macet salah
2142;2;ganggu transfer isi paylater
2143;2;aplikasi simpel fitur lengkap aman bca service curiga lambat bangsat palsu password isi saldo nfc qris transfer susah gagal salah sinyal buka lancar muat ulang bersih memori mobile jenis
2144;2;bayar qris transfer gagal password kng malu antre belanja bawa saldo mohon tindak
2145;2;kesal salah login desak marah
2146;2;jaring buffering
2147;2;verifikasi login via pesan email sistem buruk
2148;2;update hubung jaring lancar
2149;2;aneh password login user perintah
2150;2;buru butuh saldo obat
2151;2;transaksi aneh
2152;2;alami ganggu konsisten
2153;2;aplikasi salah transaksi susah
2155;2;zaman verifikasi sms whatsapp
2156;2;potong nyusahin
2157;2;malam transaksi kacau
2158;2;salah password login
2159;2;bintang layan bagus
2160;2;login alas salah
2161;2;suka ganggu
2162;2;bca blokir alas ganggu
2163;2;kirim verifikasi suruh tunggu menit
2164;2;cari login mybca komen
2165;2;buka rekening mybca mobil gilir lupa password bca
2166;2;bangsat transfer rekening pencet password lambat
2167;2;kirim aktivasi
2168;2;dihp buka
2169;2;sunguh kecewa sakit mybca login sengaja
2170;2;bca transaksi salah rumit
2171;2;mybca verifikasi wajah susah ampun sederhana bca mobile
2172;2;login suruh update perintah
2173;2;login lancar paket data kartu merah bank
2174;2;reset password bug poco hyper
2175;2;kirim verifikasi ulang suruh tunggu menit
2176;2;login mybca susah gagal verifikasi wajah bca beda bank belah
2177;2;lelah isi buka rekening password nyata tombol tuju pencet aneh
2178;2;saldo hilang password rekening endap mutasi terang
2179;2;bangsat login sedia ganti republik
2180;2;kerja salah heran
2182;2;susah bukah syarat penuh aplikasi bank bca
2183;2;mohon maaf bangsat login registrasi perangkat solusi
2184;2;malas rekening video
2185;2;fitur transfer valas hapus buruk sistem transaksi minggu saldo hubung langgan service gampang bicara suruh lapor bayar marah
2186;2;update wajah qris sulit bayar mohon
2188;2;transfer gagal
2189;2;maaf muncul daftar
2190;2;bangsat login ulang suruh pilih
2191;2;aplikasi registrasi rekening gilir verifikasi wajah
2192;2;password login sidik jari kemarin lancar
2193;2;fitur bagus lihat mutasi wajah qris transfer virtual akun ganggu
2194;2;susah login beda bca mobile
2195;2;buka aplikasi langsung pusing sebentar update
2196;2;verifikasi data kng macet
2197;2;update jaring bagus suka lambat buka lancar
2198;2;bingung potong kali kena
2199;2;password login blokir
2200;2;ganggu muat ulang
2201;2;bca pending transaksi
2202;2;rumit login email kartu atm biar mudah password tulis tabel isi padu huruf gara blokir bca pusat buka instan data buang
2203;2;bank alami tarik tunai saldo kartu tugas langgan
2204;2;lucu niat rekening tabung saldo minus kuras nol
2205;2;nyaman mobile banking lambat ganggu
2206;2;transfer pending minggu saldo
2208;2;nyaman aplikasi bri mobile
2210;2;beli redmi pad login mybca bangsat verifikasi wajah bca
2211;2;mybca bangsat kendala login terang
2212;2;lambat wajah qris mending
2213;2;paksa update marah verifikasi susah kacamata habis gagal lihat instruksi tulis
2214;2;suka salah
2215;2;jaring bagus salah
2216;2;dlu cinta bca tumben kirim saldo dana login lihat mobile banking transfer kosong santai tunggu salah jadi kemarin password indomaret bagus
2217;2;fitur verifikasi wajah kali gagal cahaya aksesoris hubung bca
2218;2;update versi login atur data paket
2219;2;bagus sayang rekening buka potong biaya rugi tutup
2220;2;jaring lancar password transfer disconnect data
2222;2;syarat registrasi online ktp asli dagang foto mohon
2223;2;verifikasi aneh
2224;2;aplikasi bug lupa bca password fitur reset forget potong pulsa solve failure
2225;2;buka aplikasi muat jaring bagus internet login mybca masya cepat susah transaksi
2226;2;point gebyar bca ratus hadiah
2227;2;transfer muat jaring bagus
2228;2;transaksi saldo login potong kali tanggal transfer rekening aneh
2229;2;update bangsat reset password akses login salah langkah
2230;2;banding seabank bri mobile rumit gampang
2231;2;suruh masuk
2232;2;susah transfer virtual akun mybca update
2233;2;aplikasi rumit update login
2234;2;stres update ganggu login notifikasi minggu develop susah publish localhost
2235;2;verifikasi wajah gagal untung diarahin video langgan service
2236;2;download mutasi rekening jalan detail transaksi jam cek aplikasi bank bumn warna biru ayo bca kualitas
2237;2;sukses bayar pajak download bukti setor otomatis paksa
2238;2;langgan service sopan
2239;2;habis update
2240;2;bug hapus ulang cache jaring stabil ntah selesai hilang aneh
2241;2;aplikasi butuh bug
2242;2;respon lambat langgan service suka jutek
2243;2;login langsung bug mohon solusi
2244;2;password upload foto buka kemarin bingung
2245;2;update lambat bug
2246;2;update ganggu
2247;2;habis update lambat
2248;2;transfer jam malam
2249;2;aplikasi suka lengkap paylater bca limit bayar bintang
2250;2;buka lambat aplikasi respon komen maaf solusi malam transaksi
2251;2;bca update saldo jaring
2252;2;habis update lambat login aplikasi aneh jaring normal pribadi
2253;2;semenjak update kemarin lambat bug baik
2254;2;semenjak update lambat berat
2255;2;update lambat
2256;2;update peras
2257;2;mybca buka
2258;2;update lambat
2259;2;always showing respon mybca redmi
2260;2;update mybca lambat lancar reinstal aplikasi
2261;2;habis update berat aplikasi geser lembut crash buruk
2262;2;update buka aplikasi
2263;2;update sulit login paket internet stabil tingkat layan
2264;2;sistem blokir aneh password salah susah
2265;2;berat aplikasi lambat download ringan lancar jaya susah buka muat
2266;2;update maret mybca lambat susah buka
2267;2;mybca lambat suka macet aplikasi kng tanggap update
2268;2;update versi lambat cek saldo
2269;2;semenjak update mybca susah buka
2270;2;update aplikasi lambat
2271;2;update versi mybca mind
2272;2;minggu penuh ganti login akun verifikasi wajah susah ampun hpnya salah aplikasi atur jas pencahayan lampu tembak kantor daerah
2273;2;update lambat lancar
2274;2;update lambat
2275;2;bca suka buka tutup aplikasi mybca respon paksa habis
2276;2;login kirim verifikasi aktif
2277;2;mybca lambat buka tunggu pokok jaring bagus
2278;2;aplikasi susah buka
2279;2;lambat aplikasi
2280;2;ulas aplikasi turun super lambat nyaman langgan service bot jaring teman aman ganggu
2281;2;login aplikasi buka mental
2282;2;update lambat kecewa
2283;2;semenjak update lambat login kng suka macet
2284;2;update aplikasi buka bagus buruk lambat berat marah jaring data internet lancar
2285;2;update lambat
2286;2;mybca lambat buka transaksi
2287;2;update lambat proses login transaksi
2288;2;update lambat
2289;2;minggu mybca login lambat alas sambung internet buruk jaring bagus ganti susah tanggap mohon bantu
2290;2;crash versi paksa henti memori google pixel
2291;2;buka aplikasi
2292;2;habis update lambat susah buka
2293;2;buka rekening putar pusing
2294;2;lambat gagal login bug berat bangsat aplikasi
2295;2;maaf update that lambat susah transaksi lancar
2296;2;habis update lambat suka freeze aplikasi kesal
2297;2;aplikasi susah buka
2298;2;pilih login mohon
2299;2;bca aplikasi update salah lambat transaksi
2301;2;update lambat
2302;2;mybca lambat
2303;2;update lambat aktivitas ganggu cek internet stabil jaring laku thank
2304;2;mybca salah buka mental solusi
2305;2;update lambat aplikasi
2306;2;lancar lambat habis update bolak ulang ujung salah mobile recovery dev mybca nyaman
2307;2;semenjak lambat
2308;2;semenjak habis update lambat login menu utama butuh menit kng langsung aplikasi
2309;2;update tulis bca dukung ulang buka
2310;2;berat lambat susah akses update
2311;2;aplikasi susah buka transfer bayar kesal mybca mudah buru nyusahin langgan
2312;2;update lambat ampun kecewa
2313;2;aplikasi mybca semenjak update lambat tanggap transaksi susah
2314;2;update lambat ulang buka aplikasi mybca tinggal langgan
2315;2;bca login password anggap salah blokir kerja aplikasi mohon bantu akun
2316;2;suka salah buka biar aneh
2317;2;update lambat buka aplikasi ampun
2318;2;update bug crash aplikasi
2319;2;rekening oneline
2320;2;selesai lambat update
2321;2;nama lambat
2322;2;lambat lancar jaya
2323;2;update kemarin mybca lambat serasa buka aplikasi berat tanggap lancar aman
2324;2;lambat update hati
2325;2;update lambat
2326;2;ulang jaring maju signifikan aplikasi mybca selesai kali jam
2327;2;update lambat bangsat
2328;2;lambat buka
2329;2;update lambat
2330;2;update buka aplikasi
2331;2;update bug
2332;2;bca login buka aplikasi
2333;2;versi lambat transaksi qris unggah file beranda otak
2334;2;update crash bersih memori susah transaksi
2335;2;nyoba verifikasi wajah gagal cahaya siang malam lampu dandan hasil
2336;2;kemarin notifikasi suruh update aplikasi lambat mybca tanggap kng
2337;2;susah login
2338;2;semenjak update buka aplikasi dukung ganti bintang
2339;2;sistem lambat mybca cepat kendala kelas bca
2340;2;bca aplikasi lambat ganggu transaksi
2341;2;lambat aplikasi transfer tunggu menit kng macet logo baik biar sumpah suka
2342;2;aplikasi lambat kerja mohon
2343;2;mybca lambat login langsung checkout retak banting gara marah aplikasi lancar hati komplain langgan
2344;2;mohon kendala aplikasi lambat
2345;2;susah ganti bahasa pilih kali download tekan
2346;2;aplikasi buruk
2347;2;update aplikasi lambat bagus
2348;2;update lambat evaluasi depa niat
2349;2;update kemarin mybca lambat transfer tunggu muncul aplikasi respon tong kualitas
2350;2;notifikasi update lambat password buka tulis tanggap
2351;2;lambat mybca
2352;2;mybca lambat bingung
2353;2;lambat update tunggu password buka aplikasi tulis tutup tanggap
2354;2;aplikasi mybca update langsung lambat resi
2355;2;update henti paksa login ulang bug buka
2356;2;mybca lambat
2357;2;update lambat tanggap
2358;2;semenjak update lambat muat
2359;2;setor tunai mobile banking
2360;2;lambat terkng buka
2361;2;aplikasi update lambat kartu paket data kosong memori arah komentar kali buka tulis respon tunggu cepat
2362;2;update lambat cepat aktivitas transaksi
2363;2;lambat update
2364;2;update buruk lambat harap normal beda versi nyaman
2365;2;update lambat aplikasi respon rumit kasar babi
2366;2;buruk verifikasi wajah
2367;2;mybca lambat sumpah password bayar tunggu login jaring bagus kualitas aplikasi
2368;2;update berat hapus download aplikasi mybca posisi buka cek ruang simpan kosong kantor bca cabang
2369;2;aplikasi lambat ampun update transaksi susah
2370;2;update kali lambat ampun kng aplikasi respon bintang bilang internet stabil adek
2371;2;proses verifikasi
2372;2;bagus bca mobile mybca lambat suka catat tanggap transaksi
2373;2;kendala update lambat buka
2374;2;update lambat kng kasir bayar kendala aman
2375;2;lambat download ulang solusi
2376;2;lambat update salah mohon cepat tangan ganggu transaksi
2377;2;versi aplikasi lambat transaksi
2378;2;lambat kacau
2379;2;maret mobile banking lambat login bayar minimarket tegur saking baca ulas kendala sistem jujur hambat giat bangsat
2380;2;lambat semenjak update cepat
2381;2;fitur suka kendala aplikasi login lempar klik sulit transaksi bca rekening sangkut cepat tingkat sistem kecewa guna
2382;2;update bagus lambat jaring stabil mohon
2383;2;lambat buka aplikasi pencet
2384;2;update maret bug kng aplikasi respon
2385;2;update lambat muncul aplikasi respon kng buka
2386;2;kelas bca aplikasi lambat
2387;2;update qris
2388;2;update berat ram
2390;2;update lambat sistem
2391;2;kelas bca aplikasi lambat ganggu transaksi
2392;2;akun logout password login aplikasi tanggap download ulang
2393;2;update aplikasi lambat solusi
2394;2;bca lambat hambat
2395;2;lambat ampun
2396;2;maaf lambat susah buka mohon
2397;2;semenjak update mybca buka salah lambat biar transaksi mudah
2398;2;aplikasi lambat ram update
2399;2;lambat muat ganggu susah transfer sistem kerja aplikasi
2400;2;transaksi mybca update otomatis aplikasi hapus
2401;2;kak kartu update aplikasi lambat tulis mybca jalan transaksi susah
2402;2;jujur lambat aplikasi lihat rating play store alami baik stiap transaksi qris
2403;2;lambat jaring stabil bangsat buka aplikasi aman mybca fitur lengkap muncul notifikasi tanggap mutasi rekening muat
2404;2;lambat malu
2405;2;update bagus lambat
2406;2;gara update lambat ampun transfer rekening bug astaga coder
2407;2;saldo login notifikasi aktif atur
2408;2;buka aplikasi update kali bca
2409;2;aplikasi bagus update lambat tulis respon
2410;2;aplikasi verifikasi susah suruh buka tengok kanan kiri kali gagal
2411;2;aneh aplikasi mybca login verifikasi wajah gagal kali lelah
2412;2;lambat aplikasi login update baik
2413;2;mybca verifikasi wajah tab support
2414;2;buka aplikasi mybca pencet aneh login transaksi susah peras bca respon
2415;2;lambat ampun bca henti
2416;2;aplikasi update lambat transaksi diam jaring internet bagus lancar jaya
2417;2;aplikasi mobile banking aneh dunia password verifikasi login gagal kali rekening buka
2419;2;lambat cek saldo susah
2420;2;update tampil
2421;2;semenjak aplikasi lambat lancar bca mobile
2422;2;susah verifikasi wajah opsi foto bca kena galeri paksa pikir kamera bagus situ pindah saldo fitur
2424;2;malam update mesti aplikasi buruk beli pulsa
2425;2;password cari solusi ganti bintang
2426;2;habis update buka bagus lambat qris bayar muat login
2427;2;alami aplikasi super lambat update buka
2428;2;kirim verifikasi email
2429;2;update lambat mohon
2430;2;maaf bintang daerah bangka mesin langgan service digital kartu atm rusak pasang manggar
2431;2;mybca suka blokir bintang mod bca
2434;2;update bosan aplikasi mybca lambat bug thank
2435;2;sayang sen kartu atm kirim rumah kantor cabang potong biaya kena kali
2436;2;password login langsung suruh masuk
2437;2;verifikasi wajah gagal mesti video
2438;2;saldo potong notifikasi transaksi pemberitahuan
2439;2;sumpah akun kali login isi dlu pulsa log kesal
2440;2;update buka aplikasi bosan ulang maksud ganggu ganti lambat bank dukung rumit mudah
2441;2;kelam resah update
2442;2;pemberitahuan update takut lambat
2443;2;transfer saldo bukti mutasi bca
2444;2;potong saldo ribu kng butuh
2445;2;bca blokir
2446;2;malam minggu bayar tunggu subuh
2447;2;mutasi saldo login ribu
2448;2;update posisi jaring bagus storage
2449;2;update buka jaring
2450;2;mybca tulis salah sila
2451;2;login kemarin aman paket internet
2452;2;salah update
2453;2;habis aplikasi merah transaksi hijau klik gagal lambat
2454;2;login salah jaring lihat whatsapp instagram netflix lancar aneh
2455;2;login mybca salah sila ulang suruh kasi password bca
2456;2;update buka tulis salah sila
2457;2;kak mna bolak lihat rating aplikasi lambat buka ulang bug kali desak marah mudah bkin
2458;2;verifikasi login pulsa susah akses bank mobile bca
2459;2;kacau update lambat buka muat login
2461;2;habis update transaksi gagal saldo
2462;2;layan sayang bayar mahal makan pulsa
2463;2;kartu atm lupa paspor
2464;2;buruk aplikasi login kali ganti mode pesawat normal biar password transfer bayar qris kng malu jaring lambat
2465;2;maaf kasi bintang verifikasi akun pulsa password nyoba login suruh tunggu saran update bangsat andal pesan sms whatsapp alternatif
2466;2;buka rekening online password suruh wajah bantu
2468;2;aplikasi macet jaring lancar nyoba kali transaksi bingung buka biar normal
2469;2;aplikasi gaji potong pemberitahuan
2470;2;blokir kali login password masuk sistem
2471;2;mybca kemarin login update versi
2472;2;aplikasi buruk registrasi gilir login halaman daftar
2473;2;tumben potong transaksi
2474;2;login bug aplikasi
2475;2;bca blokir masuk password login
2476;2;update verifikasi login akun ulang kali gagal layan
2477;2;buka muat login verifikasi pulsa ribu
2478;2;verifikasi wajah aplikasi
2479;2;log beli pulsa
2480;2;transaksi buka qris main menu
2481;2;salah sistem
2482;2;bolak login tulis sesi habis kacau
2483;2;verifikasi wajah gagal bri mobile sinarmas langsung susah malas bank kendala
2484;2;login akun pulsa verifikasi rumit
2485;2;suka blokir salah sidikjari kali minggu bca
2486;2;buruk sulit buka mybca kali
2487;2;transfer saldo dana mybca login malam
2488;2;download buka mybca bca mobile
2489;2;potong biaya notifikasi rinci detail saldo aktivitas mutasi rekening
2490;2;maaf login akun masuk bca password bug jaring
2491;2;gara pindah rumit verifikasi gagal langgan service hubung password angkat mati bilang reject lucu
2492;2;verifikasi whatsapp
2493;2;mybca lambat jaring penuh login muat
2494;2;samsung terang perangkat hubung bca
2495;2;update lambat
2496;2;gagal login biometri sidik jari
2497;2;kak puas mybca berat astaga jadul
2498;2;update bca blokir
2499;2;login mybca masuk registrasi lucu
2500;2;aplikasi login terang bca blokir password takut salah ujung langgan service hasil bayar kirim transfer rumit
2501;2;security bank bca usaha layan bagus kantor nusa balas buruk ganti kartu bantu cari tutor gagal bodoh bilang spanduk contoh n pergi
2502;2;topup saldo pending
2503;2;verifikasi muncul
2504;2;lambat tangan bayar qris gagal saldo atm lapor kali hasil suruh tunggu parah stop bank
2505;2;aplikasi bagus masak saldo jarang
2507;2;saldo rupiah isi ribu
2508;2;aneh aplikasi status gagal bayar saldo hilang ambil refund
2509;2;transfer dana nama sensor sulit gopay
2510;2;atur bahasa aplikasi klik
2511;2;update crash apnya
2512;2;bca mobile update klik mybca rumit video angkat buka aplikasi butuh transfer
2513;2;bintang barusan bayar qris saldo login
2514;2;kelas bca qris suka hasil saldo kecewa
2515;2;transaksi qris saldo potong gagal hasil bca buang bank aplikasi salah
2516;2;lambat mutasi bayar gagal saldo potong
2517;2;transaksi gagal saldo
2518;2;saldo transaksi gagal potong selesai cabang malas serba digital online
2519;2;bayar qris tulis gagal saldo potong hapus akun ganti bank
2520;2;bayar qris gagal saldo potong transaksi
2521;2;bank bca hormat keluh rugi pribadi transaksi bayar qris gagal ulang kali nominal saldo total
2523;2;qris salah kali transaksi gagal saldo potong jam mybca notifikasi aneh
2524;2;update bagus
2525;2;malam transaksi qris gagal jam saldo
2526;2;mybca saldo hilang transaksi qris bca gagal mohon rating
2527;2;ganggu password qris saldo transfer gagal hasil hilang tangan muas
2528;2;transaksi qris gagal saldo
2529;2;login masuk aneh
2530;2;rekening bca registrasi mybca staf informasi biaya potong ribu kali kartu jenis tahap blue aneh sesal atm
2531;2;suruh hapus password download login pilih negeri gilir update
2532;2;maaf bintang download bank sid kecewa registrasi investasi mesti kantor cabang bri jago langsung pergi fungsi aplikasi arah mudah broker aman tampung bca rumit
