rating,review
1,"servernya tolong di benerin ini transaksi gua kok prosesnya lama bet, gimana dah"
1,TF seabank ke bca ga masuk masuk udah dua Minggu
1,ngebug terussss
1,"parahhhh, gagal terima otp padahal pulsa utama udah kesedot, malah nyalahin telko.el yang bermasalh, "" apabila telkomsel tidak bermasalah ,aplikasi kami my bca juga pastinya tidak bermasalah "" yakinnn???? tolong dibaca baik baik review user setelah update,sepertinya developer my bca yang bermasalah"
1,jelek bener gangguan mulu
1,"bintang 🌟 1 aja, soal nya tiap ada transaksi bayar qris atau transfer atau uang masuk nggak ada push notifikasi nya, masa harus buka aps lagi supaya cek uang masuk, fitur aktifkan notifikasi sudah di nyalakan di dlm aps maupun di pengaturan ponsel, tapi tetap aja nggak ada push notifikasi yg bunyi uang masuk atau keluar"
1,blm tau
1,"tolong dong diperbaiki. kemarin mau tf uang sempet gagal, dan masuk aplikasinya susah."
1,aplikasi paling ribett timbang apk mbanking lainya
1,Gimanasih mau login bcaku aja pas milih region gada +62 gada pilihan nomor Indonesia aneh
1,Ga bisa verifikasi data
1,buruk bgt sih pelayanan costumer service nya susah bgt di hubungi nya udh Berjam-jam nungguin
1,riber verivikasinya
1,"lgi urgent malah gangguan, please lah"
1,"kenapa saya sulit login terjadi kesalahan coba lagi mulu, aduh mau transaksi jadi ga bisa ini"
1,"aplikasi tolol, update malah turun performa.... Sering terjadi oops..Terjadi kesalahan... makin kesini makin jelek digital bca"
1,baru kali ini masuk mbanking ribetnya minta ampun segala video call lah
1,"harusnya tidak hanya kode otp,bagaimana jika kartu hilang atau kekuar negri nmr tdk aktif,roam tidak nyala,mau claim oake kode otp g bs,pakai cara kirim email kek,atau wa juga bs,g harus KODE OTP,jaman udh modern kok masi kode OTP lewat SMS"
1,pelayanan cs tu gmn ya buat rekening dia atas 20:00 kok lama
1,tidak bisa login dengan finger setelah update ke android 16
1,"tiba² keluar dari aplikasi , dan dimint amasukan no atm , sedangkan saya tidak memakai atm fisik , ke CS gak ada 7jung penyelesaian semog ke kantor cabang ada solusinya"
1,layanan cashflow apa sih itu kepotong 17ribu detail nya goggle play
1,parah bug super lelet
1,Makin parah.. Kode otp tk pernah masuk sampai2 berulang kali saya coba .. ga ada solusi kah untuk ini .. posisi saya diluar negara ingin cek saldo saya .. biasanya login dapat karna skrng otp ga ada gimana cara loginnyaa .. mohon bantuannya
1,Lambat waktu mau bayar pakai qris
1,"mau buka rekening gabisa terus heran sama syarat nya, padahal udah 100% mirip sama yang disuruh lakuin tetep aja gabisa bisa"
1,"ga mobile bca ga mybca sama² rusak apknya,di daftarin berkali kali kaga bisa²,mendingan ga usah di pake aja tuh apknya,udh banyak yg komplen di penilain playstore buknnya di perbaiki malah di diemin,apk kacau!!!"
1,"gaktau fungsj si bca mobile my bca ini apa, perasaan staff buka rek online nya di rekrut khusus, bank lain bahkan gak punya. tapi BCA, sumpah RIBETTT & LAMA BANGET !!!! perlu surat ket. kerja diminta, ngisi ulang data berrrrkali2 salah. bahkan ampe surat nya di tdt pimpinan tertinggi seklipun masih mau minta wajib di KOP. wajib cap lembaga. Memamg seperti ini surat dari lembaganya, masa mau minya custom. Bener2 habis energy capek webny jg selalu bilanf fotonya buram pdahal jelas, web mu rabun"
1,"halo ka, sya pelanggan setia bca, sya dsnih mengeluhkan knp ad perbedaan antara bca expresi dan lainya, klo yg lainnya ketika kartu bca keblokir hilang atau lainnya, tapi mbangkin atau mybca masih berfungsi ini knp tdk bisa.sungguh ya menjadi kesuliatan krna msalah ini, sya memblokit scara mandiri via mybca krna krtu sya hilang, tapi knp mybca sya juga kblokir atau tdk bs di gunakan, sunggu sya tdk hbis pkirr, knp ad perbedaan antara expresi dan tipe yg lainnya..mohon tdk menyulitkan custemer ka"
1,"Sering sekali pending/lemot untuk membuka aplikasi, tolong dong perbaikannya"
1,CS nya tidur yaa saya mau bikin rek untuk video call tidak di angkat angkat
1,agak laen ini aplikasi kode no negara indonesia gak ada..
1,update mulu busettt dahh ngapa yaaaa
1,aplikasi konyol cuman karena sinyal hilang terus aplikasi gw refresh akun gw kok jadi logout mana login harus minta otp mana cs nya lemot lagi udh telpon gak diangkat2 diminta WA malah gak di bales² sampe mengetik kasar baru di bales udah gitu pas minta bantuan gak di bales lagi emang payah ini aplikasi mending balik lagi ke m banking pokoknya kalau sudah punya m banking jangan download ini aplikasi
1,pake qris 3x gagal tapi saldo sudah berkurang monyet bca mana tanggal tua hubungin cs gada respown
1,"anehh ,, bcaa, di apk pas transaksi gagal, tapi kq bisa bisaanyaa saldo kepotong , kocak"
1,apli kasi tidak jelas suka keluar sendiri sering suka mau di firpikasi terus .bikin riber terkadang orang mau cepat jadi ter thnda gara hal yg bga jelas
1,aplikasi tolol
1,"apk bego tololl, ribet kagk jelas"
1,"saya jarang ngasih review buruk. tapi log in susah, cek saldo susah, udah kebangetan. saya revisi penilaian jika sudah diperbaiki"
1,"aplikasi tolol, mau daftar buat akun ga bisa"
1,selalu dan terjadi terus. kenapa setiap saya masukan password selalu salah. padahal waktu itu saya sudah catat
1,"Kecewa,, ga bisa di instal di andoid lama"
1,Lemot..... dan ini malah gak bisa dibuka mencret emang
1,"di sudah login. di verifikasi gagal terus berkali"" mau sampe kapan ini dan lemot banget"
1,Saya ingin buka rekening baru kok susahnya minta ampun ya soalnya foto wajah gak ada koneksi terus mengisi No. NPWP dianggap kurang angka padahal udah sesuai 16 digit tolong diperbaiki secepatnya ya Min 😭
1,"parah semenjak update malah gak bisa login ,tolong perbaiki dong min, masa ke blokir Mulu parah nih apk"
1,"lamaa bgt ya allah ,nelpon cs buat buka rekening bisa 40 menit nunggu doang"
1,"lama x kalau beri kode otp, ga di beri"" sampe sekarang"
1,"ini maksudnya gimna yah, saya udah berkali-kali verifikasi kok gagal terus, katanya data E KTP saya TDK sesuai padahal udah sesuai loh, kok ribet banget sih sekarang. mau informasi ke Halo BCA eh harus pakai pulsa dlu, giliran udah pakai pulsa cuman dikasih info hati2 penipuan kan sia2 pulsa saya woi. ish malas sekali aku"
1,"aplikasi anjinggg,dikit dikit verifikasi dikit verifikasi,udah lemot lagi,lebih bagus bca mobile"
1,aplikasi longor
1,"penarikan dari bank ya susah,,gak worth it seolah² orang mau penipuan aja,,padahal udah jelas² ada TTD cek langsung masih GK percaya,,BCA KCU BENGKULU !!"
1,"Halo, bisa nggak tambahin opsi lain untuk mengirim otp, jgn lewat sms doang"
1,tiap sebentar minta pembaharuan.. bosan. dan sangat mengganggu..kadang sehabis pembaharuan..gk bisa di buka krn lupa paswor dll.. Hubungi halo bca..bisa menghabis pulsa sampai 50 rb.. saya dah brp kali kena begitu... kalau bisa matiin tu pembahruan.. gk ada guna
1,aplikasi gak jelas padahal udh di upload apknya tapi suruh update lagi kocak
1,kode indonesia tidak ada
1,aku donlot gada uangnya
1,berbeda dg yg tertera dilembar panduan credit card jadi susah
1,"Bug force close di tab masih belum diperbaiki, padahal dilihat dari ulasan sudah ada yang bilang dari beberapa tahun lalu. Kayaknya dibiarkan gitu aja, gak diperbaiki sama sekali."
1,NAJISS!! TBTB KELUAR SENDIRI MAU MASUKIN KODE OTP GADIKIRIM² BIKIN MALU AJA !! ORANG UDH TINGGAL PEMBAYARAN!! NAJIS NAJIS!
1,kenpa verifikasi wajah nyan sering gagal tolong d perbarui karena sanga2 ngebug dan lelet saat verifikasi wajah yg berakibat gagal
1,"kenapa pas transfer sesama rekening BCA selalu pending, di keterangan berhasil namun uang tidak sampai ke penerima.... tolong dong solusinya"
1,makin ke sini aplikasi makin gak bagus
1,"sangat buruk sekali nyesal saya pakek bca, kenapa tiba"" minta ganti sandi"
1,"ini kenapa setiap login, sesi habis Mulu sih"
1,kenapa sering eror sekarang.. kaga jelas
1,"muncul notifikasi update, setelah di update selalu error dulu awal sebelum ada update tidak pernah sama sekali bermasalah."
1,"knapa kok setiap logi, pss udah bener. kok tbtb keluar dgt tulusan sesi anda telah berakhir?? tolong minnnn"
1,"ini gimana saya mau log in tidak bisa terus,setiap masuk keluar sendiri ""sesi log in sudah habis"". perasaan sudah update terus tapi tetep ada aja problemnya"
1,"selasa, 28 April 2026..jam 16.25 kenapa tiba-tiba nda bisa di buka ????"
1,"eror ga bs kebuka, close sendiri"
1,login berkali2 gagal ada tulisan mohon maaf sesi anda telah habis maksudnya gmn sy sdh di depan atm ajg
1,Tiba-tiba saja ada gangguan. terus mau login lagi ID terblokir. hadeh. padahal sudah rajin update tapi makin ke sini malah makin kacau. bikin gak nyaman.
1,dari semua m banking jujur ini yang paling ribet
1,"tolong di cek knpaa setelah di update ko pas log in tiba² langsung kaluar , dan di coba berulang ulang tetep masih sama kaya gitu . knpaa ya"
1,"aneh bgt sekelas bank harus login pake ""Data Selulerrrr"" come on bro.. this is 2026. everyone use wifi"
1,buka tabungan aja susah bnget sihh🥲😭
1,Kecewa karena sekarang tidak bisa berjalan di hp saya karena aturan OS hp saya masih versi 7.0 coba buat develover turunin lagi syarat kompatibel nya minimal OS 6.0
1,padahal ID dan fasword BCA m-banking tidak pernah saya ganti2 tapi kenapa koq ketika pakai my BCA gak bisa masuk. jadi heran saya. aneh juga ya
1,"mohon maaf,makin kesini makin buruk.yg awalnya login cukup pake biometrik,skrg ga bsa.ada kesalahan trus.dan hari ini,seharian gagal trus mau bikin m banking,ribet nya mnta ampuuun"
1,baru di gunakan 1 Minggu gak bisa lagi... capek down load terus
1,mo masuk kok kode negara Indonesia kok gak ada...nyesel download aplikasinya... GK jelas...bikin pusing... hapus aja lah 🤦‍♀️🤦‍♀️
1,gk jelas dikit dikit ID my bca ke blokir tiba tiba. gk jelas bangt BCA makin sini. udah saat nya harus pindah bank ini mah.
1,pasword id kadang tidak bisa di gunakan kadang bisa kadang tidak bisa padahal pasword sudah benar di BRI lancar jaya AQ angkat di RUPS nanti selain nasabah AQ juga pegang saham BBCA Dan BBRI
1,INFO PENTING YG GUNAKAN APK INI SARAN SAYA JANGAN PAKE APK BANK BANGASAT INI SYA MINTA OTP VIA SMS BIAYAA ADMIN NYA BESAR WALAPUN DI KIRIM LAMBAT WAKTU TUNGGU CEPAT SAYA SAMPAI 11 KALI MINTA OTP PASTI KE HABISAN WAKTU INI APK MISKIN ....HATI HATI PENGGUNA APK INI KLO ADA SALDO BANYAK TERIMAKSIH TOLONG DI BACA INI TEMAN KU
1,"Ngga bisa Login tulisannya proses verifikasi tidak dapat di lanjutkan, m banking terparah dari bank lainnya"
1,setelah update makin LEMOT ! Bikin malu klo pas mau melakukan pembayaran 🤦🏻‍♂️
1,Qris tap untuk naik MRT selalu ada masalah
1,"aplikasi cacat, untuk vitur finger print error. kalau bagian IT nya tidak becus pecat saja dari bank bca. buat apa ngrekruit orang yang tidak bisa maintenace"
1,verifikasi gagal terus tapi pulsa tetap berkurang
1,kurang bagus...mudah terblok
1,apk gajelas udah ke potong 10rb malah mau tr ke akun ewalet di sebut saldo kurang gajelas padahal saldo ada 92.90rb
1,"aplikasi apaan?...mau buka rekening seusah nya setengah kiamat, pas mau foto wajah malah gak bisa...ada muncul terus tulisan ""please turn off devloper mode""...gw mau foto bukan mau pengaturan...aplikasi bodoh."
1,"sama saja tidak bisa login seperti di halo BCA cuma stuck saja , ada keterangan untuk mengupdate aplikasi mybca di playstore, padahal sudah versi terbaru setelah di klik stuck di situ pdhl koneksi stabil, ribet."
1,"ini kenapa sih mau bikin rekening online aja susah banget padahal data data udah di input tapi proses verifikasi wajah ga pernah bisa setiap mau verifikasi wajah pasti keluar apk, sebenernya kenapa ini salah satu bank terbaik tapi kok pelayanannya kayak gini bikin kecewa aja calon nasabah ahh payah. mereka ngebales komentar tanpa ada perbaikan hadehh tolong dong developernya kerja sedikit"
1,my BCA ini aneh verifikasi wajah pake hp sendiri g bisa giliran ke bank bisa brati bisa di manipulasi sistem bobrok bgt
1,sekarang jadi semakin lemot
1,"update terus tp sistem gk perbaiki... lambat, mana responnya cm mohon maaf bla bla bla"
1,Pelayanan lama
1,lemot parah .suka error
1,apl lemot setelah upgrade tolong diperbaiki
1,sangat buruk!! meminta kode verifikasi OTP tapi baru mengirimkan setelah 2 menit meminta. sangat buruk sekali
1,bank paling ribet dan gak transparan nyesel buka rekening di bank ini
1,ga pernah nemu aplikasi m bangking seburuk ini
1,parah masah kode +62 ga ada konyol
1,payah sekali untuk proses verifikasi Bank sok orang kaya
1,PARAH.... LOGIN BOLAK BALIK SAMPE CAPEK TAPI GAK MASUK MASUK
1,maksudnya gimana mau login kok phone number blocked
1,kebanyakan pop-up promosi di halaman depan. LEMOT !!! bikin berat aplikasi. udah lah.
1,aplikasi lol.. buat verifikasi wajah saja ndak bisa..
1,GK mbking nya GK my BCA nya GK ada yg bisa d gunakan knp ini padahal udh punya rekening tapi GK ada yg bisa d gunakan
1,"gimna sih ini log in keluar mulu . hari ini jum'at 24 aprl 2026. sudah di update. login. keluar lagi, gak bisa transaksi kalo gini. gimana sih."
1,semakin lama semakin tidak kompeten nih aplikasi 😌
1,parah banget sekarang
1,aplikasi rusak OTP gak ke kirim sampai 2kali beli pulsa
1,"belum ada seminggu update, minta update lagi, tapi makin lemot parah"
1,"Aplikasinya jelek sekali, mau reserst pasword tinggal nunggu kode otp ga muncul muncul, buang buang uang buat beli pulsa!!!"
1,"masalah terblock saat login , padahal sudah benar passwordnya masih incorrect"
1,"Heran sama BCA. Setiap ada masalah, sulit sekali ujungnya diminta ke bank bank terdekat. sesuai tertera di menu bantuan, bisa kontak CS langsung untuk pembukaan kembali akun blokir. ujungnya diminta ke bank terdekat. setiap ke CS bank BCA, diminta pengkinian data lagi, heran. padahal semua data rahasia sudah sesuai. saya juga pakai aplikasi bank lain, bank mandiri, bank jabar. mudah sekali sangat membantu. kontak CS bca seperti kontak CS AI, terlalu percuma sangat tidak membantu."
1,"ga jelas,"
1,KENAPA MYBCA KODE NEGARA INDONYA HILANG? CARA LOGINNYA GIMANA?
1,"gak jelas MyBCA ini, setiap ada saldo yang masuk selalu kepotong. nyesel pake BCA sekarang. baru tgl 17 april ada yg tf kepotong 34rb, hari ini ada yang tf kepotong lgi 19rb gak ada mutasi kepotong apanya. sumpah gak jelas banget motongin mulu duit orang. kalo admin bukannya 1 bln sekali kepotongnya itu pun 14rb"
1,ini mana kode negara nomer telpon indonesia kok gak ada jadi gak bisa login
1,Aplikasi berat dan Lelet kaya bekicot...
1,kenapa tdk kompatibel di perangkat saya tah
1,"pembayaran qris ga masuk tapi saldo kepotong udah hubungi bca tapi penanganan nya lama parah !!! seminggu saldo ga kembali dan di merchant msh blm nrima dana dr gw, bca busuk !!"
1,"Sekelas BCA kualitas aplikasinye kek smpah! transaksi lemot, kadang transaksi gagal tapi berhasil transfer dan pembayaran qris bikin kita kek mau nipu merchant lama minta ampun,gagal dan lelet bgt kasir sampe liatin kita terus d kira mau kabur"
1,aplikasi jelek lamban dan scan qrish sering error. Malah lebih bgs bcamobile. untuk aplikasi mybca👎.
1,"kalo salah atau lupa id sama pasword masa salah bberapa kali langsung di blokir , harus ke kantor nya segalaa buat apa ada aplikasi kalo gitu"
1,"lagi eror kah? sejak kemarin, logout sendiri, terus ketutup sendiri, ga bisa dibuka, uninstall, install ulang, masih sama kyak gitu kondisinya, ga bisa dibuka, ketutup sendiri"
1,ini udah instal di 2 hp kok saat konfirmasi masukan kode negara mosok negara sendiri Indonesia gak ada?! aneh ni... coba dibetulkan dong aplikasinya kalau udah bener tak ganti rate bintangnya...
1,Bank paling ribett
1,"skarang jadi lemot bgt, semenak update"
1,aplikasi jelek
1,update apalagi ini mau bikin tambah lemot? mau bikin tambah susah buka m banking?
1,"kata gw mah benerin servernya. suka banget susah login ngestuck di halaman masuk padahal udah periksa sinyal & tes mbps sinyal bagus loh gak ngelag/lambat (pake data+wifi sama aja hasilnya kadang). udah update berkali² tapi masih Nemu aja masalah yang sama, emang servernya aja suka bermasalah, sering bangetttttt kalau lagi transaksi gabisa login karena servernya gajelass, malu bgt gilak ditungguin & diliatin orang karena lemottttt parahh masuknyaaaaa!!"
1,"Salah sandi 3× m-banking langsung terblokir, mau buka blokir ribet harus vc pake aplikasi Hallo BCA"
1,aplikasi semakin ga jelas saldo saya selalu ke potong sebulan 2 kali kepotong
1,"udah update, masa minta update terus si?? setiap login minta update terus.. aneh benerrrr"
1,utk pelayananan pembuatan ATM krg baik mohon diperbaiki
1,aplikasi lemot bgt
1,rekening ga permah dipakai sekali dipakai duit langsung habis kena biaya layanan mana ga ada pemberitahuan... hati hati mending pakek yang lain aja!
1,tgl.14 baru update giliran lemot nyaa parah ..he skrng tgl.20 sudah di suruh update lagi ajaaa.....yang ada makin lemot aplikasi my BCA... Bukan nyaaa di benerin dulu yg sblmnya
1,"GAJELAS BANGET APLIKASI NYA, DARI PAGI MAU MASUK TULISANNYA TERJADI KESALAHAN MULU.. PADAHAL PASSWORD UDAH BENER MASIH AJA GA BISA MASUK!!! LAMA2 MALES PAKE BCA TERLALU RIBET GAJELAS!!!"
1,uang ilang mulu
1,"qris nya gak bisa, padahal pake e wallet/bank lain bisa."
1,bayar pakr qris kena biaya 2rb. kebnayakam biaya skrg
1,ini kok ga bisa sih atm nya opps coba lagi mulu.. busuk banget
1,"seringg erorr dan update terus terusan plis lah bikin aplikasi yang stabill dong ga perlu gonta ganti fiturr teruss, saya lagi mau bayar malah eror aplikasi nya"
1,"pengalaman buruk pemotongan gak jelas, setor tunai tiba"" dipotong apa"" dipotong, kalau dipotong seribu atau dua ribu oke la, ni dipotong 20/50, seenak nya gak mikir orang lagi butuh uang atau gak, admin nya diminta solusi gak ada yg jawab lucu"
1,"aplikasi kemarin gangguan, saya coba install ulang minta otp ga bisa2. saya minta bantuan ke hallo BCA juga ga ada solusi. malah kesannya di limpahkan ke provider nya. ga banget ini aplikasi sumpah"
1,tolong ini apknya jadi lemot gini ya.
1,KINERJA UNTUK PENYELESAIAN MASALAH TRANSAKSI KURANG CEPAT ALIAS LAMBAN.
1,setelah update malah enggak bisa di buka my bca katanya salah passwod
1,admin ini saldo saya transaksi gagal tapi kenapa kepotong dan duit nya pun gak masuk kepenerima
1,BAD
1,plis lah jangan jdi ribet klo udah updte
1,Tidak cocok untuk saya yg serba hemat
1,app makin gaje !!! bukan nya nambah mudah malah buat makin susah !!!! lemot !!!!!!! app suka kluar sendiri
1,diupdate makin lemot gk jelas gk semua hp nya baru ram gede
1,apk ajng pembukaan rekeng ribet nya ampun benerin fitur scan muka udah seterang sejelas sejauh gimana juga tetep aja ga bisa RIBETTTT
1,"sering banget terjadi kesalahan dan coba lagi, padahal jaringan bagus sinyal aman tp selalu aja begitu, dan padahal pun udah update pun ttp begitu. malah minta dipastikan hadeh... padahal keluhannya udah jelas di aplikasi"
1,potongan muluu kacauu
1,"kacau abis update malah tidak bisa masuk, jaringan error."
1,g bsa d.buka sangat terganggung untuk rmtransaksi
1,ini apaan si abis update jadi error kaya gini
1,ini kenapaa gaa bisaa di bukaaaaa
1,"apk kok eror terus, habis itu d blokir. repot harus TLP TLP trus"
1,ada apa dengan mybca hari ini kok gak bisa login....
1,habis di update kok ngelek banget sering trouble
1,"kok malah eror, gak bisa masuk sama sekali. minta tolong donk di perbaiki"
1,"mutasi biaya admin saldo ngendep gjls. asal potong aj.biaya admin 14rb ad lg biaya admin 5rb. kdg sbulan 2× keptong kepotongny kpn, tp mutasi kepotongny beda tgl."
1,"kenapa hari ini tidak bisa login... selalu Oops terjadi kesalahan silahkan coba lagi.. , padahal internet normal quota banyak buka aplikasi bank lain juga bisa kok aplikasi mybca gak bisa dibuka.."
1,aplikasi sampahhh
1,"setelah update malah trouble, tidak bisa login via biometrix dan tidak dapat cek saldo/mutasi rekening"
1,"ini kenapa nda bisa di akses, habis setor tunai pakai cardless bisa, mau transfer malah eror, dari cs nya cuma bilang, coba secara berkala, pasti di coba terus, karna duitku disana. solusi apaan, gak usah pakai aplikasi²an kalau gini. LOL"
1,ini gimana habis update mau masuk ke akun terjadi kesalahan Mulu tolong donk perbaiki
1,"gabisa log in,tulisan ""terjadi kesalahan"" terus ."
1,Parahhh jaringan sudah sangat stabil tetapi gangguan seharian tidak bisa login. kapok semuanya jadi rancau
1,"lagi lagi dan lagi di waktu genting gabisa di pake ni aplikasi, cobalagi cobalagi ajaa"
1,parah. pantesan dari kemaren kemaren males betul buat update. eh ternyata bener. setelah update. bener bener lemot. mau buka mbanking mau TF astagfirullah bener bener susah. selalu ada keterangan oopss... terjadi kesalahan. silahkan ulangi lagi. bener bener muak lah
1,"APLIKASI TOLOL, TIBA2 EROR GK BISA NGAPA2 IN.. KEBIASAAN"
1,sering error
1,"kalian suruh kmi pastikan jaringan ini lh itu, udh berapa HP mintak hotspot supaya masuk di MyBCA, tetap juga gk bisa masuk oops terjadi kesalahan makin lama makin lemot aplikasinya"
1,setelah di-update kok gak bisa login ?
1,tolong truntuk bca udh diperbaikin kok makin jelk aja sistemnya IT nya bisa kerja apa ngga yahh kalo ngga pecat aja
1,tolong diperbaiki secepat nya ini tidak bisa lihat mutasi
1,susah login abis di update....
1,gak bisa login
1,ada baik nya jngan keseringan update dari 1 tahun misalkan 2x update saja ini sebulan sekali ...mau payment buang waktu harus update dlu
1,"update mulu, aplikasi gak jelas!"
1,"hbis updat ,malah gak bisa masuk ,terjadi kesalahan ,mohoon di perbaiki segera ,soalnya butuh buat beli barang"
1,"ini yang bener ajaa lah aplikasiny ""terjadi kesalahan mohon coba lagi"" apaan yg d cobaaa bikin ke blokir aja bca id gw"
1,update terus malah eror. gimana sih ini? tolong setiap update eror g bs semua
1,"ini bca knp sih, selalu ganguan pas lagi butuh"
1,"jaringan internet tidak ada, padahal pakai wifi, kenapa yaaa aneh banget"
1,"gabiaa dibuka, something qent wrong mulu brengsek padahal duit gw disitu mau segera dipake."
1,apani tiba tiba gabisa dibuka
1,"tulisannya Opps something wrong. benerin dong, kalo ga kita uninstall permanen"
1,"EROR TERUS apaan ini yarus otp terus PULSA kesedot gak jelas berkali2 yg bener donk pihak enginer nya woi!!! lu kate akun2 gaming,"
1,aplikasi error mulu
1,"aplikasi error, bikin emosi doang gara2 error bikin akun smpe 3 kali. buang aja aplikasinya ini BCA"
1,"minta update giliran di update error, langganan banget gini dah pas banget perlu"
1,yang benerlah apaa maksudnya. sinyal bagus tapi login aja gak bisaa. gangguan mulu abis update. kaloupdate tuh yg bener
1,"sumpah setelah update gabisa masuk selalu ada bacaan""oops silahkan coba lagi nanti"" jaringan aman, restar udah asli keganggu"
1,sangat aneh! update bukannya makin bagus malah makin jelek! yang bales ulasan juga bot! lebih bagus mbanking dibanding mybca!
1,kode negara ko gk ada Indonesia yah
1,IHHH MASAAA ERORRR TERUSS SIHHHH HUHHHHH PADAHAL PALING SUKA MAKE MYBCA
1,"masa mau login gk ada kode negara Indonesia,"
1,"vermuk berkali kali tapi selalu gagal endingnya harus vicall operator pulsa sudah banyak terpotong untuk otp ""sekelas penanganan bank BCA sangat menyedihkan"" 👎🏼👎🏼👎🏼"
1,"sering perbaikan,waktu urgent malah gabisa dipakai. bank ini sering perbaikan saya sarankan pindah bankain."
1,payah giliran butuh mendesak malah pemeliharaan kamprett
1,BCA kok 2 hari tiap kali jam 00.00 - 04.00 selalu trouble sih . gimana sih. padahal orang kerja juga tiap hari tiap saat tiap waktu
1,apaan ini pemeliharaan sistem sampai 4 jam?
1,"asu giliran mau tarik tunai malah ada pemeliharaan ,,"
1,kalo maintenance jangan di weekendd tololl
1,gangguan kok sering
1,pas mau login dan masukan nmr telpon tapi kode negara indonesia gk ada kocak
1,kacawwwwwwww ga bisa login setelah update 🤘🤘🤘
1,"parah nih bank online, duit gw masih ada di sisain Rp 1000 lintah darat banget, kapok lah nabung di sini"
1,saya juga kesal baru saya download login tapi kode otp belum ada akhirnya rugi beh autopusing 🗿🗿🗿🗿🗿🗿
1,sering gangguan. lemot. ga bisa transaksi besar
1,"saya sudah 2 kli terblokir karena katanya salah pasword tapi nyatanya pasword yang saya masukan sudah bener,bener"" kecewa sihh seribet itu"
1,parah masa bangun tidur ada penarikan ATM senilai 1.550k setolol inikah keamanan BCA ❓
1,code nya tidak terkirim sama sekali
1,forclose terus dah hapus-download sebanyak 10x masih forclose
1,"gak semua orang punya kamera sebagus iphone, mau login aja gagal terus alesannya kurang pencahayaan padahal muka gw sorot pake flash hp masa masih kurang terang jir, gak semua orang juga punya kamera bagus TOLONG TINGKATKAN LAGI SENSITIF AMAT CUMAN BUAT LOGIN AJA KUDU PUNYA HP SPEK VIVO X300"
1,"Kasih bintang 1 saja, ternyata performa nya masih bagus pakai yg BCA Mobile Banking, lha ini app MyBCA sering error, sering gagal transaksi, kalo gagal transaksi, duit nya kedebet, musti laporan dulu ke hallo BCA buat baikin duit yg kedebet, gk spt app bank sebelah, kalo transaksi gagal duit ya gak kedebet"
1,pada saat pertama pembukaan rek melalui vc tidak bisa terus
1,sering terblokir tiba tiba
1,"sekarang sudah 4kali pengajuan paylater, tidak pernah disetujui 😂, berarti sudah 6 bulan. ditambah 3 bulan kedepan, dan seterus nya 😅... sekelas bca, bank swasta terbesar pelayanan nya seperti ini. woy mending paylatter nya dihapus aja kalau gak bisa digunakan mah."
1,"buat transaksi sering bermasalah sampe malu gara-gara sering terjadi kesalahan pada saat transaksi, peforma masih saja kusut. bersembunyi dibalik jaringan, malu sama nama besar"
1,"kalau pindah HP pasti verifikasi wajah tdk terbaca, laporan di mybca ga membantu karna ga tau cabang tmpat pembukaan rekening, kalau gitu ga usah suruh marketing ke cafe2 untuk buka rek, ga tau mereka dari cabang mana, email, pasti terhapus sudah berapa tahun, buku tabungan ga ada kalau ga di urus, bank lainnya ngirim via pos buku tabungannya"
1,"semenjak update apk nya jadi sering crash, terus log out sendiri. mohon untuk provider lebih diperbaiki lagi sistem nya"
1,ini gimana ceritanya gak ada kode negara indonesia... hadeuuhhhh
1,kok jadi ngaco ga bisa login parah ini
1,ribet
1,"Jangan pakai BCA jika uang Anda tidak ingin. hilang dan di blokir semau jidatnya orang China Keturunan, saya mengalami sendiri uang 693K diblokir pdhl sedang diperantauan jauh dari BCA. Tanpa ada masalah dan apapun itu diblokir semaunya karyawan sudah telp 1500888 tak ada respon. Sangat mengecewakan benar dari China Keturunan untuk keturunan China ini bank rasis."
1,gimana ya ID Saya terblokir di my bca .. gimana solusi nya
1,"ini kenapa sih BCA gak bisa masuk, padahal udah di update, padahal jaringannya udah, tolong dong ini gimana sih perbaikannya, nanti pas udah membaik baru tak ubah ratingnya"
1,mau bikin rekening ribet banget sampe ngulang y kali pun masih disuruh ngulang lagi
1,parah skrng tangkap layar penggunaan e-tollnya jdi ada hitamnya tidak bisa ambil tangkap layar panjnag
1,"aplikasi mobile banking yang paling sering gangguan ya ini, mana ribet dan lemot banget, hadehh pasti kalo dikomplain gini jawabannya ""pastikan menggunakan kartu pada sim 1......."" mana mau memperbaiki 😒"
1,"Update tiap minggu tp yg ada malah makin gak bener. sinyal hp bagus tp saat baca kode QR loading terus, aplikasi jg lemot. Sebenarnya tujuan updatenya apa ya? Supaya customer merasa tidak nyaman trus pindah ke bank lain? Oh baik kalau begitu. dengan senang hati 🙏😉"
1,sudah registrasi di ATM malah di minta registrasi lagi bloon benar deh ah
1,helo Admin cs mayBca saya Widia peguna rekening mayBca mau buka rekening baru kenapah pas verifikasi muka gagal terus dan Aplikasi nya malah keluar sendiri hp saya Tab Samsung A 8 (2019 Ram2/32GB dan versi 11 TPI kenapah Aplikasi maybca nya malah keluar terus menerus tlong banto saya kepada Admin cs mayBca jangan terlalu di persulit
1,"update² trus, gak bsa skalian kah kalo ada update gtu. Stlah diupdate jg gak ada prbedaan yg brarti, ganggu banget ia. Msa pas mau transaksi di kasir uda antrean pnjang pas nunggu giliran malah update dlu. Dimarahin org yg di blkang njir."
1,"gajelas update terus dikit"""
1,"apk nya lemot , tiba tiba tidak menanggapi di update malah ga bisa"
1,Sangat buruk.. Aplikasinya gak bisa dibuka
1,sering terblokir padahal buka aplikasi nya aja jarang
1,lemot bnget di download!!
1,"beginilah, setelah sering update dan semakin update versi terbaru semakin banyak errornya, bahkan gabisa masuk sama sekali.. jadi aplikasi ga berguna di HP buat apah mending gausah pake MY BCA"
1,"UPDATE TROOSS, ampe bosen.. keseringan update aplikasi , kalo sering update tambah bagus mending HABIS UPDATE BUKAN LEBIH BAIK MALAH TAMBAH LEMOT.. BUKA APLIKASI NYA AJA LAMA.. KADANG KALO LG TRANSAKSI JADI MALU SENDIRI SAKING LAMA NYA.. PARAH.. kalo mmg kendala di jaringan seluler/sinyal aplikasi lain ga masalah, lancar2 aja, cuma pas buka my BCA aja YANG LEMOT -_- KUOTA BANYAK, WIFI LANCAR.. APLIKASI NYA YG LEMOT."
1,ah udah ribet masuknya berat pula ada yang simpel ko di suruh yang ribet
1,aplikasi nya jelek tidak bisa di pakai tidak bisa di buka ketika di buka ada tulisan aplikasi terhenti setelah itu langsung keluar dari aplikasi dengan sendirinya
1,"setelah update bulan April 2026 jadi busuk banget, malah lemooottty"
1,"akun mybca sering terblokir ga jelas, reset pasword butuh otp 2x/kasus(resetpw & login), habisin pulsa."
1,"Tanggapan pengembang: Mohon maaf atas ketidaknyamanan Bapak/Ibu. Mohon pastikan jaringan dalam keadaan stabil (jaringan pasti stabil tahun berapa ini woy, youtube tiktok gak pake buffer kok tanya jaringan) dan tidak ada kendala pada device yang digunakan(oh devicenya ya, hanya terkendala pada satu aplikasi ya). Kami sarankan dapat mencoba secara berkala.(memangnya seberapa ratus kali harus mencoba)"
1,daftar susah login ribet aplikasi ga jelas nomor telpon sudah diverifikasi semua sudah ready masa minta verifikasi nomor telpon terus
1,mau daftar suruh masukin no kebangsaan Indonesia. tp negara Indonesia ny enga ada? gmna dah?
1,"ktp rusak tidak di bisa bikin kecewa nasabah ni, harus download ini itu lg kebanyakan peraturan padahal bukan buat pinjol"
1,kenapa nomor +62 nggak ada mohon penjelasan nyaa
1,"untuk Xpresi biaya admin bulanan mahal banget, sementara di bank lain murah banget dan bahkan ada yang sampai gratis admin biaya bulanan."
1,uninstal dulu setelah ada perbaikan baru pake lagi.
1,"tolong dong pihak bca gausa update trs bikin hp ngelag bgt jadinya perbaikin situsnya jgn tiap bulan suruh bayar trs tpi msi gt"" aja"
1,kenapa saya tidak ada kode +62 khusus nomor Indonesia ya?
1,Kepada pelanggan bca paylater..hati2 menggunakan bca paylater dikarenakan banyak oknum dalam bca yg nakal..kesaksian pada tgl 11 april saya melakukan scab qris bca paylater untuk beli barang di shopee seharga 172.200.. tetapi gagal..sy cek saldo aman.. kemudia sya lakukan lagi kedua masih gagal dan sy coba ke toga kali gagal juga.. dan ALANGKAH KAGETNYA SY LIMIT PAYLATER SAYA TERPOTONG 172.200X3 =516.600 Saya sudah komplain email dinhalo bca saldo sy msh blm kembali dan shopee menyatakan gagal
1,KALAU APLIKASI BELUM SIAP JANGAN DI LUNCURKAN BUAT REPOT NASABAH SAJA SEKELAS BCA BUAT APLIKASI SAJA TIDAK BISA
1,min kenapa sqya mau login kode negara di nomor telepon tidak ada indonesia ya? aneh bgt 😔💔 uda ak uninstal bqnyak² uda aku reboot hp juga loh bolak balik weh
1,bank pelit medit kikir buat naik limit cc
1,"ganti HP aja terblokir, karena otp lambat dateng, sekali dateng langsung 2 setengah jam kemudian padahal pulsa ada. alhasil ke blockir, untung 1 lagu livin mandiri lancar2 aja"
1,"Setelah tidak bisa transaksi. tiba-tiba logout sendiri. disuruh masukin user id dan password, lalu masukin no hp. namun tidak ada negara indonesia dipilihan negaranya. sudah ke atm ke bank nya juga, tp tidak bisa selesai. mereka pun binggung. mengecewakan."
1,"makin lama makin lemot buat masuk nya, padahal wifi kenceng, kecepatan 100mbps,kecewa ah"
1,"Disuruh masukan kode negara, +62 INDONESIA tidak ada. lah gimana ini?"
1,kalo belum bisa pake sistem/fitur verifikasi wajah jangan dipaksainn bca susah banget failed mulu sistemny msih bobrok blom canggih tapi dipaksainnn
1,paling ribet
1,"ini gmn uang saya mau bayar2 malah gk bs di buka ,jngn sampe sy berkata KASAR YA."
1,"BCA tolong lah. lu itu perusahaan besar , sudah terkenal dengan kenyamanan dalam pelayanan ini aplikasi mau pun MBCA nya atau my bca nya sama2 lemot asli ada kejadian pas mau bayar nasi goreng pake Qris itu saya nunggu lemot banget mana antrian panjang malu sayaa tolong lah ya d perbaiki"
1,tdk canggih kalah jauh dng livin.bs blokir kartu atm hilang.bs ganti no bs ganti email.semua bisa livin
1,"cs susah dihubungi sudah 3 jam di coba gak jawab"""
1,apaan aplikasi setelah di perbaharui malah lemottt lemoooottttt parah
1,Cs nya lama
1,lemot parah
1,"minta kode otp ga pernah di kasih dan harus ada pls, setelah ada pulsa tetep ga di kasih kode otp anyg"
1,makin lemotttt pedahal fiturnya disini bagussssss
1,"baru aja download suruh update , update itu minimal ada perbaikan fitur yg signifikan .cuma update iklan doang buat apa di upgrade"
1,sangat jelek
1,"jelek, gak kaya bca mobile"
1,pas beli reksadana tidak bisa ubah rekening sumber dana. bintang naik kalau sudah diperbaiki.
1,mau login malah gada negara Indonesia aneh
1,"sering hilang saldo ga jelas, udah 3x"
1,"semenjak update my bca gua ga bisa dibuka, malah ke log out sendiri al hasil harus login ulang dan makan pulsa"
1,saya merasa kecewa sekali karena ketika saya ingin login ke akun BCA saya harus memasukkan dengan ID ketika sudah dimasukkan ID dan password masih minta nomor lagi padahal nomor yang saya masukan sudah tidak dipakai lagi
1,kecewa
1,LEMOOOOOOOOTTTTTTTTTTTT mau sampai kapan? gak ada perbaikan kah?
1,"sungguh Sangata mengecewakan ,aplikasi tidak bisa di buka.force close terus,sudah di lakukan sesuai saran,cuman masih tetep ."
1,susah banget masuk.padahal akun bener
1,"buruk, pas login gak terima OTP, 2 mingguan skrng login lgi malah diblokir nomer nya kan aneh"
1,aplikasi mbanking paling ribet dan ruwet sedunia anjir parahhh..
1,"habis up kok salah mulu masukin ID nya woy,kirim email juga kaga bisa"
1,abis di-update malah loading parah mau transfer malah jadi suka keluar terus
1,"apk ribet, abis update malah ke logout sendiri JD masuk ulang eh harus verifikasi lagi. udh mana harus pake pulsa. #ganiatbikinaplikasi"
1,"setelah update malah jadi susah login,ujungnya akun malah ke blokir..perusahaan besar tp gini amat."
1,aku verifikasi muka kenapa gagal terusss hiks hiks aku nasabah bca biasa pakai yg bca mobile mau yg ini malahan gagal terus 🥺🥺🥺
1,"baru download, login malah ke block"
1,mau masuk susah bgt. kesel. kode otp ga dikirim kirim. pls lah kode otp jangan pake SMS. pake wa aja. katro amat
1,"kenapa saat mau verifikasi wajah muncul developer mode,pdahal sudah mati semua"
1,Vermuk susah banget emng ngga jelas nih apk mmg
1,gimana sih abis update malah gabisa dibuka muter muter doang
1,setelah di update aplikasi makin lemot
1,kenapa lemot ya aplikasi mbca
1,setelh si updet malh gk bisa login
1,"benerin software ny dong biar ga lemot & suka stuck, perasaan gw buka pubg aja kaga lemot, lah ini apk lemotnya kebangetan, kayanya pubg kalah HD sama tampilan BCA"
1,setelah update aplikasinya sering bugs lemot.... tolong kepada BCA coba ditingkatkan lagi aplikasinya
1,"memang rusak ini aplikasi tiba tiba ke blokir, terus pin transaksi tiba tiba ke blokir, siallll"
1,kenapa tiba2 tidak bisa lihat saldo tabungan
1,saya gak salah masukan password malah keblokir. Uda mau reset password OTP gak kekirim. Terblokir lama.
1,"update bukan mlh bener Mlah jadi g bisa kebuka, ga usah banyak update lah udah bener"" kemaren lancar aja ini malah update ga jelas kalo kita g update muncul terus notif ny kusut dah bener aplikasi bca"
1,"susah untuk di instal,"
1,aplikasi malah logout sendiri bikin ribet cs bang tidak ramah
1,"setelah update, jadi makin buruk. Ada kesalahan terus. PARAH"
1,kok makin lelet ya apk mybca kalo emng masih perbaikan tolong scepat nya kalo emng mau gini terus semua penggun mybca mau pindah bank lain aja.. jangan gak jelas gini.. dan jngan buat jawapan yg gak jelas
1,kenapa setelah di-update terjadi kesalahan dia bilang pas mau cek saldo
1,"ku pikir aku aja yg ngalamin, my bca tiba tiba tidak bisa di buka. padahal aplikasi pembayaran lain lancar lancar saja"
1,"setelah update malah gak tampil detail rekening, saldo nya status nya coba lagi"
1,jadi gabisa liat saldo
1,baru update langsung error ga bisa liat saldo🗿
1,"setelah diupdate saldo tidak terlihat ,dg ket terjadi kesalahan silahkan coba lagi, parah"
1,"hdeh ternyata bener sesuai review bintang 1, setelah di update itu malah gak bisa buka apa"", signal gw udah bagus buka yang laennya aja lancar, ini cuma mau lihat saldo aja susah ,bikin emosi deh , orang mau cepat malah dibikin lambat kayak gini, makin ribet aja"
1,lemot bgt jing
1,"Gajelas, nyuruh² update habis update malah gabisa liat saldo"
1,"aplikasi nya lemot ga bisa kebuka,mau transaksi jadi ga bisa."
1,setelah update malah lemot minta ampun tolong di perbaiki dong min jika pelanggan puas tentu tim andapun akan dapat keuntungan
1,seringkali down ketika ingin transaksi pembayaran melalui barcode qris bahkan aplikasinya seringkali down disemua layanan. mohon diperbaiki kembali untuk fps nya
1,semenjak diupdate jdi susah buat transaksi keluarkelisr terus dari apk nya. jdi di uninstal dlu nyobain apa kaya dlu ato masi ttp error
1,lemot habis.. mau buka lama giliran sdh kebuka mau bayar lama pula. hanya muter2. akhirnya bisa tapi jd lemot sekarang
1,sering error kadang sulit di buka
1,tolong ini dibetulkan ya tuhan setiap Bu crash terus bagaimana ini mana urgent mau transfer sangat mengecewakan sekali aplikasi sekelas bang besar
1,"Dear team IT myBCA, mohon untuk diperbaiki layanannya, 2bulan terakhir ada masalah pada aplikasinya, baik star awal ataupun ketika melakukan transaksi terutama transfer. sudah coba uninstal tetap bermasalah, pake data ataupun wifi tetap bermasalah, mohon untuk ditindak lanjuti, beberapa costumer mengalami keluhan yang sama. terimakasih"
1,luola ngga jadi download 🤣 udah pake yang dulu aja mobilebca wkwk
1,ko engga bisa login?
1,jadi lemot udh di berbarui teh balik lagi aja ke yang awal lemot bangat skrg mah mybca teh jadi ga bagus
1,lemot banget sumpah kirain hpnya ga taunya aplikasinya
1,"TOLONG PERBAIKI TERUTAMA KEPADA PROGRAMMER/DEVELOPER NYA, MAKIN KESINI MAKIN LEMOT. GA NYAMAN JADINYA"
1,setiap mau masuk aplikasinya selalu mental keluar sendiri padahal yang lain ma ngga
1,setelah di update jadi susah di buka keluar terus sendiri
1,lemot banget
1,force close terus nyet!
1,"gajelas,stelah update malah lemot Ampe gabisa d buka"
1,akunku di blokirrr
1,Aplikasi paling parah sih.. lemot banget
1,"Belum ada perubahan, masih saja "" LEMOT "" minta ampun, terpaksa masih bintang satu"
1,saya tidak dapat melanjutkan proses verifikasi wajahh
1,"nyesel update jadi lemot,sudah jaringan bagus pakai wifi penyimpanan hp masih longgar tetep aja lemot"
1,"habis update malah lemot, dan muncul aplikasi tidak menanggapi, mohon diperbaiki lagi."
1,qrisnya lelet bnget bda sama livin ga hruslogin dulu hrus bbrapa kli klo yg dri gleri tlong di tingktkan. mkin lma mkin lemot bukn mkin bagus.
1,mybca BNR bnr loading banget..tiap masuk lama..kadang udah masuk keluar lagi dgn sndri nya..pdhl sblm d updte bagus jrg ada kendala..ini gni Mulu..Mlah bkin menghambat buat transaksi
1,"lemot, sering gak menanggapi terus tiba2 keluar sendiri. jadi semua uang saya pindahin aja."
1,"Hallo , Sebagai Pengguna My BCA , baru kali ini Buka Aplikasi Lama, dan Sering Bug Sistem Tidak menanggapi. mohon segera diperbaiki demi kelancaran dan kenyamanan transaksi"
1,"setelah update terbaru aplikasi justru semakin lemot, padahal sinyal lancar, untuk buka mbanking lain atau aplikasi lain juga lancar"" aja, cuma mybca ini rewel"
1,"bisa ga bca itu ngambil admin top up e wallet di luar saja,,, kalo top up 100 ya masuk 100,,"
1,kok sekarang jadi lemot banget ya..
1,"sulit bgt mau login, yang butuh pulsa lah, yang butuh vermuk lah, yang gk bisa mode developer lah, yang ganti settingan HP lah. lah lah lah payah"
1,susah masuk my BCA di instal ulang jg masih tidak bisa. aplikasi tidak menanggapi mau transaksi JD susah
1,"makin parah aplikasi nya??? bukannya di perbarui lebih cepat,,, malah lebih lemoot"
1,"4 hari berturut turut verifikasi wajah masih belum selesai, apk crash terus dan keluar sendiri saat verifikasi, padahal penyimpanan longgar dan copot pasang apk jg udh dicoba. ga sekali dua kali sampai muak rasanya. dimana kenyamanannya?"
1,"aplikasinya ko sekaramg lemot banget. Untuk buka app aja lamaa. pas udah masuk, mau pilih menu pun lama"
1,"lemot banget setelah di update, buat byar"" jd susah 👎"
1,"LEMOOOTT PARAH. . KAYAK KEMABALI KE ZAMAN DULU.. Sudah di restart malah saya udah ganti hp baru, tetap aja lemot, udah coba pake jaringan apapun masih saja lemot"
1,"semenjak update malah lemot banget buka apk selalu ada tulisan mybca tidak menanggapi. udah ga kek dulu aman"" aja"
1,lemot bgt keluar sendiri
1,"Susah banget verifikasi muka. Kesel jadinya kan. Setiap ganti hp, pasti dibuat ribet. Tlp layanan juga malah ga ada solusi."
1,"semenjak update pembaruan jadi lemot lambat banget buka my bca, mau masuk ke menu aja lemot banget apalagi mau transaksi beralih aja lah ke BCA mobile lagi"
1,lemot banget qris nya semenjak di-update mau bayar apa apa jadi lama nunggu nya malu pas ngantri bayar pake qris sering dikira gaada paketan sama penjual
1,ganti HP vermuk malah gagal trus vidcall cs ga bisa aneh
1,"aplikasinya gabisa pake fitur pemindai wajah/lgsg qris dll.. musti selalu masuk dan masukkan password, ribet"
1,"gak bisa masuk, tiap kali masuk selalu disuruh tulis nomor telepon tapi gak ada kode untuk nomor telepon indonesia di opsi nya. lah jadi gimana saya bisa masuk dong?ini tolong lah gimana developer aplikasinya. masa kode untuk nomor telepon indonesia tidak tersedia"
1,udah d install g BS d buka d uninstall d download lagi ga bisa d buka
1,susah d buka.dan lemot.saya jdi susah mau transaksi.
1,Segera perbaiki !!!! sekarang ga asik lagi lemot parah
1,"setelah update,Lelet"
1,lemot banged...sampai tidak bisa dioperasikan aplikaainya.mohon diperbaiki
1,"kenapa makin parah aja ya, semnjak update jadi lelet . terus sekrang mau TF ada jangka waktunya, kenapa mau pakai M bangking iya biar BISA TF kapan pun aja . ni malah dsri jam8 pagi sampai jam 3 sore aja bisa TF. ya benar aja lah .udah kek warunh biasa aja ."
1,"tolong lah ini apk sering kehapus sendiri dari HP. mana ngembaliin akun ribet, input password udah betul id nya juga udah betul bahkan no kartu juga sudah tetap dibilang ny harap cek kembali. harus download mobile bca baru bisa masuk ke sana. kan double jadinya"
1,aplikasi lemotd
1,"kenapa sekarang lemot banget deh,, mau bayar pakai Qris aja ,keluar2 Mulu....tolong di tingkatkan lah"
1,terlalu lelet waktu membuka aplikasi ini tolong dong di kasih kemudahan jangan mempersulit urusan orang aduuh BCA ini😥
1,kok jadi lemot parah ya setelah update terbaru ini... dan saya gak sendirian 🙏
1,apk myBCA parah. mau bangkrut kah ?
1,sumpah lemot banget ini aplikasi. keluar sendiri lagi mybca tidak menanggapi... udah hampir sebulan gini gimana ini ko jadi jelek gini si.!!! semua aplikasi berjalan normal cuman mybca yg gini aneh kan
1,"kode OTP tidak pernah terkirim, padahal provider aman, pulsa penuh. Tolong beri push autofill seperti di aplikasi BCA Mobile yg bisa otomatis terisi tanpa harus menunggu pesan masuk di PESAN"
1,"tiba tiba banget ke log out..begitu mau log in suruh isi id bca dan password,setelah itu suruh tambahkan no.telpon tapi kode negara yg dicari tidak ada.. telfo ke halo bca sampai 4kali hanya dibantu pengecekan dan tetap sama tidak bs log in"
1,aplikasinya makin kesini makin buruk banyak yang komplen tapi tidak ada perbaikan kecewa banget. abis di perbaharui bukan makin baik malah muruk🤦🤦🤦
1,LEMOT BANGETT
1,"aneh anjir gak ada pilihan kode nomor telpon negara Indonesia, aplikasi kocak"
1,"udah konfim 100% verifikasi, tpi ttep aja gagal login 😑😑 aplikasi pindah HP mau login aja harus konfirm ke cabang BCA terdekat, ribet amat... orang tinggal masukin ID & PW aj, kenapa harus ke kantor cabang nya lah.? klo pas urgent di jalan kek mana itu mau pake MyBCA App ribet login nya harus ke kantor cabang terdekat buat verifikasi wajah 👎👎 trus buat apa ada verifikasi wajah di App nya klo harus ke kantor cabang nya dulu, ribet...."
1,"aplikasi mobile banking paling nyusahin tiap pindah device harus kebank!!!!! buang² waktu!!!! bank lainya kedip vermuk /reset.ini selalu aja ada kendala. vermuk gagal,data salah ,mau reset passwd id keblokir!!! harus ke bank lagi capekkkkkk!!!! tolong dong BLUE BCA aja ga seburuk ini appsnya. hp gue bagus seri S terbaru terus tiap ganti dev.emang busuk aja aplikasinya,tolong lah ,bank lain gak pernah seribet ini"
1,"lemottt parahhhhh saya mau bayar QR , sampe lamaaaaaaaaaa malu di liat orang di kira hp saya yg jelek nanti. betulkan dong gimna sih"
1,kenapa kode negara Indonesia 63 itu engga ada pas menambahkan no kontak.
1,"makin ksini BCA aplikasi perbankannya makin ada aja masalahnya!!ada trouble tlp cs narik pulsa mahal pulsa 30 rbu ga smpe 15 mnit udah keputus, udah bgitu laporan sudah masuk saat terputus panggilan kirain bakal di tindak lanjutin oleh pihak bank nya ternyata ga sama sekali tetep harus tlp lg dan menunggu sampe proses panggilan selesai!! woooi klo perpanggilannya murah sich ga masalah tp klo harus nhabisin pulsa 50 rbu buat tlp cs hingga d proses sampe selesai ya bukan membantu customer namanya!"
1,"Setelah uodate jadi ga bisa login, tolong diperbaiki...."
1,masa ngak bisa login id benar masa keblokir Mulu padahal udah benar id password nya tapi blasan id di blokiran aneh
1,aku kira cmn aku aja yg ngalamin nya setelah di update malah JD GK bisa buka apk nya ...tulisannya tu apk tidak merespon padahal udah ku STEL ulang ..jaringan jg stabil ..buat buka apk lain JD aman aman aja ..ini malah makin lemot dan GK bisa buka apk sama sekali ...mohon di perbaiki ya...udah banyak yg komplain Maslaah ini
1,Makin lemot trus ganguan terus mohon segera di perbaiki trimakash
1,sejak update jadi sering tidak respon dan lemot
1,aplikasi jdi lemot setelah update versi. jadi males banget menggunakan apliksi ini. tapi tetep saya paksain menggunakannya karena ini suatu kebutuhan saya sehari2
1,kirain apk bca saya aja yg eror gataunya emang semuanya eror yaaa semoga bisa di perbaiki karena ini menghambat waktu
1,"update terbaru kok malah sering keluar sendiri, mbok ya cepet dibenerin, kalo udah bener baru naikin ratting kalo belum cukup bintang satu ganggu semua transaksi"
1,setelah di update tambah lemot saja dan tulisan selalu mu BCA tidak menanggapi terus kenapa ya
1,"Bagaimana ini setelah apdet pembaruan sangat sulit untuk d buka,,hanya aplikasi ini aja,lainya lancar.. mohon d perbaiki.. sangat2 terganggu"
1,apk jadi lemot parah coba ganti versi terbaru nya biar gak lemot mau transaksi jadi lama
1,"Jujur, mau Login ulang malah kendala gabisa masuk Akun dan malah beralih ke tambahkan nomor Handphone. Akantetapi untuk menambahkannya tidak ada kode negara +62 harus nomor negara lain. Heloo Admin dichatpun tidak dibalas! masuk lewat Website bisa, diaplikasi busuk gabisa login."
1,"mybca knp sih semenyebalkan itu 😩😩udh mah tiap selesai transaksi keluar otomatis,mau transaksi aja loginnya susah bgt,,.. di tambah lagi akhir akhir ini tiap login pasti keluar lagi ,mau login aja harus coba smpai 5 6 x... astaghfirullah 😩 seriusan pngen aku delete tapi GK ada lgi app BCA"
1,woiii IT ny kurang ngopi..aplikasi d update malah lemot..
1,lemmottt apk macett sering gk menanggapi
1,Dear My BCA Nasabah tuh udah percaya sama kalian dengan pake aplikasi My BCA tapi kenapa ya makin lelet aja? Saya baru pake ni app karena mobile BCA kalian itu lemot pas saya berusaha buka QRIS. Udah sya adukan ke akun official instagram kalian dan gak ada solusi sama sekali. Pas saya udah pindah ke My BCA sekarang giliran app ini yg lemot! Bisa diperbaikin gak sih? kita tuh butuh solusi cepat bukan permintaan maaf doang
1,force close
1,"ini kenapa setelah di update my bca kok lemotnya parah banget sih,padahal sinyal aman2 saja,pakek data pakek wifi sama saja lemot parah,setiap kali mau masuk selalu my bca tidak menanggapi,ngeganggu banget saat mau transaksi,lemotnya minta ampun,tolong min aplikasinya di perbaiki,kami sebagai nasabah bca merasa tak nyaman dengan my bca yg sekarang,koneksi jaringan 90% aman,penyimpanan hp masih terpakai 30% tapi tetap saja lemotnya minta ampun,mohon segera di perbaiki"
1,"bank tolol.. masa pilihan negara Indonesia tidak ada untuk kode no tlp.. sedangkan Singapura,, Australia ada... di ketik+62 malah diarahkan ke +962 Yaman.. ngga sesuai aja kredibilitas bank sama aplikasi ini.."
1,aplikasi tidak bisa dibuka
1,"semenjak di update ke versi terbaru jadi lelet lemot pdhl lagi buru2 mau transaksi, tapi malah bermasalah. semoga setelah ini segera di perbaikin lagi yaa"
1,"kenapa mau masuk terjadi kesalahan mulu my bca ini gangguan mulu diisi sandi salah terus jelek banget semenjak di update bukan nya tambah lancar malah lemot jadi seperti ganti sandi sendiri heran mending gak usah ada update tan bikin susah nasabah aja ,keblokir lagi aja akun saya udh 2x sama sekarang padahal kata sandi bener masa harus jaringan mulus terus padahal pakai kuota masa gak bisa masuk terus giliran 3x masukin sandi salah terus langsung ke blokir ganti bank kali ya klo gini"
1,"min buka aplikasinya sekarang lemot babget min,malah sekarang jadi susah banget buat login"
1,setelah update aplikasi menjadi lemot parahh
1,"ini kok jadi ngelag, jaringan bagus, SIM card terdaftarnya juga aktif tapi kok ngelag terus, tolong dong secepatnya dibenerin, jangan iya iya aja."
1,"SUPER LEMOT....gw ada 4 mbanking ketika dibuka lancar jaya,hanya BCA yang lemot malah mental keluar....Evaluasi yang sangat serius"
1,lemot banget parahhh lama banget ngebuka doang juga
1,paling gak suka kalau id BCA ke blokir males banget kalau telpon CS BCAnya meskipun mereka fast respon tapi aku paling males kalau disuruh telpon buat buka blokiran!
1,baru 2 hari udah rugi banyak ibarat main judi
1,"parah nih bca skrang,,saldo abiss dipotongin buat admin mulu..ga jelas bngd,,admin hrs byar brp sih skrangg bru 2hr udh diptong 25rb dikalikan 10 udh 250rb,,paraaahhhhhhhh"
1,lama² jika aplikasinya digunakan jd lemot
1,lemot sekali
1,"update bukan makin baik malah makin lemot , kacauuuuu"
1,sering muncul aplikasi tidak ada tanggapan suruh tutup aplikasi
1,kenapa aplikasi mybca saya sangat lemot sekali 😤😤
1,bca makin lama makin parah. jangan download aplikasi nggak guna banyak virus nya banyak survey nya pada hal sudah langsung lihat orang dan ktp asli pun pendaftaran buka rekening sengaja di persulit.jangan sampai uang kalian nabung di bca tiba tiba hilang seketika. kami masyarakat indonesia minta agar mybca .jangan kebanyakan update. itu namanya masturbasi. kalau bisa sistem nya di perbaiki 5 tahun sekali. jangan kebanyakan update melulu .
1,update malah crash terus ini
1,"wooyyyy Lemot IT Lo ngapain Aja , memang sebelum di share update ke publik gak di coba dulu di sistem internal Lo"
1,Kalau bisa ngasih bintang 0 udah ku kasih dari kemarin kemarin. Aplikasi Makin lemot padahal sudah di update
1,lemot nya maksimal
1,"PARAH SETELAH UPDATE MALAH GABISA DIBUKA , SEKALINYA BISA SELALU MUNCUL NOTIF BCA TIDAK MENANGGAPI"
1,"seminggu ini kenapa setiap mau transaksi, aplikasi berasa berat syekali ya? hp saya sangat support kalau buat buka aplikasi mybca. jadi silakan diperbaiki develop kalian"
1,lemot parah kecewa banget
1,"gaje pas semalem dibuka masih bisa pas paginya udah ke blokir, udah yang ke 2 kali gini nih"
1,"Tolong dong mybca kembaliin ke versi sebelum nya , setelah update jadi lemot banget mau tf aja lama banget"
1,kode negara Indonesia malah gak ada makin kocak saja
1,aplikasi jelek update malah di pake keluar sendiri aneh sebelumnya aman aman aja
1,"kok bisa gaada kode negara indonesia nya, ANEH !!!"
1,"tidak bisa masuk, setiap mau buka tiba2 keluar sendiri"
1,10 kali saya daftar buka rekeni g ditolak... parah
1,"aplikasinya lemot sekali sering keluar sendiri, sangat menggangu untuk bertransaksi 😌"
1,"untuk saat ini bintang 1, mau login atau transaksi sering gagal, tolong lah di perbaiki"
1,semenjak pembaruan jad malah GK bisa d.buka..mlah k.block sndri...
1,lemot setelah update
1,makin tidak jelas
1,makin lelet aplikasi tiba tiba tutup sendiri
1,aplikasinya sangat lambat versi baru malah makin lambat
1,"setelah diupdate makin lemot, mohon diperbarui.....setelah diupdate bukannya memperbaiki bug malah makin parah"
1,aplikasi eror mulu
1,abis update ko kode negara Indonesia ny jadi ga ad ya tolong di perbaiki
1,"saya login ulang, disuruh masukin nomer Hp dan kode negara, tapi pas saya input kode negara +62 (INDONESIA), ga ada cuma ada Yordan +962, sama kalo input Indonesia juga cuma muncul india.. rusak ini aplikasi, masa ga ada kode negara indonesia"
1,lelet lemot
1,sudah di update aplikasi nya malah gak bisa di buka.... nge bug terus
1,"please semenjak update terbaru yg super lemot dan susah login,jadi males pake mybca.mau qris,transfer dll aja jadi makan waktu lebih dr 5menit.gak sat set seperti app awal sebelum di update"
1,"saya melakukan transfer pertama kali dari seabank ke bca, tf 68000, knapa cm ada 18000, yg 50000 kemana, jdi bingung, kemana yg 50 rb nya woy balikin duit gua woy baru hari ini bikin udah kecewa hilang 50rb..hadeeeeeh"
1,"Tolong dong ini system nya diperbaiki, setelah update kalo mau buka apps nya jadi lama banget setelah masuk langsung forced close"
1,"aplikasi lambat, kegiatan terhambat."
1,kenapa aplikasinya jadi lemoottt bngetttt.. sangat mengganggu ketika mau transaksi.. perbaiki secepatnya
1,menyebalkan. auto uninstall bye .
1,"semua benar, login device tiba2 BCA ID terblokir lucu2"
1,"setelah di update malah gk bisa di pakai jika tidak ada wifi, parah pokok e"
1,bikin ribet tiap mau login akun selalu ada verifikasi wajah udh dicoba berkali² gagal terus bukan nya mempermudah malah mempersulit
1,ga bisa buka my bca
1,BCA ini kenapa?? habis di update malah lemot sekali?? dibuat cek saldo dan transaksi aja nunggu 15-20 menit. tolong diperbaiki soalnya bank bank lain saya buka tidak ada kendala.
1,"tolong sarannya. apk gua setiap buka gabisaa . selalu ada tulisan ""my bca tidak menanggapi"" gw udh hapus trus instal lg , udh berkali2 restart hp jg tp masi gabisa . gmna nih"
1,aplikasi lemot banget setelah di update dan kadang2 aplikasinya ngk bisa di buka ( ngk berfungsi)
1,lemot
1,"tolong diperbaiki, masa setiap ganti hp suka susah untuk verifikasi, padahal sudah sampai peremajaan data ke branch terdekat, tapi tetap gagal verifikasi wajah, dan mau verifikasi video call selalu jaringan error padahal sampai ikut wifi, mohon kerjasamanya untuk tim pengembang, dan untuk verifikasi yang penggunaannya pakai kacamata, kacamata harus lepas itu membuat sulit untuk melihat instruksi yang ada pada layar, mohon ada solusi🙏"
1,Up date terbaru jd tambah LEMOT banget. Koneksi datacell stabil full jaringan. Penyimpanan msh kosong byk. Sdh di restart msh lemot. kartu sim cuma 1 dan slot 1. terpaksa pake apk MOBILE BCA yg stabil. Sy harap segera diperbaiki spy apk MY bca tdk ditinggalkan penggunanya. #yangjawabrobot
1,"kenapa makin kesini makin lemot si ga worth it bgt kalo mau bayar pake Qris atau transfer lamaaaaaa nya luar biasa selalu ada ""my BCA tidak menanggapi"" plisss lah awal pemakaian ga gini kok tolong diperbaiki sistem nyaa, dan jgn menyalahkan jaringan internet karna sudah pasti jaringan internet lancar-lancar ajaa kok!!!"
1,"Instal myBCA karena cs bilang bisa transaksi s/d 150, setelah instal lemot nya minta ampun, di buka bolak balik nutup lagi. Malah lebih cepat MBca."
1,lah mau buka rekening baru... trus video call karena jaringan error sempet terputus... mau call ulang malah di block id saya
1,"apk lemot semenjak di perbaharui padahal tadi nya bagus, ini wifi norjay juga butuh bbrp menit buat masuk trus mau transaksi juga butuh lama bikin gak nyaman,trus lama malah keluar sendiri bca tidak menanggapi bikin emosi"
1,hadehh.. bukan jaringan !! pake data maupun wifi sama aja lemot..!! penyimpanan ? masih sangat kosong ini emang apk pas update jadi lemot banget.. semua temen saya juga !!
1,"setelah di update,lemotnya parah malah mengganggu kenyamanan pengguna,malah sebelum di update aman2 saja🤦‍♀️ kecewa bgt,tau gitu gak usah di update"
1,"udah login tapi ke log out sendiri otomatis harus login lagi dan verifikasinya harus pake pulsa males deh beli pulsa lagi, tolong diperbaiki min aplikasinya jangan sampai seperti ini!!! apalagi ke log out nya waktu beli makanan di luar ga pegang cash malu!!!!"
1,"setelah updatee lolaaa bangett, seriing kluar sndiri jugaa tolongg solusinyaa"
1,serba lelet semenjak update
1,"Tolong ini untuk tim bca di baca semenjak update aplikasinya lemot banget ini bukan masalah hp saya ini aplikasinya yang bermasalah jaringan saya udah bagus masa tetep lemot? berarti memang dari aplikasinya, buka apk lain seperti youtube tiktok bahkan untuk main game berjam² juga hp saya berjalan lancar, jadi stop membela diri dan nyalahin custumer kalo sinyal lemot lah apalah dari respon orang lain juga banyak yang mengalami jadi mohon untuk kesadarannya kalo aplikasinya bermasalah"
1,gjls bru aja bikin pas login dibilng salah id salah pasword pdhl semuanya bner karena pas bikin udh di ss semua kodenya dan di salin ke situ selalu salah gbisa masuk
1,ko gaada kode negara indonesia sih pas aktivitasi no telefon? dulu awal aktivitas lancar gaada kendala apapun
1,"Parah update malah jadi lemot bgt, gak bgt nih My BCA tidak menanggapi terus notifnya...ancur.. jadi susah setiap mau bertransaksi..."
1,kenapa tiba-tiba gabisa login dan keluar sendiri? padahal udah nunggu lama
1,jadi semacam aplikasi dari jaman batu Keong 1000x lebih cepat aplikasi sampah ini masih layak di andalkan ❓
1,apknya ngaco lemot
1,"Setelah di updte langsung lag parah,Suka muncul mybca tidak menanggapi!!!udah lapor hallo bca udah ganti sinyal tapi gaada perubahan sama sekali,Transaksi juga kena imbasnya kalau lag begitu"
1,semenjak di update susah bgt masuk nya .. terus keluar sendiri .. leg bgt . tolong lah perbaiki sistem nya ..
1,setelah update aplikasinya gak bisa buka. Sudah dihapus download lagi tetap gak bisa dibuka
1,Di update malah jelek lemot menjengkelkan
1,"Loading lama, lemot, itu IT kalian kenapa tak cair bonus nya kah, makanya aplikasi jadi lemot gini hasilnya!!!"
1,jadi semakin lemot aplikasi nya sudah banyak yang mengeluh untuk aplikasi ini tlg di perbaiki
1,susah masuk sering keluar sendiri lemot banget gak kaya dulu tolong diperbaiki
1,"di update bukan nya tambah bagus, malah tambah lemot , Ampe keluar sendiri trus, tolong segera perbaiki min"
1,"buset nunggu 2 jam masa harus pakai KPT asli, tadi bilang bisa paket foto copy KTP, BCA sumpah 🙈 cuma perbaiki mybca aja"
1,aplikasi sangat berat dan susah dibuka
1,"maaf, kenapa mau login banking harus masuk kode negara, tapi negara Indonesia kok GK ada"
1,"mohon tambahkan opsi saat masuk ke aplikasi, jika gagal menggunakan sidik jari, kita masih bisa menggunakan password atau pin, agak sulit jika hanya mengandalkan satu opsi masuk jika gagal menggunakan sidik jari"
1,"aplikasi aneh pasword nya udah bener, sampe 3 kali ke blokir akhirnya dtg ke kantor di benerin udah bisa disana.besok nya isi pasword lagi baru sekali isi tiba-tiba ke blokir lagi.ngerjain orang emang padahal pasword nya itu"" juga."
1,parah sih kecewa sama myBCA pas naik versi langsung lemot apk nya 🗿
1,ko keluar sendiri dan lemot
1,"kenapa setelah di-update jadi susah tidak menanggapi terus apknya ini gimana sih jaringan stabil tapi tetep apk tidak menanggapi,kemarin sampe terblokir salah katasandi gara gara muncul apk tidak menanggapi"
1,"setelah update malah gk bisa kebuka sama sekali,, tolong..😭😭😭😭"
1,sumpah mau transaksi juga jadi susah gara gara lemot.
1,di update malah lemot gajelas
1,my bca semakin lama malah lemot ga bisa nya jln mulus
1,min please ko ini jadi ngelag parah sihh mana sering banget pake BCA buat transaksi dan lain lain
1,"tutup sebelah mata atau gimana ini pengembang apk mybca ? sudah banyak yang menyampaikan keluhan YANG SAMA, setelah update terakhir tapi kok masih gak ada perubahan sama sekali, hanya memberikan solusi klasik cek internet, cek penyimpanan hp dll. kalau hanya ada 1 atau 2 user yang punya keluhan mungkin masalahnya ada pada 2 hal tsb tapi ini mayoritas loh mengalami hal yang sama, jangan sampai jadi terboikot nih"
1,"aku kira cuma aku aja ternyata banyak yg ngalamin loading saat login, selalu muncul tulisan tidak menanggapi ❌ .Tolong dong di perbaiki lagi , banyak komplain masuk knp bukan nya di tindak lanjut malah diam aja 😌🥺."
1,"di update malah tambah lemot, sering close sendiri."
1,paraaahhhh bgttt sii abiss update kebangetan bgt lemotnya buka mbanking yang laen gak selemot buka BCA
1,"makin sering update, malah makin lemot terima kasih admin sudah menanggapi. Namun, kalau permasalahan nya karena jaringan data saya yang tidak baik, maka seharusnya saya juga mengalami kendala yang sama ketika membuka media sosial seperti Instagram, YouTube, dan game yg saya mainkan (mobile legend). tapi pada kenyataan nya hanya aplikasi my bca saja yg mengalami nya bahkan sering kali muncul pemberitahuan bahwa aplikasi mybca tidak menanggapi, MOHON SEGERA DITANGANI!"
1,"setelah update malah lemot, tau gitu jangan dulu update, wajib baca dulu komen sebelum update. mana mau di pake tf"
1,kenapa jadi lelet ya...
1,"sering di update bukan nya bagus,malah lemot 🥴"
1,di update malah lemot banget parah nihh
1,"parah ga bisa dibuka, masa udh di-update malah makin ga bagus sih!!"
1,"Setelah pembaharuan versi baru myBCA Banking 2026 knp menjadi lemot, tidak bisa digunakan, logout sendiri dan harus ulang login kembali. Sangat tidak nyaman tidak bisa dipakai untuk transaksi m-banking online. Tolong diperbaiki. Terimakasih."
1,"setelah update malah jadi lemoooot selemooot lemoootnyaa lemooot , tolong diperbaiki segera dong , sangat mengganggu ini 😡"
1,uang saya hilang di aplikasi my bca sebesar 1 juta 😭😭😭
1,pas update malah lemot .malah suka keluar sendiri..
1,abis update malah lemot parah di android kalo di ios aman
1,"DUIT GUWE HILANG, DI TAROH DI SINI!! TIBA TIBA KE TF KE ORANG YANG GAK DI KENAL, BARU AKU BUAT LOH AKUN NYA, Bank berkedok penipuan, sarang penipuan sih ini, hati hati guys duit kalian bisa hilang dalam sekejap, tanpa tau PIN Kalian!!!"
1,setelah diperbarui jadi gak jelas apk tidak merespon Mulu. sebelum diperbarui ok ok aja
1,parah banget anjirrr gue login di mybca katanya nomor ponsel ku di blokir kan gilakkk di BCA mobile engga dengan nomor yg sama dan ini lelet bngt njirrr apk macam apa ini
1,"masuk lemot, gak bisa terus, transaksi gagal terus. mengecewakan"
1,saldo gak di pake beberapa hari doang malah kesedot. kagak pernah melakukan transaksi apapun tiba-tiba saldo abis. lalu pernah di tranfer sebesar 90rb pas masuk hanya 40rb.entah kemana 50rb nya
1,sangat mengecewakan pake my bca beda dengan Mbanking bca nya ini terlalu rumit divermuknya gagal terus pada pulsa banyak sampe habis pulsa saya kesedot Buat vermuk👎 kuoya juga banyak setiap setel pabrik hape atau ganti hape di vermuknya gagal terus padahal siang bisa nya ke cabang BCAnya langsung😔 selalu begitu terus cape deh
1,KENAPA HABIS DI UPDATE PARAH BANGET LEMOTNYA!!!!
1,"selamat malam bapak ibu pimpinan BCA, serta admin my BCA, perkenalkan nama saya beni, saya adalah nasabah bank BCA, yang mendaftar dengan sistem online, karena di kota saya, tidak ada kantor cab.bca, disini saya mau tindak lanjuti, saya ingin memindahkan uang saya dari rekening lama ke rekening baru, dengan alasan rekening lama saya di blokir nomor ID, mohon di bantu, sampai dengan saat ini saya belum menerima bantuan"
1,"ini kenapa ya mybca seletah di update kemarin tanggal 16 maret 2026 malah lemot, dibukanya lama banget terus habis itu malah keluar sendiri, plislah ini yang punya keperluan jadi terhalang, kayanya emang bukan dari hpnya ya soalnya ngeliat komentar yang lain kendalanya hampir sama semua loh, tolong di perbarui lagi, karna sebelum di update mybca nya aman² aja ga ada kendala sama sekali"
1,"Udah banyak yg komplain lemot setelah update, blm juga di benerin ini.. parahh"
1,"Bintang 1,bahkan klo bisa mau ngasih bintang setengah aja,aku mau mindahin mybca dri hp lama ke hp baru niatnya biar lebih aman buat nyimpan uang krna hp lama takut tiba2 kenapa²,tp knp pas mau verifikasi wajah gagal trus pas mau vc dg cs jg gx bisa sllu gx bsa,pdhl mybca saya dri email,id bca dll masih sesuai saat pembuatan.dan mau buat yg baru lgi g, bisa krna ktp dan nomer seluler sudah terpakai."
1,aplikasi ngebug tambah lemot.perbaikin woy
1,"Setelah update malah tambah LEMOT & NGEBACK SENDIRI , TOLONG DI PERBAIKI 🙏🙏🙏"
1,"Update aja terus, bukan nya bagus malah semakin rusak, niat update ga si? atau ga bisa update, besok segera perbaiki lagi apk mybca ini, apa apa an semakin di-update semakin rusak gini ganggu aja"
1,"ini setelah pembaruan kok jadi lemot bangett yaa, minta tolong ding diperbaiki lagi"
1,"di update bukannya bagus malah makin jelek, ngelag parah. yg ngasih ulasan jelek ga satu dua orang aja. balesannya juga template suruh cek koneksi internet, padahal ga ngaruh mau pake data/wifi. kocak kocak"
1,lemot sekali
1,ga bisa di pake keluar mulu pas mau lohin
1,"Kenapa lemot banget ya? saya sudah update bukan makin membaik tapi lemot malahan suka tidak menanggapi aplikasinya, ada sebenarnya?"
1,terimakasih 🙏👎👎
1,aplikasinya lemottt
1,"bintang satu cs nya enggak bisa bantu malah banyak nanya, mending bilang enggak bisa masih respect"
1,saya kira cuma punyaku saja yg lemot.ternyata banyak juga mengalami hal yg sama.gimana ini bank bca?
1,"parah banget... lemottt.. mau otp aja susah, pulsa abisss woyyy. kenapa dari pihak bank dsaranin aplikasi My BCA sih!!!! sangattt lemotttt.."
1,eror g bisa dibuka
1,"skrang my bca lemot lelett bngetttt aplilasi nyaaaa,,,,bikin emosi kalo lagi loginnn"
1,semenjak update malah ga bisa dipakai. untuk login aja ga bisa. parah
1,lemoooooooooot parah
1,sulit dapat kode otp sekarang aja saya buka bank BCA susahnya kebangetan hadeuh mempersulit hidup aja
1,gmn sih GK bisa masuk masuk aneh lemot.. parah banget bikin kesel
1,lemot sekali aplikasi nya
1,"kenapa sekarang kalau di buka suka kembali lagi ke menu , kaya yang berat gitu ? kalau sudah bagus saya rubah bintang nya"
1,sekarang lemot banget
1,"setelah diupdate kemarin tanggal 31 maret 2026 aplikasi jadi lelet,sering tidak menanggapi,keluar sendiri,padahal sebelum update biasa biasa saja"
1,setelah diupdate lemot sekalii antri dikasir mau qris lama banget loh login aja lamma aplikasi sering tidak menganggapi mohon diperbaiki dongggg
1,terlalu lama kirim kode otp
1,ini parah banget sih setelah update malah lemot banget jadi mempersulit transaksi ..
1,"bug parah, aplikasinya jadi lemot, padahal dulu ngga sampe segitunya 😫 aplikasi selalu tidak menanggapi, terus tiba tiba keluar dari apk nya, perbaiki dong🥲"
1,"kenapa ini jadi ga bisa dibuka? mental keluar terus, baru nyampe logo langsung force close"
1,gagal vermuk ngurusnya ribetnya minta ampun padahal yang
1,"ngelag parah setelah update, jadi males pake aplikasinya"
1,"loadingnya sangat lelet banget,Masi sama mala semakin lelet, setiap kali mau transaksi aplikasinya selalu keluar sendiri,jd gak nyaman"
1,ini kenapa aplikasi nya susah dibuka malah balik lagi balik min kacauu
1,"setelah lebaran aplikasi ini sering tutup sendiri, tolong diperbaiki, kalau sudah normal ditambah bintangnya"
1,"sudah di update malah tidak bisa di buka, sangat menghambat transaksi"
1,parah ini my bca abis install ulang malah gabisa dibuka ..
1,"aneh malah tutup sendiri, harusnya Lo tuh ngaca min, kenapa rating aplikasinya turun bukannya dablek dgn klaim server tidak ada gangguan jelas2 saya buka aplikasi ketutup sendiri berkali sampe saya uninstall pasang lagi, jadi please ngaca ya kaca itu banyak dipasar tradisional pelanggan komplain itu didengar bukan bikin statement ngada2. makasih."
1,"setelah update jadi lemot , gak bagus untuk di lanjutkan"
1,setelah di update malah gak bisa di buka harus verifikasi ulang minta kode otp 😡
1,my bca punya ku sekarang kok lemot e minta ampun.. padahal jaringan internet bagus semua. memory HP pun juga masih tersedia banyak.. bikin kacau kalo transaksi
1,"setelah update lemoooooottttt parah, bikin gk bisa sat set buat transaksi, dimana2 update buat bikin lebih fresh segala macem cepet, ini malah kebalikan"
1,"tolong bgt ini mah, ganggu saya tiap mau payment, lemot bgt apk nya, kaya berat bgt gitu apasi, ini bukan aplikasi game jdi tolong perbaiki"
1,"bcaaa lemot,,keluar masuk ngga bisa transaksi tolong mah udah lama make BCA kok gini saat pakai mbangking keluar masuk aplikasi"
1,"halo system jelek, saya ingin menyampaikan keluhan bahwa verifikasi wajah buka mulut, nengok kanan kiri angguk atas bawah lo kira itu gorila? itu gue kocag ngapa gagal kocag jangan bilang kurang penerangan system lu aja yg kocag"
1,"gatau apa permasalahannya,pas buka myBCA sama BCA mobile selalu force close,buka Livin by mandiri dan BRImo bisa"
1,malah makin parah sering keluar sendiri sekali nya udah bisa masuk dicoba TF dari rekening satunya ke yg baru dari Mybca status udah Masuk tapi saldo masih kosong
1,potongan BCA makin hari makin besar dari semua bank ini bank yg gua gak suka karna potongannya maki hari makin besar
1,kenapa setelah update jadi lemot bahkan kadang apk Ng frezz
1,"setelah di update yg ada malah lemot parah , kacau"
1,saya mau bertanya.barusan teman saya transfer ke rekening BCA saya sebesar 50.000 pas saya cek uang tinggal 10.000 . di lihat dari mutasi dan segala macam tidak ada data pengeluaran???? apakah myBCA sudah tidak aman?? bukan Masalah nominal nya..tapi semenjak kejadian ini menjadi antisipasi saya untuk memakai myBCA ini. tolong penjelasannya??!!
1,"lemotnya minta ampunn ,tolong cepet benerin soalnya gangu banget yang mau cepet2"
1,engga bisa transfer engga bisa juga di transfer
1,"selisih saldo yang tidak tercatat di mutasi setelah transaksi, chat CS, tapi penjelasan gak menjawab secara jelas sumber selisih, perbaiki lagi sistem pencatatan saldonya."
1,aplikasi sangat jelek.sudah d updet dn pindah hp bagus pun.msh tetap aplikasinya tulisan tutup aplikasi dan tunggu.
1,di update malah lemot
1,memperbaiki bug dari versi sebelumnya? ini malah lebih parah.. apk tidak mau merespon
1,bagus
1,setelah update ko lemotnya pake bnget
1,up date bukanya lebih bagus malah jadi lemot bnget
1,sekarang aplikasi my BCA udah parah tiap login keluwar keluwar sendiri tolong jaga pelangan. jangan dibikin kesel sama apk my bca
1,kenapa ini tidak bisa di akses data ada tapi kaga bisa akses
1,setelah update lemot banget
1,"jujur fitur di My BCA ini lebih lengkap untuk berbagai keperluan transaksi, saya sangat suka, tetapi pas minta update di fiturnya.. menjadi lemooooot seada-adanya. back to BCA mobile saja"
1,setelah update jadi ngeleg banget buat pembayaran paycools jadi susah
1,Mohon maaf saya pindahkan saldo dulu ke aplikasi lain soalnya setelah di update malah banyak bug udah mah susah masuk nya malah disuruh tutup aplikasi lemot sekali juga semenjak update pokok nya.. Kalo sudah normal lagi kayak versi sebelum nya mungkin akan saya pindahkan lagi soalnya banyak waktu kebuang lama saat mau gunain aplikasi
1,ko malah error gitu si aku daftar malah dikirim kode dari email yang sama sampe 3× dan malah valid
1,"ini gimana sih, mau login aja aplikasinya terhenti sendiri terus. Baru juga daftar udah kek gini hadehhh"
1,"semenjak update, lemot banget ni apk mau payment dan transfer lama banget mohon untuk di tinjau lagi apk nya terimakasih."
1,kenapa setelah update aplikasi selalu 'tidak menggapi' dan loading lama seperti bug. parah
1,"setelah updet parah tidak bisa dibuka, clos terus"
1,setelah di update malah lemot banget yaa allah sampe mau transaksi harus nunggu muncul aplikasi tidak menangapi terus sampe buka tutup aplikasi gitu aja terus kendala muncul mulai bulan ramadan sampai sekarang pun masih lemotttt bagaimana solusinya? lama lama males lo pake apk ini mohon segera diperbaiki ya
1,"nih apk semenjak di update malah gak jelas lemot nya, bener² lemottt parahhhh"
1,di saat di buka aplikasi keluar Mulu parah kacau jadi susah di gunakan
1,ini gimana zih😭 knpa setelah di update malah sangat amat lelet gini... tolong dong BCA kerjasama nya
1,susah BCA habis di isi uang langsung blokir
1,"saya beli kuota nggak masuk selang beberapa jam, kemudian saya beli lagi melalui konter biasa, malah masuk bebarengan dengan pembelian di kontee, bagaimana sih, merugikan saja krn kuotanya jd hangus bukan malah bertambah"
1,"Pelayanan BCA area Martapura, Kab. Banjar, Kalsel belakangan ini mundur jauh kebelakang, semenjak kantor cabang pembantu nya pindah ke ruko yg lebih kecil dan ATM nya ga buka 24 jam. Di Martapura ini ada 3 lokasi ATM: 1. Kantor BCA cab. pembantu nya ( dulu ATM nya 24 jam, tp sekarang buka nya cuma di jam kerja) 2. Di Toko Zamrud (sudah lama mesin nya rusak hingga saat ini) 3. Di Alfamart Sekumpul Ujung (tidak buka 24 jam) kami sangat kerepotan kalau mau tarik tunai di pagi hari. #pindahbank"
1,bagong siah tolol meuni hese asup ge sing baleg atuh nyieun apk teh tong hese asup wae puguh sinyal alus ge ini setiap login pasti lila jeng deui sok aya tulisan aplikasi tidak menanggapi kan tolol
1,"aplikasi gak guna ,gak bisa di pakai"
1,"semenjak update malah makin lemot, sekelas BCA aplikasi nya payah super lemot"
1,"sumpah sesudah update bukan nya tambah bagus malah tambah rusak,pihak BCA bukannya di perbaiki"
1,Saya tidak dapat membuka aplikasi nya setelah update
1,"maaf sebelumnya yaa... tapi setelah di update malah lemot, lama banget kebukanya, lama prosesnyaa"
1,Makin kesini makin jelek ini aplikasinya di perbarui malah makin susah masuk keluar dengan sendirinya
1,aplikasi tidak merespon keluar sendiri
1,"monyet,, niat gak sih nih applikasi"
1,"sekelas BCA masak bikin apk yang berjalan normal aja ga mampu. masalah selalu pas mau login. sampai dikirimi 3kali kode OTP, logout lagi. sekali otp pulsa 1500 melayang. 3x OTP = pulsa 4500 hilang. bayangin aja ada 1000 orang per hari. jadi penipuan jenis baru nih. UPDATE: saya bisa pastikan Pulsa berkurang 1500 tiap OTP masuk. (BUKAN 1000) operator Tri."
1,"seteleh di update kok jadi lemot parah...di buka aja gak bisa...mana buru"" mau tf malah gak bisa dibuka...paraaaahhh"
1,ngecrash mulu padahal hp baru factory reset
1,"sekarang pakai mybca makin parah lemotnya dan makin lama untuk tranfer atau check saldo, tolong diperbaiki donk masa nama besar BCA aplikasinya seperti ini, parah banget pokoknya, selalu dan selalu pastikan koneksi anda lancar jangan gunakan wifi pastikan memori tdk penuh, semua sudah normal hanya aplikasimu mybca yg lemotnya parah, klu tdk percaya silakan check sendiri dihp anda"
1,"Selevel BCA kok bisa-bisanya aplikasi myBCA yg lemot dan sering eror karena selalu muncul notifikasi myBCA tidak merespon. pilih Tutup Aplikasi atau Tunggu. kok dibiarin berlarut. Saya coba untuk uninstall lalu instal kembali. ternyata masih sama, bahkan aplikasi nya tambah lemot, masalah utama nya yang selalu muncul notifikasi myBCA tidak merespon lalu muncul pilihan untuk tutup Aplikasi atau Tunggu tetap muncul, sehingga sangat menggangu proses transaksi."
1,Makin sini makin lemot aja ni aplikasi.. sudah banyak yg komplain kenapa masih belum di perbaiki..? mau transaksi lamanya minta ampun..
1,kenapa habis d update makin lalod yahh biasanya it klo hbis update jadi lancar in kok makin lalod
1,aplikasi apa ini verifikasi wajah gagal mulu padahal wajah gua nggak ada bedanya sama yang dulu
1,"BCA kenapa sering bgt motong saldo nasabah tp gak ada pemberitahuan apa2, parah bgt udh gitu setelah di update malah lemottttt bikin emosi"
1,"setelah update, aplikasi makin lemot, buat dibuka saja tidak bisa, selalu keluar warning aplikasi tidak menanggapi"
1,setelah update malah jadi lemot anjeng. kadang juga gabisa dibuka ni aplikasi cukii👎👎👎
1,"Pasca update aplikasi menjadi super lemot, tolong segera di perbaiki. aplikasi mBCA aja masih smooth, tp myBCA menjadi sangat buruk. Penyimpanan masih banyak tersedia, jaringan ok tidak ada kendala. 1 hal aplikasi M-BCA lancar, mobile banking yang lain juga lancar tidak ada kendala, hanga MyBCA yang super lemot."
1,kenapa akun my bcaku lemot bgt ya eror tak kira hpku ternyata bukan memang dri aplikasinya eror lemot bgt tolong perbaiki lagi my bca biar transaksi kita lancar gak nunggu lama
1,ssmenjak update jadi lemot paraaaaah!!!
1,ini gimana sihh MyBCA setelah update jadi aplikasi tidak merespon terus mau transaksi aja susah nya minta ampun. ga bisa login tolong lah perbaiki. bulan lalu masih lancar sekarang malah lemot
1,"Pemindai retina nya katarak, nyusahin orang"
1,mau login aja susah
1,Lola loading nya
1,jadi lemot..sering muncul mybca tidak menanggapi..transaksi jadi terganggu.Tolong segera diatasi.
1,sekarang aplikasi lemot banget ga enak banget kak ga kaya biasaa kecewa
1,ini mau isi no hp kok kode negara indonesia tidak ada yaaa...
1,"biki emosi aja ini, pas di update semakin lemot gak karuan 😡😡😡😡😡😡"
1,semakin lemot parah
1,"Kenapa sih aplikasi ini lelet minta ampun, buat buka perlu waktu 30 menit. Buat transfer perlu waktu 2 jam. Bayangkan waktu 2 jam hanya untuk menunggu loading aplikasi ini."
1,nyettttt lamaaa keluar keluar mulu
1,YAKALI TIAP MENIT UPDATE ANEH
1,"diupdate ke versi baru malah muncul ""myBCA tidak menanggapi"". jaringan internet sudah stabil banget, buka aplikasi yg lain lancar2 aja. Giliran buka myBCA malah gak bisa. Aneh banget !!!!"
1,"mau verikasi wajah lemot banget, trus aplikasi keluar sendiri. makin di update makin parah my bca."
1,lemot parahh rah
1,"mau masuk, harus masukkan nomer, tpi kode (+62) untuk Indonesia gak ada, trus gimna?????? udah di uninstall dowload lg, ttp gak ada"
1,"apk bermsalah, asik kluar2 aja, suruh login uda masuk apk, eh tiba kluar, uda pake pulsa sampek habis pulsa untuk login, tiba chat sama cs suruh hapus terus dowload lagi apk klen yg bermaslah"
1,"Minta tolong untuk apk nya segera di perbaiki untuk masalah lemot ini, sangat merugikan pengguna. Tidak ada kendala pada handphone dan jaringan, apk nya yang harus dibenahi!"
1,tambah Lemot parah !!!
1,makin kesini makin gajelas BCA transkasi qris sering bug saldo sudah kepotong tapi transaksi ga berhasil ini gimana BCA? banyak update banyak bug juga heran !! ga ada pertanggung jawab dari pihak bank BCA?
1,"setelah di update, apk jadi lemot ka. tolong perbaiki dulu."
1,aplikasi ini nggak bagus. lelet banget
1,"apaan sih bca , abis update malah lemot"
1,"di update mlh lemot , jelek bangat aplikasinya, benerin aplikasi nya woyyy, my bca aplikasi perbankan paling jelek"
1,"pindah ke my bca dari mobile bca, bukannya makin bagus malah makin jelek. aplikasi lambat, sering not responding. padahal udh update paling baru. nyesal oindah me mybca. mending tetap ke mobile bca"
1,my bca saya kenapa yah dari kemarin keluar keluar terus udah update aplikasinya udah restart hpnya berulang kali tetapi masih sama tolong dibantu untuk cs bca saya jadi kurang bisa transaksi transfer
1,"setelah update aplikasi BCA malah lemot lelet susah karena nge lak...mestinya BCA segera perbaiki masalah lemot dan lelet ini team IT nya dikerahkan kenapa aplikasi ini membuat lemot lelet dan susah sekali untuk di akses sudah 4 minggu ini masalah lemot tidak juga teratasi kayaknya jangan mau menang sendiri dengan mengatakan jaringan tidak stabil,pulsa dsbnya...lihat betapa banyak ulasan orang mengenai aplikasi BCA setelah diupdate (BCA tidak mau mendengar keluhan dan merasa benar sendiri)"
1,apk gjls force close terus setelah update
1,ribet kntl
1,knpa selalu klo transaksi gagal tapi saldo kepotong ya ..udah sering kali kaya gini
1,"abis update jd lama banget appnya, padahal jaringan lancar, storage aman, devicenya sendiri juga ga ada masalah. tolong diperbaiki lagi karena jadi menghambat ketika mau transaksi soalnya"
1,"Apaan sih, akun gue kepental pental terus! disuruh login terus! MANA PAKE PULSA! MASA SETIAP ABIS UPDATE BEGITU! BENERIN LAH!"
1,update yg baru lemottt bangettt mohon di kondisikan.. kadang keluar sendiri dari aplikasi 🙏😭
1,"sebelum di update apk my bca , lancar dan bagus , setelah di update apk nya jadi lemot , malah sering tidak menanggapi dan tertutup sendiri , untuk my bca , mohon apk nya di perbaiki ."
1,"TOLONG DI PERBAIKI ! Setelah update app makin gak jelas, lemot dan sering error. yang di salahin selalu jawabannya app tidak ada kendala. yg salah jaringan dan penyimpanan hp. padahal jaringan udah pake selular , penyimpanan hp aman, dan di coba di beberapa gadget berbeda tetap saja galat."
1,Lemottttt bgt ... kadang Aplikasi berhenti.Menyebalkan mau Transaksi Susah
1,eror melulu. lemot buka aplikasi lemot semua jadinya susah buat transfer sama mau tarik tunai. eror setelah update
1,ngelag Mulu jaringan bagus juga apk tidak menanggapi
1,Saya buka aplikasinya sekarang lemot banget. tolong segera di perbaiki
1,kenapa myBCA sekarang lama kali mau transper dan membuka nya tolong di tanggapi
1,setelah update makin parah lemott
1,"ahhh gak jelas verifikasi muka sendiri gak pernah bisa masuk, sumpahhh gak jelassssssss"
1,"luemot parah min tolong diperbaiki soalnya saya sering transaksi lewat aplikasi ini,"
1,makin kesini makin lemot
1,"parahhhh sudah 2 minggu lebih my bca lemot setiap buka mbanking selalu tutup atau tunggu... gx ada perbaikan sama sekali,mengganggu bnget kalau untuk transaksi... biasa nya cepet skarang lama lemot bnget... tolong lah segera di update di perbaiki... masak setiap mau transaksi buka mbangking lamaaa bngt... padahal sudah bnyak loh yang komplen"
1,"setelah di update lemot bangetttttt. setengah gila dah nungguin kelemotan ini, udah di apus di install lagi, ganti wifi tetep aja lemot"
1,"setelah update aplikasinya ngga bisa dibuka,,,, lemot leleeeettt buanget, terus force close,,, gimana nih mau payment ngga bisa"
1,setelah update malah lemot . keluar sendiri. lama loading . mau transaksi saja sampai butuh setengah jam parah
1,"Aplikasi gak jelas, setelah update makin nyusahin lemotnya. Potongan bunga aja besar, masak untuk update sistem gak bisa. Pantesan sahamnya anjlok."
1,"Setelah update terbaru, saya sama sekali tidak bisa login. Mohon segera diperbaiki. Saya sudah mencoba login di dua HP yang berbeda, tetapi hasilnya tetap sama. Mohon tidak menyimpulkan bahwa ini masalah jaringan, karena koneksi saya dalam kondisi baik dan lancar untuk aktivitas lain seperti bermain game dan penggunaan aplikasi lainnya. Saya sangat membutuhkan akses ke m-banking, namun saat ini tidak bisa login sama sekali. Mohon bantuannya untuk segera ditindaklanjuti."
1,"aplikasi ndk bisa kebuka,tiba tiba keluar sendiri"
1,lebih parah dari BRI. pie iki.
1,update membawa petaka.. lemot y luar biasa
1,serelah ipdate makin lemot aplikasi keluardwngan sendirinya
1,"mau tutup bca, gara gara hal yang sampai sekarang tidak diperbaiki. lemot gara gara update . kalian buta kalik atas keluhan kami."
1,mau masuk minta verifikasi wajah....giliran di mulai malah balik ke menu terus...parah ni aplikasi.
1,"min tolong update lagi sekarang masuk menu password lemot sekali, saya kira hp saya yg kentang taunya memang ada yg bug"
1,lelet paraaahhhhh
1,habis update jadi lemot untuk masuk nya
1,bikin aplikasi keblokir gara2 lemot😡😡😡
1,semenjak di update jadi lemot
1,"mental mulu , gabisa d buka"
1,"update terbaru malah busuk, lemot"
1,lemot
1,"ntah sudah terupdate ke versi baru atau gimana ,apk ga bisa di buka samsek selalu kembali ke menu layar ,haduhhhhhhh"
1,"berharap hidup terbantu dengan aplikasi pembayaran malah aplikasinya konyol bgt lemot parah, di bawa ke bank malah teller bilang apk di hp yg kebanyakan jadi bikin ngebug padahal apk biasa aja dan sebelumnya bisa"" aja sejak tgl 17 Maret error parah ni apk"
1,"sampah, login aja ga bisa"
1,"tolonglah udah update terus, bca gabisa dibuaka, keluar keluar terus, app gagal app gagal terus"
1,"setelah di update malah lemot, susah mao ngapa²in pake aplikasi ini, TOLONG BALIKIN KE SETELAN SEBELUM NYA YG NYAMAN DAN TIDAK LEMOTTT...!!!!!!"
1,ribet sekali apps mybca ini susah login nya
1,"buru di update lagi deh, update terbaru, malah lelet banget loadingnya, ujung2nya muncul myBCA tidak ada tanggapan."
1,"setelah di update malah lemot dan suka keluar sendiri, dimohon perbaikan nya.!"
1,"tetep nge leg guys,mohon segera solusinya"
1,"sama kaya yg lain, tapi punya saya lebih parah baru klik udah mental app gak bisa ke buka"
1,"kenapa jadi makin lemot sih setelah di update?! tolong dong diperbaiki lagi. klo mau tf sama tarik tunai susah, kelamaan nungguin loadingnya."
1,Lemot parah sih sekarang
1,ga bisa dibuka force close terus
1,update terus. tapi malah makin lemot. Gila kali lu ya. gue mau transaction aja di bikin malu ama kelemotan app ini. ½jam baru bisa di gunain ini aplikasi. tim IT lu pada gmn coba ampe selemot ini aplikasi tiap di perbaruin bknnya bener.
1,tolong diperbaiki setelah update jadi lemot
1,setelah update aplikasinya jadi lambat
1,lemooott paraaahhhh
1,"verifikasi wajah ribet banget udah mangap² tetap aja gagal sampai berkali-kali ujung²nya tetap suruh dateng ke CS kantor terdekat, huff"
1,jadiii loding parah pdhal no yg aktif dan terdaftar di akun BCA udh disim 1
1,Setelah di update kok aplikasinya jadi lemot bangett sihh :((
1,LEMOTTTTTTTT APLIKASI LEMOTTTTTTTTT PADAHAL HP RAM INTERNAL BESARRRRRRR
1,"semakin parah ,bentar bentar perbarui .malah tambah lemot .setelah upgrade,gimana ini.yang lain normal .my BCA aja lemot pol bikin naik darah transaksi pake my BCA .gimana dong."
1,verifikasi muka setelah masuk setelah itu tidak pernah sikron
1,disuruh vc cs malah dii setteliin musik uda 5x coba sama aja dasar teeller gk becuus
1,"suruh masukan kode negara nomor hp, tp kode negara indonesianya tidak ada, lucu sekali kamu bca"
1,"lemot, lemot, lemot, lemot, lemot......"
1,kenapa lemot bngt
1,ribet mau nerima otp aja harus ada pulsa
1,Lemot
1,kacau lemot bgt evaluasi
1,"ini kenapa aplikasi nya susah masuk? mhon ceck kembali oleh team IT nya bkn satu dua orang yang ngalamin nya sya udh brhari2 tidak ada perbaikan susah masuk setelah upgrade, (ops... terjadi kesalahan mohon coba beberapa saat lagi) mau sampai kapan mencoba sedangkan transaksi itu perlu."
1,rott da daftar dah ada saldo tapi apk ga bisa di buka 😡 dah lah /tanggal 29 Maret 2026 dengan ini menyatakan hapus akun... trimakasih 🙏
1,ko jadi lemot. padahal saya pake transaksi tiap hari. parah my bca setingkat bank besar ko aplikasi nya lemot.
1,"lemot banget mau buka apk myBCA, sampe lag banget, mau cek saldo aja susah selalu keluar notif aplikasi myBCA tidak menanggapi, tolong diperbaiki biar kaya dulu lagi , malah makin berat aja"
1,lemot perbaiki lagi mau transaksi lama banget buka aplikasinya
1,KO SEKARANG JADI LEMOT MIRIP BANK LAIN. KEMBALIKAN BCA YANG DULU!!
1,"APLIKASI MAKIN DI UPDATE MAKIN LEMOTNYAA MINTA AMPUNNN, SAMPE EMOSI SENDIRI, SEKELAS BCA AJA LEMOTNYA KAYAK GINI, ALASANNYA SEDANG PROSES EVALUASI, MINIMAL KAYAK BANK SEBELAH GAADA LEMOT LEMOTNYA."
1,"abis diupdate malah gak bisa dibuka, nutup mulu....sampe aku uninstal trs instal lagi sama aja"
1,setelah update jd lemottt
1,ngirim otp doang lama nya minta ampun
1,kok sekarang ga bisa di buka yaa keluar muluu gimana ini miinn mau transfer tapi gabisa di buka aplikasi nyaa Darii lebaran kemarennn lohh segera di perbaiki dong butuhh banget inii tapi gabisa masukk ke aplikasi
1,"Kenapa yaa ini MYBCA setiap hari lemot terus?!! Udah Saya update aplikasi nya ehh ko tmbh parah, padahal sinyal di Saya bagus, kuota masih banyak, terus pake wifi juga sama lemot nya, ampunnn dehh! selalu ada aja notif MYBCA tidak menanggapi gitu. Jadi intinya tolong yaa Min perbaiki lagi SEGERA!! jangan menyusahkan orang lain untuk bertransaksi menggunakan MYBCA. Terima kasih."
1,"setelah update malah semakin lemot.. parah banget... kualitas sinyal baik stabil,sim di slot 1. tetep lemot. bukan dari perangkat kami. tapi dari aplikasi nya. mohon diperbarui. bukannya mamperbaiki bug malah makin parah ini... mohon jadikan koreksi"
1,HBS update terbaru jadi lag
1,setelah update aplikasi kenapa jadi lemot banget dan gak bisa di buka mau transaksi jadi sudah Mohon dari pihak my BCA tolong di perbarui sistem nya ini jadi susah kalo mau transaksi dan mohon respon baiknya
1,"muncul terus notifikasi untuk Update, setelah update malah gak bisa di buka sama sekali"
1,"mybca gagal menanggapi.mybca tidak merespon.apa apaan ini,,?mybca dibuat untuk memudahkan para nasabah bukan untuk mempersulit.mau log in aja susah!!!pulsa dipotong.tapi tidak bisa log in padahal sinyal bagus.beberapa kali coba lagi habis pulsa dan masih gagal.penipuan jenis baru yah?2-5-10rb dari 1 orang yang gagal log in dikalikan 1000 orang juga lumayan.tidak ada tanggung jawabnya.emangnya download apk nya gratis? ya harus ngemodal dulu lah beli Kouta.terus gagal digunakan.nipu juga namanya"
1,"Ijin. Utk Pihak BCA ... kenapa setelah update 2 x24 jam, mbanking BCA susah loading. selalu timbul tulisan tutup aplikasi. info solusinya."
1,"susah amat ya buat transfer,makin aneh ni bca,jaringan stabil masih,aja nyusahin org"
1,TOLONG BUG GAJELAS INI DI PERBAIKI DONG!!!
1,pertama sih lancar sekrng lemot banget smpe ad tulisan 'mybca tidak menagapi' tutup / tunggu
1,abis update lemot parah buat login aj gak bisa malah keluar sendiri
1,lemot setelah update
1,"Setelah di Update, Aplikasi jadi berjalan Lemot alias Lamban dan menjengkelkan.. Tolong kembalikan seperti sebelumnya. Tks"
1,"waduh dikira awalnya hp ku yg lemot, apa karena belum update pas cek PlayStore mau update ternyata udh otomatis ke update, iseng liat ulasan ternyata semua keluhannya sama abis di update malah tambah lemoooottt... hello my bca itu udh banyak banget loh komplen tolong segera ditangani ya, biar ga lemot lagi kadang kalo lg dipake buat buru"" jd buang"" waktu terimakasih...."
1,ini kenapa myBCA ko nge BUG gini setelah d update.. buka aplikasi jadi loading lama setelah itu ada info aplikasi terhenti. jaringan bagus. buset dari tgl 14 maret sampe tgl 29 maret myBCA NgeBUG gini. uninstal sudah restar hp sudah. ruang penuimpanan mash banyak ruang kosong. tong dong maintenance nya perbaiki maza d biarkan lama gini.
1,"SMS untuk masuk ke BCA saya ko GK terkirim"" gimana sih! dh hampir seminggu nyoba masuk gak bisa masuk, pdhl pulsa udah diisi bnyk. SMS nya tetap GK masuk"
1,"pertama bikin sat set cepat buka aplikasi tapi setelah di update malah ngelag / delay lama pas mau buka aplikasi my BCA nya, tolong di perbaiki ya admin nanti klo udah bagus saya kasih bintang 7 🙏 ini gimana masih ngelag gini buka aplikasi my bca paraaah 😡"
1,lemot apaan ga bisa menggapai mulu aplikasinya jadi susah buat transaksi
1,dari sebelum lebaran...sampe sekarang ngebug...keluar aplikasi terus....pake data sama aja keluar aplikasi mlu...pake wifi pun sama aja...tolong lah perbaiki
1,"setalah update kemarin kenapa kok sekarang jadi lemot dan diley banget, teruss lama banget kalo mau buka apk nya, tolong dong di perbaiki lagi sistem nya"
1,"setelah di perbarui kok lemot bnget sih, parah bikin transaksi mkin laamaaa,, mending pakai bank lain aja lah"
1,bca kpan update lagi..ini GK bisa masuk terus ..itu juga banyak komplain ..tolong d perbaiki sistemnya
1,kenapa sekarang jadi lemot banget ya aplikasi tolong cept di perbaiki ya🙏
1,lemot lelet sy pastikan smua pengguan BCA gak akan memakai mybca
1,lemot semenjak sebelum lebaran
1,mohon gimana inj maau buka apk ssusah lemot banget ngebug .
1,"knp lemot bgt bbrpa hari ini, udh uninstal & instal ulang, pas masukin otp astagaaaa lemot bgt smpe habisin wktu, udh makan pulsa brapa ribu. payah!!!!!"
1,"update trbaru makin parah lemoot bangt bukanya, pdhl seblmnya sdah bagus bngt, cpt"
1,"Kak ini gimana sih kok ga dapat kode otp mulu ,jangan suruh data nya dibedain sama nomor yg terdaftar toh apk yang lain aja bisa kirim kode otp sambil data nyala ,fyi pulsanya juga masih ada .saran aja nih kalo bisa jangan ngandelin sms mulu tambah WA juga jdi kirim otpnya ga cuman sms ada WA juga sekalian biar cepat"
1,"Tolong di perbarui lagi, Sekarang lemotnya minta ampun,"
1,"kalau ada sales datang ke toko kalian, nawarin bukak rekening dan nawarin free edc. jangan mau. nnti kalian akan di rugikan. ujung2nya duit kalian terbuang sia2."
1,"semenjak sudah update,aplikasinya ngak bisa di buka lagi"
1,"lemot, tutup apk"
1,hp gw GK aktip 1bulan.. pas aktip mau login my BCA. malah ada tulisan no anda sedang terblokir. payah. gak ada apa2. malah di blokir
1,mari update tambah lemot g karuan
1,parah d apdep minta ferikasi wajah mah g bisa
1,L.E.M.O.T
1,"kebanyakan ngehangggg, lama banget aplikasinya di update malah nambah eror, maap nihhh sinyal saya dah 5G dah bagus sinyal nya malahh eror terus"
1,"mohon diperbaiki dong. kok sekarang tambah lemot, sering keluar sendiri padahal jaringan aman."
1,"lemot parah, tolong aplikasinya diperbaiki. masa transaksi qris aja lama banget mulai dari awal buka password sampe masukin pin lemot parah, jujur bikin malu karna terlalu lama waktu bayar di resto"
1,setelah update knp gak bisa login ? pilih no hp untuk kode negara Indonesia gak ada 🤣 ngakak
1,"Aplikasi tidak bisa dibuka, loading logo lalu force close"
1,"jelek pas update keluar sendiri,"
1,semenjak di Update jadi berat sangat nih apk
1,"setelah di update, ngisi saldo etoll gak bisa, kirain kartu flass yg bermasalah, di coba ke aplikasi lain seprti dana buat ngisi etoll ternyata aman aman aja. ketau yg bikin penyakit rupanya My BCA 🤦‍♂️🤦‍♂️"
1,"gajelas, diupdate malah kelmar klemer. perbaiki lagi!"
1,"uninstall bbrp kali ttp tdk bs login, bs login sebentar blm d pake transaksi tiba² logout. Aku pikir hpku yg bermasalah, ternyata lihat bbrp ulasan memang dr apk mybca 😫"
1,"tidak bisa buka aplikasi nya, selalu ketendang keluar aplikasi, padahal sinyal udah stabil dan bagus semenjak update terbaru, aplikasi semakin lelet dan susah untuk di buka"
1,"iya skrg kok jd ngelag lambatbuat cek saldo doang, msh bagusan yg mbca, layar hp bisa hitam dulu"
1,mybca apa ini .saya ganti kartu di thun 2025 belum di kirim di cek mybca malah gak ada pengiriman.saldo kurang 60000. lalu bulan ini saya ajukan ganti kartu lah masih di potong uang saya 60000 ribu .yang bener ini mybca jika kartu tidak kunjung datang terpaksa saya blokir ini bca
1,kenapa tidak bisa di buka
1,susah verifikasi wajah
1,myBCA lemot lelet abis sesudah minta update pindah ke MBCA aja
1,"developer tolong dong aplikasinya diperbaiki. ini newest version dari myBCA tapi malah ngelag parah, setiap mau buka tiba-tiba ke-out sendiri. berkali-kali di-reinstall tapi tetep nggak work. pls ditindaklanjuti, soalnya harusnya nggak ada masalah sama koneksi."
1,setelah di update malah lemot parah jdi menghambat transaksi
1,"Belum pernah bikin ID BCA di myBCA, tapi ternyata udah ada lewat email, tapi pas login pake ID BCA pake password apa? belom pernah bikin, keblokir dah tuh ID BCA"
1,kenapa ini sering sekali keluar udh beberapa aktifasi lagi lewat sms berrhasil lalu begitu lagi.. jadi boros pulsa untuk minta kode otp 😤
1,semenjak di update kenapa jadi lemot banget sih saya jadi susah kalau ada transaksi buru buru tolong diperbaiki lagi dong sistemnya
1,"setelah update malah LEMOT.. ini petinggi BCA budeg atau buta ya, ulasan sangat parah dan sebagian besar mengeluhkan hal yg sama tapi MASIH TIDAK ADA TINDAK LANJUT.. saya mengikuti saran halo BCA yaitu uninstall lalu instal kembali, jadi tambah lucu MALAH GAK BISA DIBUKA SAMA SEKALI.."
1,habis di update malah suka keluar sendiri
1,Setelah update kok jadi lelet sekali
1,kenapa versi baru jadi lemot minta ampun .... transaksi jadi bener2 terganggu... tolong dong diperbaiki lagi utk aplikasi MY BCA
1,"setelah update malah lemot, setiap mau masuk sudah tulis password malah ngebug lalu keluar dari aplikasi terus... gimana ini bca bikin aplikasinya.. kemarin2 aman2 aja sekarang kaya gini... kurang lah ratingnya... malah di sarannin update aplikasi.. orang udh update aplikasi malah lemot, mangkanya klo custumer komplain jawabnya jgn pake bot.. pelayanannya kurang nih"
1,updetannya lemottt
1,"ini bca lagi kena scam apa gimana si? LEMOT BANGET SUMPAH, ini bukan karna data ya, sinyal saya normal saya juga pke wifi .. tapi LEMOT BANGET SUMPAH!!!"
1,"ini aplikasi my bca kenapa sih, sudah 1 Minggu gabisa dibuka, setiap mau buka aplikasi tiba"" ketutup lagi aneh, tolong dong dibenerin sitem nya, Ter update tapi masih bug dan error"
1,aplikasi nya lemot parah
1,"salah satu atm ter ribet, buat login m-banking aja ribetnya minta ampun beda dr debit lainnya"
1,aplikasi nya minta update mulu bukan nya makin bagus malah makin lemot
1,LEMOT
1,"ternyata bukan cuma saya seorang. Setelah di update, aplikasi sering force close. aplikasi lain berjalan normal. sinyal saya tidak pakai wifi. apakah saya tutup rekening saja di BCA? buat apa bank sebesar BCA tapi tidak sanggup buat aplikasi mobile banking yang berjalan dengan baik."
1,kemarin lancar tanpa kendala. setelah update terakhir malah jadi lemot ga karuan. tolong dong segera diperbaiki. banyak banget nih yang ngeluh myBCA lemot setelag update
1,"kenapa pas update malah lemot lama bnget lagi mohon di perbaiki lagi, tau begitu tidak di update🥱"
1,"Sering update malah sering terjadi kesalahan disebabkan oleh aplikasi saldo terpotong otomatis, pembayaran dalam proses tetapi saldo tetap dipotong jalan satu satunya mending pindah bank!!"
1,kacau
1,"sumpah aplikasinya setelah update malah tidak bisa masuk lagi, susah banget, minta IDlah itulah sudah dikasih masuk pun tetap jqa dbilang slah, Aplikasinya sampai sekarang, tidak bisa di buka, sumpah makin nyusahin bnget usernya."
1,"apk gabisa dibuka semenjak update terus knpa yah jadi susah gini ,kemaren kemaren lemot sekarang malah gakebuka"
1,update mlh lemot parsh
1,ya ampun apk tambah lemot suka keluar sendiri... astaga beratnya kek batu segunung
1,"APLIKASI RIBET ,PALING BENER BCA MOBILE .harus segala aktivasi finansial buat transaksi transfer"
1,"PARAH !! ga bisa di pake ini mybca, loading lama, pas login malah aplikasi tidak menanggapi.. terpaksa pindahin semua ke brimo"
1,"setelah update kmaren malah lelet gagal2 masuk, lelet sendiri, malah kita yg terblokir 😏"
1,ribet
1,"mybca banyak freeze nya, selalu muncul mybca tidak menanggapi, sudah clear cache, hapus data tetap sama saja, pakai jaringan sendiri atau wifi tetap sama, mohon perbaiki sistem BCA makin lama makin tidak jelas, aplikasi sering freeze mengannggu sekali"
1,Di update kenapa malah lelet ya? 🤦🏽🤦🏽
1,update terakhir login my BCA tiba tiba tidak bisa masuk malah terblokir padahal user id benar password benar telepon customer service 1500888 malah gak nyambung nyambung pelayanan buruk sampe customer service tidak bisa di hubungi
1,"susah login, otp berlaku 90 detik, tp msuk otp ny gk jelas, sllu kadaluarsa"
1,nyesel pake bca karna uang ilang dan atm di bobol terus tlp customer malh gabisa di kembalikan padahal dana tiba tiba ilang karna dibobol dan error. gimanaa sii bca udaa di tlp tetep ana
1,aplikasi tidak menanggapi setelah di update sebelum update aman aman aja sim di slot 1 jaringam bagus banget aplikasi mobile banking yang lainnya lancar lancar aja cuma mybca aja yang bermasalah bca mobile aman aman saja saya pakai sudah dari tgl 19 setelah update masalahnya muncul sudah saya uninstal aplikasinya dan download ulang dan login ulang sama aja tetap aplikasi tidak menanggapi
1,lemot.. lambat loading.
1,"Masa w bikin sdh 3 hari online malah stak data buat foto selfie, dr gambar foto sesuai garis bingkai, tp gambar foto camera yg di aplikasinya malah ga ada, apa yg w pengen pencet, aplikasi tolol yg bikin, w bikin BRI ga sampai 5 menit jadi online jg, cape dah aplikasi kaya gini"
1,"ini kenapa mau daftar/login baru tulisannya ""verifikasi tidak dapat dilanjutkan"" langsung balik lagi keluar, ayolah myBCA yg eror"" di betulkan"
1,mengecewakan sekali seh BCA ini mau buka mbanking .pin benar ttp ngak bisa intret juga sudah ok ☹️
1,ada update ke versi baru TPI hbis di-update kok malah ngga bisa masuk ke aplikasinya gimana
1,jadi lemot dan sering error
1,"wah parah, mau transfer suka force close sendiri sudah saya reset pengaturan juga tetep sama tadinya bisa buat dipake ini setiap mau transfer ga bisa terus gimana woyy, sudah ke bca ttp dsuruh off in aksebiliti nya udh ngikutin carany tetep aja g bisa digunain payah"
1,"setelah update aplikasi jadi lebih lambat, sudah ditunggu tapi tiba2 aplikasi tidak menanggapi. saya cek untuk buka mbanking bank lain tetap lancar, sinyal hp jg aman. tolong dong aplikasinya diperbaiki lagi, kalau buat transaksi qris jg loadingnya terlalu lama"
1,update baru aplikasi malah berat bukanya. suka keluar tutup dan tunggu aplikasi.
1,tambah lemot
1,gak bisa di buka apknya keluar mulu
1,"Fitur transfer nya masih kurang baik, nomor yang tidak terdaftar saja masih bisa buat di transfer , Aneh"
1,kenapa ya habis di update malahan sering ada tulisan mybca tidak menanggapi. terus lemot banget. jadi nggak bisa transaksi yg nyaman. apakah ada bug atau apa ya? setelah di update harusnya lebih baik ini malahan lemot dan nggak bisa menanggapi
1,"sbener y klo gw gajian gak pke bca ,gw gk mau pke,app lelet lemot gk bisa byr cicilan enakan mandiri ,tpi mau g mna lagi"
1,"udah beberapa kali transfer ke my bca tapi gak ada masuk, niat mencuri kah?"
1,Payaaaah se kelas BCA yg ngsih bintang 1 hampir semua nasabah lemoooot dh hampir 2 minggu
1,kenapa setelah update terakhir jadi sering error?? loading lama dan aplikasi not responding terus..
1,"setiap buka m banking, yg ada m bca tidak ada tanggapan"
1,MyBCA Lag PARAH!!!! kacau!!! di update bukan y makin mudah malah makin ngeselin
1,paylaternya Ditolak kalo yng lain DANA SEABANK DI ACC
1,"semenjak update lemot banget.... sangat mengganggu.... udah gitu aplikasi sering gak respon pula mending yang sebelumnya gak da kendala apa"""
1,aplikasinya bagus di awal aja makin kesini makin lelet loadingnya lama banget padahal jaringan stabil dan bagus tapi aplikasinya loadingnya lama banget trus ada tulisan lagi aplikasi my BCA tdk merespon ini gimana sih sebenernya nggak jelas aplikasinya tolong di perbaiki lagi aplikasinya
1,"saya pikir ada kendala di HP saya, benar ternyata setelah update kmaren MyBCA lola parah sampai force close terus, tolong di perhatikan, sebelumnya aman. jaringan kita aman, wifi aman gak ada kendala emang dari aplikasinya"
1,mau buka rekening baru tapi cs nya ga mau angkat telpon
1,sdh di update tp tmbh lemot.
1,layanan cs nya jelek bet masa saya mau nanya kerena kendala mau login my BCA terus harus isi nomor handphone karena harus memilih kode negara dan kode negara Indonesia di pilihan itu gak ada jadi saya gak bisa login. lalu saya call cs bca dan saat saya mau bicara malah di matikan.
1,aplikasi semenjak di perbarui jadi lemot berat mau transaksi jadi malu jadi lama hape kita berasa kaya ram 1gb lemot aplikasi tidak jelas mempersulit nasabah
1,ada yang sama tidak scan qris buat transaksi posisinya di scan aja engga berubah ke transaksi setelah upadate kalo udh baik saya edit bintangnya
1,"APK Di perbarui, perubahan yang terjadi lemot saat buka apk, transaksi lemot gajelas. update terparah di bulan maret, sebelum sebelumnya oke oke aja walaupun di update"
1,kenapa jadi lemot yah setiap mau masuk pasti ada info 'myBCA tidak menanggapi' kenapa yahh?
1,lemot bangett keluar teruss padahal update lohh hmm sebal
1,"ternyata hampir sama ulasannya, apa yang di alami oleh saya selaku pengguna aplikasi mybca, dialami juga oleh pengguna aplikasi mybca yang lain, karena setelah update aplikasi mybca malah susah untuk masuk ke menu login, dengan notif tutup aplikasi atau tetap menunggu!! tolong segera diperbaiki untuk aplikasi mybca nya untuk kenyamanan nasabah pengguna aplikasi mybca, karena membuat transaksi menjadi terkendala menggunakan aplikasi mybca!!!"
1,"ini kenapaaaa aplikasinya lemot banget sekaranggg? login ulang pake OTP harus pake pulsa bro, gimana mau beli pulsa kalo mbankingnya gabisa login"
1,bug terusss lama banget mau login nya udah login gabisa gerak lama
1,setelah update kok malah lemot..mau transaksi JD susah tlong d perbaiki LG sistemnya
1,apalah aplikasi ini tidak bisa di buka lambat
1,"kemarin Bagus sekarang lemot, keterangan tutup aplikasi terus... mengganggu transaksi"
1,semenjak di update malah lemot..
1,"lemot , bahkan aplikasi nya sudah 2 hari saya tidak bisa buka MYBCA !!!"
1,"habis update, force close terus, hp juga tiba2 restart, paraahhh"
1,"APK NYA PARAH KELUAR-KELUAR TERUS MAU TRANSAKSI DELAY BANGET NUNGGU 3-5 MENIT, MULAI DARI H -7 LEBARAN SAMPAI TGL 24 MARET 2026 TIDAK ADA MAINTENANCE KAH? GAK JELAS BANGET LAMA2 PINDAH KE BANK LAIN."
1,habis di update. malah app gak bisa dibuka
1,lag anj gajelas
1,"knpa ya apliksi ny g bisa tebuka udh 3 hri, sllu muncul apliksi tidak mendukung pdhl udh di updte jringan jga bagus"
1,jdi lemot semenjak di update gimana ya ini
1,knp begitu abis di update malah tidak bisa di buka aplikasi ya tlng di bantu admin my bca karena tidak bisa melakukan transaksi
1,"kenapa ya setelah update ke versi terbaru jadi lemot parah,kadang harus restart hp dulu baru mau ke buka aplikasi nya"
1,updt sistem lemot banget ini wooooy
1,"gila masa aksebilitas fitur hp ga bisa diaktifka, klo dikqtifkn app nya ga bisa dibuka,, bank2 lain ga brmaslh, bca knp bisq brmslh, fitur hp nsbh pun trganggu dibuatnya"
1,"minta update..giliran di update kok malah lebih lemot..bagus yg versi sebelumnya, bagaimana solusinya kok jadi makin jelek?? Saya tambahkan koment ya...jaringan aman, hp tidak bermasalah, yg bermasalah adalah aplikasinya, alasan sy pindah dr bank lain ke bca adalah aplikasi yg bagus, cepat dan responsif, klo di kritik perbaiki bukan menyalahkan customer,,krn versi sbelumnya baik baik saja, Klo tdk percaya liat brapa komentar yg mengeluhkan hal yg sama, jdi yg perlu diperbaiki adlh programernya"
1,Pelayanan buruk
1,bintang satu dulu setelah di update malah gk bisa buka aplikasi sering keluar terus payah nih bca 🫩
1,"segera adakan Update terbaru biar gak lemot. komplain lemot sudah merajalela. jangan pertahankan, apk yang versi 2.15.1 ini aplikasi sampah banget. buka apk trouble, masuk menu login aja terpental. giliran bisa paksa berhenti. aksebilitas sudah Off, Sim data sudah Sim 1 dengan nomer terdaftar. Jgn remehkan nasabah anda pengguna myBCA. sudah jangan banyak alasan. versi ini penuh BUG. SEGERA EVALUASI."
1,"aplikasi tidak bisa d gunakan mentok di logo kalo nggk keluar sendiri, gmna ini"
1,di update makin lemot
1,"setelah update jadi lemot banget, tidak merespon terus, abis di restart gabisa login. tolong segera diperbaiki kak"
1,knp di awal log in tidak di sediakan kode negara Indonesia
1,setelah di update lemot parah...aplikasi tidak menanggapi anehhh banget
1,setelah di update aplikasi mybca jadi lemot parah sangat mengganggu sekali. sudah telpon ke halo bca tidak ada solusi...di update performa nya bukan lebih baik malah lemot jadi apa mybca tidak bisa di gunakan transaksi ...sangat mengganggu tolong tim terkait mybca perbaikin deh lemot parah ini pak my bca..
1,"habis update kok ngelagggg bluggg,lemotttt blugggggg"
1,"gblk kl bikin aplikasi mikir dong.. namanya KTP kan bisa pudar, malah menyulitkan pengguna"
1,setelah update jadi sangat lemoddddd loadingnya lama banget...tolong updats lagi biar kaya kmrin kmrin cepet
1,parah banget setelah update lemot sekali ini aplikasi !!
1,23/7/2026 ini knp setelah di update malah lemot? koneksi sy stabil banget. kuota sangat2 memadai...tolong min jelaskan knp?
1,"tiap tahun tibatiba diblokir, padahal finger dah benar dan password benar, bye my BCA"
1,"ini aplikasi nya udh beberapa hari susah d buka keluar keluar sendiri mana penting d pakai kerja jadi susah transaksi..bisnis terhambat.. padahal kemarin saya udh pindah transaksi semua ke BCA dri bank sebelah,,pindah lagi aja gitu ya ke bank y lama.."
1,"setelah di update jadi lemot minta ampun, padahal jaringan bagus. ternyata udah banyak review hal yg sama. tolong dong segera atasi kendalanya"
1,"Update malah untuk login aja susah banget, seperti bugs kadang otomatis keluar"
1,setelah update malah jadi lemot pas masuk..
1,"Bukan makin baik malah makin buruk, top up Flazz susah detect kartu nya. padahal sering update apk terus. Jangan nama nya besar tapi apk bgini aja ga bisa di beresin"
1,update an terbaru ngelag parah!!!!!!
1,"setoran tunai tidak masuk ke dalam saldo, dan harus menunggu 4hari kerja. itu sangat lama, melelahkan harus menunggu selama itu."
1,"Minta tolong dong min ini apk nya di perbaiki lagi, padahal HP saya baru selesai di restart dan uninstall apk my bca sesuai arahan dari customer service nya tapi kenapa masih lemot aja ya? padahal penyimpanan 128gb yang kepakai cuman 23gb tapi masih lemot, jaringan saya juga memakai WIFI dan Paketan saya selalu nyala, tidak ada kendala jaringan. Tolong di perbaiki lagi sistem nya, saya kesusahan buat transaksi. Terimakasih, mohon maaf jika ada salah kata🙏"
1,"dapet transfer awal pending, giliran mutasi duit udh masuk tapi nominal saldo gak nambah, padahal gada transaksi uang keluar hadeh gmn ini BCA"
1,"setelah update kenapa malah jadi lemot banget, jaringan aman tetep aja lemot banget"
1,d update malah jd lemot
1,setelah update Malah g bisa d buka 😂
1,TIBA TIBA BANGET MAU LOGIN. ADA TULISAN ID TERBLOKIR. NANYA KE CS HALO BCA RESPON NYA JUTEK BANGET
1,"Gajelass, masa tbtb atm terblokir cuma gara² ga update aplikasi. nyesel pake bca"
1,"semenjak update bbrp hari lalu selalu lemot, gapernah gak lemot baru kali ini bgt. Serius dong tolong balikin ke fitur lama aja gak pernah lemot ini lemot bgt sampe mau bayar aja harus nunggu +dari 10mnit"
1,versi ini lebih buruk lebih lemot lebih sering kembali sendiri. parah banget
1,katannya ga ad potong saldo nyatanya saldo bisa berkurang
1,my BCA ga jelas ribet to
1,"gila ni apk malah GK bisa di buka sama sekali setelah update an, nyesel banget gw update"
1,kok makin lemott sekali ni aplikasinya gimana sih mau transaksi masih nunggu lama banget
1,"Setelah update kok malah jadi lemot banget dan tidak respon aplikasinya. Baru kali ini aplikasi MyBCA payah, bikin kendala saat transaksi. Tolong diperbaiki secepatnya"
1,ini kenapa stlh di update jd lemot dan kluar terus dari aplikasi sendiri..sblmnya lancar..tolong perbaiki atau kembalikan versi sebelumnya
1,aplikasi mental..ga bisa login..tolong solusinya..knapa stelah updet jadi beginiii🫩🫩🫩
1,ada BUG kalo buka apk leg terus apk terhenti
1,ini aplikasi mybca tambah parah saja
1,"setelah di update aplikasinya bukan tambah bagus, tapi Mallah tambah burut, jadi berat lambat, sering eror kluar sendiri, jadi tolong perhatiannya!"
1,saat pemblokiran lewat telfon sangat dipersulit
1,"habis update aplikasi malah delay banget dan sering force close jaringan sudah stabil SIM yang terdaftar sudah di slot 1 tapi tetep lemot aplikasinya sekalinya kebuka bener2 lemot banget sering keluar notif Mybca tidak menanggapi ini sudah seminggu lebih begini , coba team it BCA diperbaiki lagi aplikasinya biar transaksi makin lancar semoga kedepannya lebih baik lagi"
1,di update malah menjengkelkan.
1,parah masuk aja susah
1,saat mau ngisi nomer kenapa kode nomer indonesia gak tertera ya
1,parah ini mybca lemot nya. jadi lambat transaksi sangat menghambat. gimana ini? ngak kayak iklannya
1,setelah update malah tidah menanggapi sama sekali gabisa masuk buka fitu apapun lemot.
1,kok keluar terus dari aplikasinya kenapa bisa gini
1,setelah update aplikasi nya jadi berat
1,"makin update makin lemot. lama bgt ujung²nya aplikasi tidak merespon, beda bgt sama yg lain, semakin update semakin cepet"
1,aplikasi tambah lambat dan susah masuk ke aplikasi
1,lag parah di hp gua
1,"aplikasi lemot setelah update, nomor telp yg d gunakan sdah di SIm 1, jaringan internet pake data maupun Wifi lemot semua"
1,"mending gg usah di update bukan nya tambah bagus , mw buka buat transaksi aja loading banget padahal sinyal stabil dan jaringan internet bagus, nyesal update nya kalo tau hasil nya sperti ini.."
1,bukannya update tambah bagus ini malah tambah lemot banget
1,CS NYA LAMA BANGET
1,"lemot banget setelah di update,tolong di perbaiki"
1,"ini kenapa bca,dri tgl 19 sore sampai sekrang ngebug terus,lemot banget,ujung2nya ada keterangan "" mybca tidak menanggapi,tutup aplikasi,tunggu "" padahal jaringan bagus,pake data di rubah pake wifi sama saja,saya pikir punya saya saja,taunya banyak yng kendalanya sama"
1,"mau login pas verif wajah gagal mulu,terus di suruh call video dengan cs tetapi pas di klik ops ada kesalahan.hadehh gimana si ini"
1,gbisa dibuka ini knp 😭biasanya lncr
1,"Saya Mengajukan Pergantian kartu di aplikasi myBCA, dan saya memilih metode kartu dikirim kealamat. di tanggal 06 maret 2026 saya menerima email pemberitahuan dari BCA yang menyatakan bahwa paket kartu debit sudah berhasil dikirim ke alamat yang terdaftar. tapi sampai saat ini tanggal 22 Maret 2026 saya belum menerima paket kartu debit dari BCA. ini PENIPUAN kah?"
1,"ini kenapa ya, kalau mau login harus ketik manual dulu.padahan udah pernah login sebelumnya.👎👎👎"
1,lelet
1,"sumpah applikasi gajelas,lagi dibutuhin urgent malah di buka ga bisa bisa malah kadang tbtb pin ke blokir sendiri kocak abis"
1,aplikasi lemot
1,"lemot banget setelah di update, udah itu harus keluar lagi kalau ingin melakukan transaksi dan ulang ulang seperti itu jelek banget update terbaru saat ini ga nyaman banget"
1,"aplikasi sering lag, buat buka qris blackscreen"
1,ini gimana yah kok di update jadi lemot banget
1,semenjak update jadi lemott parahh
1,Mau log in suruh masukan nomor hp tapi tidak ada kode negara Indonesia (+62)
1,"setelah update jadi lemot, mau bayar qris didepan kasir minimarket buat buka aplikasi aja lama, sampai petugas kasirnya cemberut :("
1,Setelah update mau buka aja lemot parah... belum sampai transaksi cek saldo sudah disuruh keluar
1,"5 hari gak bisa verifikasi wajah, terus udah telfon CS 2x, gak ada jalan keluar, cuman dibikinin nomor laporan dan gak ada penanganan, jangan bikin ribet dong bca, ini tuh rekening gaji, biasanya mau ganti device tetep bisa ini malah di bikin repot gagal terus verifikasi wajah nya, wajah saya masih sama gak berubah, sama dengan ktp, buang2 waktu orang aja"
1,sekarang makin lemot masukin sandi aja susah mau transaksi susah lemot banget yang sekarang padahal sudah update pengen balik ke versi yg lama bingung caranya bagaimana ... tahu begini gak mengikuti update update
1,"susah kebuka, aplikasinya ngebug mlu ada tulisan aplikasi tidak mrnanggapi"
1,"sebelum di update myBCA lancar,,,setelah di update malah lemot/ngelek,, sudah banyak yang posting masalah update tapi masih belum juga ada perubahan"
1,tambah lemot sering keluar sendiri
1,"kenapa mybca saya tidak bisa log in dan selalu mental keluar sendiri, tolong admin dibantu"
1,"setelah update malah jd ngebug, jadi lemot + aplikasi tidak menanggapi"
1,"sering crash lama bgt mau masuk, suka keluar sendiri"
1,"halo mimin bca, dulu saya punya dan didaftarkan oleh sales bca yang diluar untuk punya atm bca. nah ini saya mau login lagi, kan waktu itu belum dikasih buku rekening dsb, saya juga nda apal norek & no kartu atm saya. terus ini harus gimana ya? tolong segera dibenahi"
1,"mengecewakan sekali BCA, perkara minta otp aja, bca id saya terblokir padahal sinyal bagus, pulsa banyak, kecewa banget sama aplikasi ini, dibuat dengan tidak niat,"
1,"Update bukannya bagus, makin berat Sering crash tutup sendiri apk nya"
1,kenapa my bca sekarang lemot
1,"sebulan bisa 2 kali BCA ID terblokir, sangat tidak memuaskan"
1,aplikasi lemot sering keluar sendiri
1,ribet.. mendingan mbca
1,apk sekarang ga merespon loading lama
1,"ini kenapa apk mybca sering ngebug gitu, ngebug muncul pop up tutup aplikasi atau tunggu aplikasi, hp saya infinix smart 8, buka mbca normal saja dan rek lain semua normal, hanya mybca ngebug"
1,di update malah ngelag banget hp buset pake versi ini
1,sistem bobrok
1,bug terus sejak kamis 19 maret 2026 kapan mulai normal kembali ?
1,apk ga jelas buka apk cuma nongol layar putih
1,"BANK BCA INI ANEH SETTIAP BULAN ADA POT ADMIN DAN TERLIHAT DI MUTASI REKENING , TAPI SETIAP BULAN JUGA ADA POTONGAN TIBA2 50 RB YG TIDAK TERCANTUM DI MUTASI REKENING !!!!"
1,"buset, di-update malah ga bisa masuk masuk"
1,says sudah update terbaru aplikasi tapi buka aplikasi lemot minta tolong di bantu
1,"ini bagaimana aplikasnya ga bisa dipakai,setiap masuk,pasti tak bisa. bgaimana nasib uang saya..?"
1,lemot
1,update malah jadi lemot susah login !!!!
1,"aplikasi tololl, lelet kali ajgggg"
1,"habis diupdate malah lemot banget astaga.... mau masuk menu aja loadingnya lama banget ,mau ngetik daftar nama transferan munculnya lama bgt hampir salah transfer tadi ,kacau..."
1,tidak bisa dibuka
1,"saya gabisa login karena pas mau masuk harus menambahkan no telepon,sedangkan di pilihan kode teleponya tidak ada kode no indonesia. pdahal no yang terdaftar nya msih nempel di sim1"
1,udah update tiap minggu ttp aja ngelek padahal sebelumnya engga
1,"setelah update aplikasi error dan lag,sampai sekarang masih belum normal lagi.👎"
1,"setelah update, aplikasi tambah berat, sering gagal transaksi, tolong benerin lagi bugs aplikasi yg menyebabkan lambatnya transaksi terutama menggunakan Qris🤦, jgn bilang jaringan tidak stabil, saya pake jaringan speed 250mbps, kurang stabil gimana jaringannya?"
1,aplikasi busuk. di update malah kluar terus
1,"sudah seminggu ini setelah update, tiap buka aplikasi lemot dan ada informasi ""mybca tidak menanggapi"" dengan pilihan ""keluar aplikasi dan tunggu"". saya di ponsel android. Sudah clear cache tetap saja. mohon bantuannya"
1,"Sudah ke-3 kalinya nomor telepon yang baik-baik saja tiba-tiba terblokir lagi dan lagi setelah memasang ulang aplikasi ini di perangkat baru/berbeda dan harus menghubungi Halo BCA lagi dan lagi, dan nanti di kemudian hari jika memasang ulang aplikasi ini di perangkat baru/berbeda pasti akan begitu lagi dan lagi, hmmm. Aplikasi ini sungguh buruk sekali! Terlalu mahal untuk 1 bintang!"
1,"app tolol sok login pakai otp, otp ga nyampai pengguna"
1,"Kalau pembayaran gagal proses kembalinya terlalu lama, masak bank tingkat asia penanganan kegagalan pembayaran aja 20 hari kerja mungkin malah gak kembali tuh, tiap menghubungi CS selalu aja suruh sabar ga jelas ini bank"
1,TOLONG SEGERA DI PERBAIKI APK JADI NGELEG BUKA TIBA TIBA APK DI TUTUP SETELAH UPDATE NGEBUG APKNYA
1,"ini gimana dah kode OTP nya ga masuk masuk, udh resend sampe berkali kali juga gaada, pulsa banyak, internet juga lancar, apalagi?"
1,"saya udah lama make muBCA,,, tapi knpa skrng asal buka apk my BCA slalu keluar gak bisa masuk????"
1,kenapa saya di wajibkan mengisi nomor luar negeri saat login? saya tidak bisa masuk ke menu utama hanya karena hal ini. sangat mengecewakan
1,jadi nge lag semenjak di updtae
1,habis diupdate malah kluar mulu ga bisa dibuka
1,gmana si aku narik di ATM bca di cabang cadas tangerang ada satu uang palsu 50 an kecewa berat
1,"kode otp gak masuk Mulu, padahal pulsa banyak, ama paket masih banyak"
1,Saya sgt kecewa dgn aplikasi apalagi 3 hari ini paling terasa. pas pula di momen hari libur begini transaksi lewat aplikasi ini terkendala. sya mau buka aplikasi slalu my BCA gak merespon.klo begini trus saya lebih baik kembali ke model BCA mobile
1,di perbarui malah lola di buka nya gimana si bukan nya makin cepet malah makin lemot gak jelas
1,bca cuma bisa bilang evaluasi evaluasi doang tentng aplikasi lemot padahal buka yg lain lancar...tpi mereka ga ada tindakan...cuma evaluasi doang kentut lah gitu doang balesanya..lu liat noh banyak yg komen jaringan stabil dan lu masih bilang suruh cek jaringan dan device ? buta lu ya ?
1,"di saat mbanking lain gratis untuk otp,,,apk ini msh mnta plsa"
1,setelah update malah jdi lemot
1,mybca saya gangguan terus padahal sudah di update sllu saja aplikasi tidak menanggapi
1,"suruh diupdate lagi, udh diupdate malah berat buat buka aplikasinya, parah."
1,aplikasi mobile payah ga seperti kaya yang lain..selalu minta otp pake pulsa padahal udah jaman internet IT BCA emang payah ga bisa buat aplikasi aman dan simple
1,habis update malah ga bisa d buka
1,"setelah update buka aplikasi lambat banget, loadingnya lama..."
1,setelah update terakhir...kenapa jadi lemot sekali...setelah masuk aplikasi tiba2 keluar sendiri hingga harus login 5 x .....mohon petunjuknya saya skrg tidak dapat menggunakan aplikasi ini tidak dapat masuk...sering keluar lagi
1,BCA suka blokir BCA ID
1,gara2 update my bca saya JD tidak bisa terbuka
1,"habis diperbarui kok malah susah dibuka ya gimana sih malah jadi eror ,sulit diakses, mengecewakan"
1,ini gmna setelah di update malah apk tidak mendukung
1,semenjak update jadi ngelag anjir lah
1,kecewa bgt 3hr aplikasi mybca ga bisa ke buka udh di instal udh di dowload ulang msh aja ga bisa kebuka2 😭
1,sering muncul tidak ada tanggapan.
1,"kenapa habis update malah jd lemot n error Mulu, slalu muncul notif ""tutup aplikasi"".. tlg diperbaiki apps nya.."
1,udh 1 minggu ini lemot ngga bisa buka.. bikjn kesel
1,ini kenapa apk saya keluar sendiri mulu ya atau mengalami lag tolong dong di perbaiki
1,"Ini kenapa sih ga bisa masuk², tgl 16 kemaren update malah aplikasinya jadi eror"
1,seelah update my bca saya for close terus hp redmi a3
1,Setelah Update tanggal 17 maret jd lemot sama muncul tulisan MyBCA isnt responding Force Close/ wait
1,jadi lemot ajig semenjak update
1,"Tolong donk. ini diapain Hpnya. Remi A3. tak bisa masuk ke MyBCA, Aksebilitas sudah Off semua. Buka Apk Langsung Mental gk bisa ke menu Login. Solusinya BCA?????"
1,sumpah filtur buka mulut tolong hilangin gwa dah buka mulut sampe mangap² kemasukan nyamuk gak bisa2
1,maaf kak kenapa saya tidak bisa verifikasinya langsung keluar (xiomi pad 2) tolong bantuannya segera sangat butuh
1,"mohon maaf deplover kok ini apk nya tidak bisa di buka padahal sinyal ada stabil,tetapi pas di buka selalu malah ngebug terus"
1,"kekurangan myBCA ini 1 susah nya untuk login akun yang sudah nomor tlp hilang, pas menambahkan nomor tidak ada kode negara Indonesia. jadi bikin malas mau ngurus nya"
1,susah mau buka aplikasinya jaringan normal.bahaya klo ga ada kartu atm nya..ngandelin aplikasi doang mah.
1,ah ..ribet a.
1,"woi lah, ini aplikasi gimana dah login success tapi pas mau masukin no hp region code indonesia ngga ada lah. dah 2 hari ini gini terus"
1,"aplikasi habis pembaharuan malah tambah error gak BS dipake ini KACAU,kirain lbh baik dr mbanking ternyata tambah parah....udh uninstall trus install ulang sama ja error nya"
1,kacau nih aplikasi susah dibukanya keluar terus gimana mau dipake transaksi klu aplikasinya susah dibukanya
1,setelah update jadi sering force close
1,Habis update malah lemot bgt dan selalu force close
1,"baru kali ini kecewa sama aplikasi my BCA pas ditawarin katanya fitur"" nya lebih lengkap dan canggih di banding BCA mobile mau pembayaran apapun bisa. sya mau pembayaran angsuran FIF group lewat mybca tidak bisa dan cs bilang blom support di aplikasi ini.🤦 Brati bukan lebih canggih dari BCA mobile donk KLO gtu😮‍💨"
1,"fitur lain nya udah keren, tapi yang bikin gak puas n kesel itu fitur qrish nya lemot banget kaya siputt, mybca qrish lemoottt"
1,baru di update malah nge-bug nih jadi close app terus
1,"baru instal 2 hari udah minta update,abis update aplikasi kayak keong,bukanya berat banget sampai terhenti sendiri, kacau nihupdatwnya ngebug.. tolong dibenahi padahal sblm update bagus aja lancar jaya"
1,Setelah di Update malah semakin Lambat Ngalg banget males nagapain di update2 lah
1,kebanyakan update malah suka berhenti sendiri tidak ada respon
1,susah amat sih vermuk nya gabisa vermuk jdi daftar saya mentok di vermuk Lom ada solusi
1,knp lemot gini keluar sendiri terus
1,"setiap buka aplikasi psti ada tulisan ""My bca gagal dimulai beberapa kali pulihkan dengan mengosongkan riwayatnya"" smpe2 login lagi dan butuh pulsa lg. ini knpa sh aplikasi my bca"
1,"dalam pilihan kode negara, tidak ada Indonesia"
1,ini apaan sudah lama bug masukan nomor malah pilihan Indonesia ga ada
1,"ngefresh kenapa nih aplikasi padahal sinyal bagus udh beberapa hari gitu trus,tulisannya aplikasi tidak menanggapi anda,gara gara update kah"
1,menyusahkan setelah update berat sekali app...keluar terus...payah
1,ngeleg nya minta ampunnnnn emosi dibuatnya. kek mana org usaha pembayaran tapi aplikasi banking nya pulak kek siput
1,jadi lelet setelah diperbaharui
1,"baru diupgrade malah lemot, malah jadi keblokir bca id gara2 angka password nya muncul nya lama bgd..dibenerin lagi coba..😔😔😔"
1,abis update mkin gila aplikasinya eror trs tidak menggapi. pdhl udh restart hp + restart apk + jaringan kenceng bgt. sehat2 deh lo
1,"menurut saya aplikasi BCA makin kesini makin tolol, makin aneh bukannya memudahkan malah jadi susah login segala macem"
1,update versi malah eror trus ahh payah
1,makin kesini makin lemot di pake ini aplikasi
1,mohon solusinya setelah di update aplikasi sulit digunakan (selalu keluar)
1,"Semenjak update terbaru kemarin malah jadi lemot lelet banget, padahal sebelumnya aman n bagus aplikasinya, udah banyak yang komplain masih aja jawabnya tidak ada kendala n normal, suruh pastikan sinyal, ini udah pakai wifi masih tetep sama aja lemot cuma khusus aplikasi my bca aja, kalau aplikasi lainnya normal semua, mohon segera diperbaiki untuk aplikasi my bca nya biar gak banyak bug n lelet kayak gini, terima kasih."
1,bintang 1 dulu sampai navigasi bagian bawah warna nya sinkron dengan app seperti di iphone.
1,"jangan ada yg update dri pada entar nyesel semua, habis diupdate jadi sering eror nya"
1,di Upgrade malah lemot
1,mohon bantuannya mybca saya kalou masuk berat keluar sendiri mohon segera di perbaiki
1,"alhamdulillah dari sekian banyaknya mbanking yg saya tau mybca yg paling ribet, tiba2 akun terblokir gk jelas , dan untuk membuka kembali tidak cukup hanya dengan verivikasi, tapi di bikin muter2 dulu sampek frustasi, mungkin demi keamanan ok lah, cuman ya menurut saya terlalu ribet dan ber belit2 prosesnya."
1,jd gbs dibuka. update mulu lah. pekok. keluar2 sndiri
1,"lag banget keluar sendiri bnerin lah,cukup satu apk aja aslkn lancar,di update malh nambah penyakit"
1,"aplikasi koclok..,lemotnya minta ampun...bukane membantu malah bikin emosi"
1,"halo developer , mohon diperbaiki lagi . setelah di update malah lemot dan error."
1,update mulu
1,makin ksni makin gajelas abis di update menutup tiba tiba trus
1,buruk
1,sesudah update malah makin lemot
1,versi baru jadi tambah lemot
1,update yg terbaru hari ini sering ngelag. Susah dibuka aplikasi nya
1,update terbaru nya malah berat dan ngelag
1,sebelum di-update gpp setelah di-update malah error bca gmn nih mau penggunaan m banking malah ruet
1,Admin after pembaruan jadi ngelag sama lemottt. Kadang juga ada notif aplikasi My BCA tidak menanggapi. Tolong dipebaiki.
1,Setelah Update langsung Mybca tidak menanggapi terus dan begitu trus ini. ini tolong kl mau update di perhatikan dl sampe ada bug begini trus. tolong di update kembali biar bisa pake di hp mana pun..
1,susah login
1,setelah update malah gk bisa ke buka
1,lemot parah beres di perbarui padahal
1,keseringan update jadi lemot
1,abis di update malah gak bisa dipake
1,minta di update tapi setelah di update lemotnya beratnya ga ada lawan udah hapus cache restart hp tetap lemot bank lain ga sedelay lemot ini. bikin darting .
1,update mulu gblok
1,"error, di-update malah apps tambah rusak...mohon segera diperbaiki karena membuat nasabah BCA setia bisa"" rush pindah ke bank lain"
1,kenapa bnyak bnget pengeluaran di aplikasi BCA ini?? ya kalau 5-10 masih oke. lahh ini 50rb per pemasukan🥲 ngak worth it banget.!!!
1,"update bukannya tambah lancar malah tambah lemottt. di android 12 buka aplikasi saja sampai tidak merespon, tolong segera diperbaiki nanti saya ganti bintang nya !! jaringan data sudah sangat kenceng dan stabil sudah hapus chache juga tetep masih lemot aplikasi my BCA nya, payah yang jawab robot template !!"
1,aplikasi scam transfer valas ga masuk padahal nama dan no rekening benar status berhasil tapi uang tidak masuk
1,"setelah update terakhir ini jadi super lemot sekali, mau cek uang masuk aja butuh waktu 15 menit"
1,"ini kenapa aplikasi mybca lemot?, terus suka keluar sendiri dari aplikasi?, padahal baru di update loh."
1,"diperangkat saya ini android 12 setelah update barusan buka aplikasi mybca sangat lemot dan sering force close, padahal sebelum update lancar2 saja. tolong segera diperbaiki."
1,kok ga bs dibuka
1,"versi update yang ini, setiap kali buka, langsung keluar, gak kayak versi sebelumnya. versi ini gK bisa d buka untuk chipset hp murah."
1,update mulu.. klo gak update gak bisa top up. flaazz aneh banget
1,"lemot lelet ga jelas, saya mau buka rekening dari pagi sampe malem masih blm diproses, mempersulit sekali"
1,aplikasi nya susuah di buka
1,"e wallet cuma ada 3, yg lain udah komplit disini ya gitu dehh gak jauh dari kata komplit. kekurangan sekali ketinggalan jaman"
1,"Daftar online aktivasi kartu atm ribet harus ke atm juga, kalo daftar online trus kartu atm bisa di kirim kenapa aktivasinya gk online juga? udah gitu mau daftar mbanking tanpa ada peringatan sebelumnya kata sandi salah 3 kali langsung di blok pas mau pake cara lupa password malah harus masukin no atm. udah tau belum aktivasi atm malah suruh masukin atm, super ribet pokonya"
1,"gajelas, susah bgt mau login pas vermuk susah bgt gajelas !!!!"
1,RIBET BANGET REGULASINYA!!!! DI PERMUDAH NASABAHNYA KALO ADA SALAH2 PASWORD UNTUK PROSESNYA
1,"kecewa.palayanan di kcp cabang metro permata 1 karang tengah,ciledug tangerang.pelayanannya semakin memburuk mohon diperbaiki"
1,"aplikasi BAPUK. selalu keluar paksa aplikasinya padahal saya ga pernah aktifin fitur aksesibilitas di hp saya. tetap aja keluar paksa juga. bca mobile nya juga BAPUK bgt, merah terus padahal jaringan stabil. ini lagi daftarin my bca aplikasinya juga bapuk"
1,kenapa di hp Oppo Reno 15 5g aplikasi nya selalu keluar mau daftar saja tidak bisa
1,"login aplikasi ini verifikasi muka harus wajib lapor ke cs atau bagaimana sih. seringkali login padahal sudah sukses melalui Id dan password id, ditambah pengenalan wajah seringkali gagal atau memang di gagalkan supaya apa sih .... saya menggunakan e-walet pakai wajah saya aman aman sajah tuh, giliran pakai rek ini susahnya minta ampun"
1,Terlalu susah verifikasi wajah sampe ngulang berkali kali. Pada ujungnya suruh vc cs. Dan via vc pun harus nunggu pagi. Bayangin aja kalau transaksi tekendala di malam hari. Terpaksa harus pinjam temen untuk isi gopay. Untung saja bukan transaksi besar. Seperti jual beli. Cuman makan di warkop.
1,"mau masuk ke akun saat scan wajah ada peringatan ""must use real device"" padahal sebelumnya lancar. wahh parah"
1,ini kenapa sih mybca updatenya sering bgt. bikin penuh memori tau gak sih. bisa gak updatenya jangan keseringan. repot kita sebagai nasabah
1,my bca id saya terblokir setelah saya hubungi admin di suruh riset pasword terus setelah itu saat memasuk kan kode otp tidak valid sampek berkali² trus bahkan pilsa saya tetep berkurang terus gara² saya ulang² kirim kode otp tetep aja tidak valid
1,transferan yg masuk pending terus. beruntung rekening utama bukan pake bca. serem euy klo gaji telat masuk wkwkwk
1,"bukannya memberikan pelayanan terbaik,ini akun lama saya telah terblokir dan masuk akun sudah mengalami koneksi eror,apa yang bisa diperbaiki?"
1,tidak bisa pindah dari bca mobile ke mybca keterangannya nomor hp sudah dipakai padahal mau pindah dengan nomor hp dan no rekening sudah ada
1,payah mau buka aplikasi kamera ga bisa bisa
1,"kebanyakan update gak jelas,"
1,tiap mau buka selalu di suruh update terus
1,gak guna gak bisa di pake kocak
1,"bikin voice command dong untuk verifikasi wajah, jangan cuma tulisan kecil di bawah layar, yang pakai kacamata suruh lepas kacamata tapi dikasih instruksi hadap kanan/kiri kecil banget, mana bisa kebaca bagi orang yang rabun jauh harus pakai kacamata baru bisa baca. Jadinya gagal verifikasi terus."
1,"halo BCA, saya mau tanya bagaimana cara memindahkan saldo dari rekening lama yg telah di blokir ke rekening baru"
1,"layanannya buruk, saya minta tolong agar asuransi nga auto debit malah di suruh blokir kartu credit, bagusin dong pelayanan anda!!!!"
1,akun tiba² ke blokir padahal login pake biometric bukan pake password manual gimana sih ga jelas banget aplikasinya
1,"lu kalo ngasih otp yg bener dongo, delay lama bgt ampe expired baru dikirim. Ngabisin pulsa doang jing"
1,uang masuk rekening selalu berkurang bnyk
1,"aneh, aplikasi nya force close setiap mau buat BCA ID update: setelah ada updatean, aplikasi tetap sering force close, tolong diperbaiki, supaya bisa digunakan seluruh hp"
1,sering gangguan. sehari 2 kali gangguan terus
1,Baru di update malah gk bisa transaksi ..
1,buruk bgtttttt. bca id saya berkali2 terblokir sendiri. boros pulsa untuk kode otp. tolong dong solusinya.
1,apk gajelas
1,"keluar dari akun tiba', udah gitu mau masuk harus ada pulsa 👎"
1,"sering gagal, lama2 jadi jengkel"
1,kakean update aplikasi( kebanyakan update aplikasi) ramasok ( ga masuk akal)
1,"aplikasi aneh, rekening saya terblokir mau reset pasword dipersulit sama kode otp"
1,update tiap hari ngeloading trs pdhl jaringan aman 🤦🏻
1,ntah kenapa uangku yang masuk dari gajih setiap bulan kepotong 50 ribu
1,selalu leeg
1,ribet bgt kgk acc acc
1,"selama ini aplikasi lumayan bagus,tapi akhir2 ini malah id BCA keblokir. baru juga di benerin 2 bulan yg lalu. saat mau di pakai aplikasi nya malah id BCA yg keblokir!. trus sama petugas security malah di arahin ke halo BCA?. padahal sebelumnya sama petugasnya di suruh download my BCA. sekarang jadi bingung sendiri"
1,"niatnya bagus verifikasi wajah, di perketat. supaya akun ga mudah di bobok/hack. tapi yg ada malah mempersulit, setiap kali hp di reset ulang(ke setelah pabrik) perlu verifikasi wajah"
1,cara munculin kode negara indonesia gmna. udh di gnti bendera y indonesia tp kode nya kagak ada mau msukin no hp susah.
1,customer service ga kerja
1,"bulak balik dibenerin gak bisa bisa ke kantor cabang pun gak bisa mengatasi kendalanya, nelpon halo BCA jg sama"
1,please turn off the developer mode apaa sih ini pen vermuk aja susah amat
1,bank paling ribet harus vc teruss anehh
1,proses verifikasi wajahnya gagal terus dan udah vc kata csnya udah bisa pas login tapi tetap ga bisa tolong di perbaiki ya
1,katanya pendaftran gratis. sekali ini saldo. kenapa langsung ilang 50 Rbu. jelaskan k mana.
1,lemot banget anjir
1,"saya udah isi pulsa, slado juga sudah berkurang, tapi malah pending"
1,"saya isi paket data dari menu di my bca, saldo terpotong tapi kuota tidak kunjung masuk, dimutasi juga sudah tercatat, kuota tidak masuk, mohon bantuannya admin"
1,aneh keluar sendiri terus
1,Mybca pas di update bukan memperbaiki kesalahannya. malah bug sering keluar keluar
1,"Ke Blokir, sudah hubungi halobca, reset password tapi selalu verifikasi gagal pastikan sms terkirim ke 69888, sudah di coba berkali kali, pulsa juga ada dan masih aktif kartu prabayarnya. Pulsa di sim ada, paket juga dari sim dan tidak pakai wifi, sudah di coba berulang kali masih gagal. Sudah dicoba berkali kali masih gagal... Ya sudah lah uninstal aja... Sudah Diikuti Yang Dianjurkan tapi masih gagal. sudah ke cabang dan pihak cabang juga gagal 🤣🤣🤣🤣 Seperti nya Team IT BCA Tidak Lihat Bug"
1,layanan bagus untuk mengaktifkannya ribet
1,saya pengguna baru dan ada yang transfer ke saya untuk pertama kali nya tp saldonya tidak masuk.. apakah ada solusi untuk maslah ini.. kalau pun harus mengendap kenapa tidak ada pemberitahuan terlebih dahulu pas sewaktu interview via vc oleh admin nya..
1,porclose itself
1,kenapa buat nomer hp buat Indonesia ga ada negaranya? udah 2x komplen begini ga ada perubahan
1,update udah 100%... memory pun masih sisa banyak... kenapa susah bgt di update yah.... sudah berulangkali di update gagal lagi...
1,saldo saya hilang katanya ada di alto network pt bca tapi gimana cara cek nya dan cairin saldonya apa bisa di cairin?
1,mau register aja susah kluar mulu aneh aplikasi
1,perbaiki lagi aplikasinya....sering ngelag
1,"kak kenapa id bca tiba tiba terblokir, cara ngembaliinnya gimana mana tadinya mau buat qris bayar blanja malah tiba tiba id terblokir malu maluin"
1,aplikasi ini gangguan mulu
1,"qris mu bermasalah, orang mau bayar jd gagal, sya mesti harus tf ke dana, baru bisa qris, gimana sih ini yg bikin aplikasi"
1,"pas sesi foto diri tidak bisa, jaringan bagus. sudah di update juga. padahal lagi perlu"" nya pakai mbanking"
1,"setiap ada tf masuk kena potongan 10k,ga tau kenapa,cek di riwayat mutasi juga ga ada.trus kalo potongan bulanan admin sudah terpotong waktu itu,masa iya potongan admin bulan 2x dalam 1 bulan"
1,"ini aplikasi ga bisa dipake, mau daftar bca id pas masuk halaman pendaftaran langsung balik lagi ke halaman utama."
1,proses login susah terutama di vermuk gak ramah buat yg min karna gak ada paduan suara juga gak akurat padahal kita udh buka mulut lebar sekelas BCA msh kaya gini
1,"sering eror dan menghambat, tolong lah di update yang bener"
1,"setiap jam 00.01 - 01.00 selalu eror. aplikasi tidak bisa digunakan, lemot sekali"
1,GILA LEMOT PARAH
1,stak di verivikasi wajah doang
1,"woylahh gimana ini, setelah di update malah suru daftar ulang..tapi pas masukin nomor telpon gaada kode negara Indonesia nya.ahh elahhh"
1,sudah mendaftar berulang kali selalu gagal difoto diri dan KTP
1,"saldo tiba² hilang 450,giliran ke kantor cabang jauh jauh gabisa di kembaliin,alhasil diikhlasin mana mau lebaran wkwk"
1,"Ternyata ga cuma aku doang yang mengalaminya. Benar banget, Verifikasi wajah susah banget. Udah coba 3x lebih tetap aja gagal. Udah ikutin gerakannya, Pencahayaan juga udah maksimal, sampe udh coba ganti baju masih aja tetap gagal."
1,aplikasi susah dibuka
1,jelek gak bisa daftar selalu keluar
1,kenapa pas saya log in malah gabisa? nomer saya gabisa verifikasi dan di block? mau pake nomer lain tapi malah saya cari kode negara konoha (+62) ga ada?
1,harus elit mulu jaringan nya🗿🗿🗿🗿
1,pelayanan bank BCA di daerah Plered sangat buruk
1,"mau nyedot pulsa berapa banyak lagi??? pindah hp aja di persulit, udah hubungi cs tetep aja ke blokir lagi gara2 sms otp nya yang telat masuk padahal sinyal kenceng. gini perlakuan bank yang katanya no 1???"
1,cs nya judes banget tolong diperbaiki
1,"apasih. baru mau daftar id, kluar sndri ga jelas"
1,kirim saldo dari ewallet keterangan ada tapi Kenapa nominal uang nya gak ada ya kemana uang nya ???? sampai sekarang uang nya gak ada dari tanggal 2 sekarang udah tanggal 9 jir ah malas pake nya mening patahhin aja gak gimana kartu ATM nya sama tabungan nya gak amanah gimana kolo saya nanti TF uang besar gak ada gak aman jir
1,Customer Service buruk
1,"Tolong dong min, ini kenapa ya waktu mau login gabisa trs. udah masukin id, sama pw. pas minta no hp isi kode negara masa gada negara indonesia si. ini udah bbrp hp aku coba"
1,"gimna sih ini CS, di cabang gw ngisi nama ibu kandung udah benar masa katanya ga sesuai padahal udah seseuai kartu keluarga. mau aktifin my bca ribet banget di suruh ke cabang mana jauh lagi , udah ke cabang barusan, ke aplikasi login vdeo call lagi , di video call di suruh ke cabang lagi gimana sih!!! ga profesional banget, KO BISA? sumpah BCA doang yang broken mulu mana kartu ketelan 3x , terus error mulu, sekarang mau aktifin mbanking di suruh ke cabang bolak balik terus!!"
1,payah udah verifikasi semua malah gak bisa gak bermutu kalah sama bank yg lainnn ....
1,"Aplikasi Bank paling manja di Indonesia peringkat 1, Sinyal jelek dikit gak bisa transfer, terima kasih"
1,aplikasi tolol
1,"udah buka tabungan BCA dan akun sudah teregitrasi sesuai email masuk, namun saat login, selalu minta registrasi lagi. jadi apalah aplikasi ini sangat menyusahkan pelanggan yg ingin transaksi online. tidak ada solusi dan peningkatan hingga saat ini"
1,susah amat verivikasi muka nya jir ga bisa bisa
1,"SAMPAH MAU MASUKIN PASSWORD KEGESER MULU, APLIKASI BANYAK BUG DAN CACAT!!!!"
1,"ribet mau mindah mbangking ke hp 1nya harus vidio call sma csnya dlu ribet"""
1,mau buat BCA ID forclose terus pas masukin email
1,"ganti hp mau verificasi wajah aja gagal terus, padahal id sama password nya bener tapi verifikasi nya malah gagal"
1,"ga bisa buka apk, suruh hubungi hallo bca 1500888 kalo ga salah no nya, tapi tidak memecahkan masalah sama sekali, cs nya nanya2in id nya apa tapi gk bisa mecahin Maslah juga, kecewa banget, ga login apk"
1,saya lup password tolong bantu saya
1,"sering force close,susah mau buka aneh.lebih baik mbanking dr pd my bca"
1,"apk gaje pin bener malah salah terus, jadi repot harus ngurus di halo BCA, sinyal aman ga bisa transaksi"
1,"berapa minggu ini fitur qris selalu ""oops something went wrong"" sinyal sdh bagus. ap sdh di update. tapi tetep gabisa. please fix it. kita mau bayar jadi takut mau pake bca."
1,mau daftar force close terus
1,sudah berhasil daftar terakhir verifikasi muka please turn off the developer mode aplikasi tidak jelas
1,"jelek banget lemot buat bayar sinyal susah, sekelas BCA masa aplikasinya kaya begini"
1,"ini kenapa ya pas saya reset pasword waktu masukkan pin gak bisa, sudah telp halo BCA juga sudah direset"
1,"Gak bisa masuk, selalu ""Something wrong"" setelah input kode OTP, aku coba di Samsung dan Iqoo"
1,jaringan tidak optimal
1,knp sekarang sering susah trx ny ya
1,Nomor saya ke blokir
1,sistem suka eror ketika ingin masuk ke apk
1,"KENAPA KODE NEGARA INDONESIA TIDAK ADA , BAGAIMANA BISA LOGIN?"
1,update 2026. ganti device gagal verifikasi wajah. telpon halo bca solusinya suruh dtg ke cabang bca. kejadian hari sabtu hrs nunggu sampe senin. bikin repot.
1,"VERIFIKASI MUKA SUSAH BGT SAMPE BERKALI-KALI, DAN BERUJUNG DISURUH VC AJA SAMA CS, TRUS CONNECT VC KE CS LAMA BGT!!!!!!!!"
1,setiap transaksi mesti 3-4 kali baru bisa jaringan oke tapi tiba2 gagal mulu
1,aplikasi jelek katanya
1,setiap bulan asik di suruh update aja trus nie aplikasi My BCA
1,"makin busuk aplikasi nya, transaksi gagal trs. Opppss"
1,transaksi qris SDH 2 kali gagal saldo terpotong dan tidak kembali ke rekening...lapor ke BCA nunggu sebulan ..sdhbdtunggu dibalng transaksi berhasil..TPI nyatanya duit hilang merchant ngk terima
1,"kenapa yaa selalu di bawah jam 22.00 slalu troble. buat tf , bayar qris pun susah ."
1,Ini kode negara Indonesia (+62) gaada gmn mau masuk nya developer dungu
1,"sering ngadat apa lagi pake qr kadang mentench teruss saldo ke potong tapi nggak ke kirim² ke tujuan, tolongdong di perbaiki punya saya sampe sekarang saldo nya tidak di kembalikan katanya 20 hari kerja sampe sekarang belum"
1,"aplikasi ngelag , mau login susah . kalo mau scan qris sering gagal , mesti di coba berkali kali. Bikin lama antrian aja , bikin malu saya kalo bayar di kasir. tolong di perbaiki."
1,potongan potongan saldo kecil sering tidak ada di history. dalam 1 tahun jika di kalkulasi mungkin kisaran ratusan ribu. saldo bca aku sengaja aku kosongkan ketika dapat transferan. krena saldo kecil suka hilang.
1,"kesel banget tiba tiba ada laporan penggatian no tlp , ke atas nama orang lain . padahal tidak pernah merubah apapaun, sama sekali tidak aman !!"
1,aplikasi nya jelekkkkkk banget masa saya transfer ke bank ini uangnya gak masuk-masuk sih sudah 2× transfer tapi gak ada yang masuk uangnya nunggu sampai belumutan juga tetap gak ada uang yang masuk.sayang dong uangnya
1,enakan pake mandiri bca banyak gangguan nya
1,aplikasi tolol mau scan muka aja ribet banget gagal Mulu
1,apalah udah berkali kali tapi tetep gabisa aplikasi jelek
1,dipake qris gagal mulu setan
1,"mulai kemrn verifikasi wajah tidak bisa,video call pun juga tidak bisa"
1,"HAL PALING TOLOL YANG SAYA LAKUKAN ADALAH INSTALL APLIKASI MY BCA. ribet banget, ngga guna."
1,bagus
1,"apk nya berat bgt, kadang bisa kadang gak. Bikin kesel, pas mau bayar pake qris suka gak bisa, padahal jaringan ok, buka apk lain lancar, giliran buka my BCA lemooootnyaaaa, loading trs. Update rutin, tapi apk lemooooot."
1,"semenjak update my bca jadi sering banget deh delay setiap mau Log in masuk, padahal jaringan normal full malahan, TF uang lewat qris ataupun TF ke manapun, ini delay loh, jadi saya harus paksa keluar aplikasi baru masuk lagi, begitu terus caranya di ulang supaya bisa log in , saya takutnya uang yang udah saya TF jadi gak kebaca di sistem , tadi saya abis QRIS informasi nya masuk setelah saya ulang , udah lah tolong perbaiki, kalo tidak saya gak pakai lagi aplikasi ini, saya pindah Bank Lain"
1,"jaringan normal tapi terjadi kesalahan terus, mantap BCA. lanjutkan"
1,"ketika transfer ke rekening lain, malah tidak masuk dan saldo tidak kembali"
1,1500888 gak ada gunanya ya gak bisa dihubungi gak jelas pelayanan nya tolong di perbaiki
1,"apa coba tiba tiba ngga bisa login, pas sudah mau login disuruh masukin nomor hp, udah dimasukin malah diblokir katanya tapi boleh menggunakan nomor lain, pas di cek ternyata kode nomor indonesia malah ngga ada, diminta menghubungi halo bca, ngga jelas tau ngga sih ngapain coba pake ngga bisa nomor indonesia aneh tau ngga sih, pake acara diblokir pula, jadinya uang yg ada di saldo ngga bisa ditarik, nyesel rasanya nyimpan di bank bca ini"
1,"masak iya mau pilih negara untuk masukin nomor tapi gada negara indonesiaa ,yang bener ajaaaa"
1,tidak membantu sama sekali
1,"verifikasi wajah gagal terus, udah nyoba bekali kali"
1,ada beberapa transaksi yang tidak diinformasikan kepada pengguna
1,"abis di perbarui ngisi flazz jadi gabisa. benerin lah woi bca taik, bikin susah aja"
1,"sering tiba2 ga bisa login, something went wrong, face id tiba2 ga bisa dan harus masukin password dan parahnya juga dah dimasukin password tetep something went wrong"
1,"ga bisa login kenapa😭😭 "" terjadi kesalahan """
1,setiap maintance tidak pernah ada informasi pemberitahuan dan itu sangat mengganggu
1,"aplikasinya knp tidak muncul fitur pengaturan aneh HP yang lain muncul fitur pengaturan,, fungsi pengaturan di aplikasi apa aja wajib garis bawahi ya wajib, tp di MyBCA kn tidak ada"
1,"Tidak bisa verifikasi wajah,gagal terus"
1,"Saya sudah sering ketemu sama CS yang agak tidak senang sama saya. Tolong diperbaiki kinerja Anda. Saya meminta tolong, masa apa-apa pergi ke kantor cabang terus? Apa gunanya ada aplikasi MyBCA jika dialihkan ke kantor cabang terus, kemudian suaranya juga tidak begitu jelas, berat dan seperti putus-putus. Semoga ini jadi terakhir kali saya mengalami kejadian buruk seperti ini. Tolong evaluasi dari BCA."
1,aplikasi nya kurang baik..tiap transaksi gagal trus sinyal juga baik gak pakai WiFi
1,dongo meni hese veriv benget ge
1,"gajelas bgt monyet , verifikasi wajah susah nya minta ampun , di suruh di tempat terang , udh terang masih aja ga bisa"
1,ini masa kode negara+62 tidak ada gimana yaa
1,"butut, 1 bulan lebih kartu ATM ga nyampe"". udah 5x buat laporan tetap ga nyampe"
1,setiap pengajuan paylater di tolak sy pake bca sdh 6 thn
1,aplikasi bapuk sering eror
1,aplikasi tolol ribet
1,"Verifikasi muka susah! gara2 saya pindah device Mybca saya terblokir, diarahkan untuk Video call sama CS malah terkendala terjadi kesalahan, bener2 sampah vermuk doang susah!!!!!"
1,masa tf untuk pemindahan uang hilang 50k udah di cek di mutasi ga ada riwayat transaksi
1,jaringan bagus tapi gabisa masuk apk mybca
1,potongan nya gede bgt klo mau tf😞😭 biasanya cuma seribu
1,Verifikasi nya susah buka mulut udah sampe 20x ngulang terus sampe 10x ga pernah ke detect naiss
1,"halo saya mau kasih feedback mudh2an di perbaiki ya. Jadi si myBCA ini klu pindah perangkat pas mau verifikasi wajah selalu gagal. pas telp cs di suruh ke kantor cabang dengan alasan muka belum terdaftar. coba dong di perbaiki sistem ganti perangkatnya, klu wajah belum terdaftar bisa opsi verifikasi video call aja, jadi gak repot ke cabangnya. semoga hal simpel kyk ini bisa di terapkan. karena bank lain pun bisa"
1,knpa erorr . susahh di buka
1,jadi lemot gini
1,"sekarang jadi sering banget error ""oops terjadi kesalahan "" saat transfer. dulu pakai BCA mobile jarang error"
1,payah sih bca untuk produk paylater nya tidak bisa naik.
1,"tolong diperbaiki, verifikasi wajah gagal terus"
1,transfer pakai Qris lama masuk nya y
1,setelah update malah sering gangguan .
1,"ini kenapa bayar pake QRIS gagal mulu, kan malu mau bayar apa"" jadi lama, padahal jaringan bagus mau pake wifi atau jaringan selular sama aja gagal mulu, benerin lah"
1,seribg gangguan gak bisa kirm ke lain bank
1,"mau login ulang pas disuruh masukin kode otp, otp nya ga mau muncul!! dari tahun kemarin sampe skrg gabisa bisa heran bnrr"
1,"apaan banget si kode otp nya kaga muncul muncul pas mau masuk akun gw sendiri, giliran pas reset password ada kocak kode otp nya, sialan mana gua gada kartunya anj"
1,"aplikasi yg sangat downgrade, di saat yg lain stabil ini malah semakin lemot, terlalu banyak Oops maaf terjadi kesalahan, mau buka Oops lagi Oops lagi"
1,baru nyobain pindah ke BCA teryata rugi awal buat nyoba masukin uang langsung kepotong 50rb
1,mau bayar susah amat kebukanya
1,aplikasi terburuk cuma gara gara hp d matiin id lgsung d blokir tiap otp pulsa pulsa lagi. dan trjadi lagi aplikasi tidak di gunakam 3 hari pas login id terblokir lg. ini sebenarnya aplikasi mau nya gmn? otp lg otp lg. tau kan klo otp pake apa?
1,"minta tolong diperbaiki lagi ya, jujur aku udah sampe di fase muak sampe buka rekening baru (bukan bca lagi) karna ga cuman lemot tapi berkali kali mau transaksi, internet lancar, saldo lebih dari mencukupi tapi 'oopss terjadi kesalahan'? sekali dua kali oke tapi ini sampe aku mau pindahin saldoku ke rekening baru aja gabisa harus pake card ke mesin dulu haha, m-banking buat lebih praktis kok malah bikin repot, kelewat malu karna error nya selalu pas aku mau transaksi urgent, cabut aja lah wkwk"
1,"lemooooooot.....opps terjadi kesalahan terus, tetep ja gak ada perubahan aplikasi apa ini 2 jam gak bisa di gunakan transaksi, dan itu setiap malam ketika urgent"
1,BCA parah bgt susah terus transaksi....
1,makin di update makin jelek az
1,"dalam.minggu Minggu ini asem layanan mobile banking nya lemot dan sering gagal transfer ,va, payah payah kecewa isi flaz susah di jaringan 5G tambah payah, dan jam 00,00 trobel heran padahal dl bgus BCA , sekarang mengecewakan"
1,tidak bersahabat
1,"kode otp lambat,gagal terus. tidak ada niat buat aplikasi"
1,"APLIKASI GAJELAS SETIAP MAU TRANSAKSI SERING MUNCUL ""TERJADI KESALAHAN"""
1,"Pemakaian cc sudah setahun lebih, pemakaian lancar dan maksimal. Namun ketika request naik limit tidak disetujui. Memang pelit sekali BCA!"
1,"apaan dah setiap ngisi 50k selalu kena mutasi ujung"" nya gak bisa di tarik sama sekali udah 2x kena mutasi terus ada sisa saldo langsung ilang sendiri emang lucu yah bca"
1,saya kalau pakai data jaringan 5G gbsa masuk. pas pakai wifi baru bisa.. kenapa ya? sudah 2 hari. sprti ini..
1,"vc udah nunggu lama² eh malah gaada yang nongol, dicoba berkali kali tapi tetap gakbisa hadehh"
1,buat bayar qris gagal terus
1,"APLIKASI GA BECUS GINI KENAPA TIDAK DI PERBAIKI GA BECUS DALAM PENANGANAN MASALAH TOP UP FLAZZ GAGAL AJA GA BISA DI ATASI , BUAT MALU AJA SEKELAS BCA TEKNISINYA GA BISA MENGATASI HAL TERSEBUT 👎👎👎👎👎👎👎👎👎👎👎👎"
1,parah banget untuk apa disediakan pengajuan online klo harus ketemu kan logika nya g ada saya ajukan online biar g perlu ke office malah disuruh tatap muka
1,gagal verivikasi ke blokir ID binatang
1,"LEMOT BANGET SIH?! SINYAL BAGUS BUAT YG LAIN, TPI MY BCA DOANG YG LEMOT, LOADINGGGGG TERUSSSSS!!!!!"
1,kurang simple sedikit ribet untuk di pake mobilitas sehari2
1,saya kecewa di pemelihara'an sistim dilakukan pada waktu jam2 sibuk transaksi...itu aja...
1,"keamanan kode otp pakai sms, ribet"
1,baru buat rekening bca. eh pas mau bikin login ni apk. mlh keluar mulur. kgk bisa masuk
1,"SANGAT MENYUSAHKAN !! BANYAK KELUHAN DARI PEMAKAI KARENA TIDAK BISA RESET PASSWORD !!!! TERJADI NYA BUG SEHINGGA KELUAR APLIKASI SENDIRI BERULANG KALI SAMPAI 100X PUN TETAO GAGAL !! APLIKASI TIDAK JELAS , TIDAK CEPAT PERBAIKAN NYA"
1,sering keluar..payah
1,setelah semua diikuti sampai verifikasi wajah error terus gk bisa.
1,pelayanan pengaduan merugikan tlpon 1500888 boros pulsa masa tlpon sebentar pulsa habis gede tambah pelayanan nya lambat jadi pulsa cepat habis ngerugiin orang aja
1,"saya kasih bintang 1 aplikasi tidak berfungsi dengan benar penyimpanan masih banyak masa setiap mau buka aplikasi mybca tidak bisa di buka udh nyoba segala cara liat di youtube, tiktok sama aja benerin dong aplikasi nya"
1,"semenjak ada verifikasi muka udah males banget di posisi tahap itu karena sering gagal, dan ujung-ujungnya di blokir wajib call cs.... HP NORMAL TAPI TERLALU SERING TERJADI KESALAHAN APK LEMOT BGST"
1,setelah update makin bingung gagal mulu kirim kemana juga
1,"Saya login tapi di minta nomor hp luar negri tiba saya masukan minta kode otp tapi kode otp nya gak kluar keluar disuruh telpon hallo BCA tetap tidak ada solusi,nyesel pakai bank BCA ini"
1,lebih di permudah lagi untuk pendaftaran dan peminjaman online nya
1,"mau login aja lemotnya minta ampun, gimana si buat apps banyak banyak nyusahin"
1,gangguan terus mau di gunakan bayangkan cuma pakia mu bca keadaan transaksi dan urgen parah.
1,"buka rekening online di persulit saat video call costumer service bilang ada kendala verifikasi tapi pas di tanya kendalanya apa jawaban nya gak tau, padahal tujuan buka rekening online itu salah satunya untuk mempermudah nasabah yg tidak punya waktu untuk ke cabang"
1,contoh itu gopay kalo vermuk ga banyak gaya bisa masuk .ini belok kiri belok kanan buka mulut sampe nyamuk masuk .verifikasi gagal
1,saya mau login GK bisa padahal pulsa saya ada nomernya bener sinyal bagus cuma GK ada kode verifikasi yang masuk ke nomer saya ini gimana tolong solusinya kode
1,"Aplikasi cacat, abis reset password suruh input kode OTP, sudah habis 60 detik kode OTP baru masuk, pas diinputkan, kode OTP tidak valid, sekali ngirim kode OTP ngabisin pulsa 1000 rupiah, udah berapa kali coba malah muncul nunggu 30 menit"
1,mohon dikembalikan seperti dulu bisa akses menggunakan wifi. Karena saya bekerja di kapal pesiar. untuk kirim uang jadi tidak bisa. dikarenakan saya hanya bisa menggunakan jaringan wifi saja di atas kapal. makasih
1,tiap sertifikasi wajah selalu gagal
1,"sumpah my bca ini aplikasi alay banget, masa setiap ganti device harus ke bank buat verifikasi data. harusnya terakir saya verifikasi wajah itu terekam. sistem data nya jeblok"
1,ini kenapa pasword sudah benar sudah bisa masuk eh pas mau lagi kembali pasword salah dipermainkan aja ini buat pengguna BCA
1,apk nya tambah gak jelasss.. buruk
1,"gmn cara pilih negara, di aplikasi gak ada negara Indonesia .. tlg lah aplikasi yg bener ini gmn mau login minta masuk kode negara , udh gak ada LG negara nya tidak ada pilihan harus masukkan kode negara gmn solusinya kalau no hp sudah terdaftar dan di aplikasi sudah ada saldonya tapi tidak bisa akses alasan belum terdaftar gmn kasusnya , harusnya secara otomatis masuk id dan pin gak perlu minta kode negara segala"
1,"pengiriman kartu baru lama sekali padahal kartu nya butuh buat, ke blokir semua transaksi nya, Beda sama bang Swasta S cepet Minggu Ngajuin, Senin proses, Selasa Kirim, Rabu nyampe, ini BCA sampai hari ini Belum nyampe nyampe lambat banget Padahal pengajuan bareng sama bang Swasta S, hadeh gak lagi deh pake BCA, ni nya cuman buat gaji lewat ajah deh gak bakal di paket untuk transaksi utama deh"
1,apk bodoh dah datfar suruh vd cal pas vd cal suruh ini Sruh itu
1,"sistem nya yang kurang pintar, selalu menyulitkan perpindahan HP baru"
1,sering lemot tanpa sebab
1,minta update sebulan bisa 3x tapi sering lemot
1,ini mybca kenapa dah mau login otp gak muncul² rusak apa gimana ini nunggu otp gak muncul tolong di perbaiki lah layanannya ini gak niat apa buat aplikasinya
1,ga bisa login.. gada nomor HP +62 nya..wkwkwk
1,ini gimana dah cara hub cs bca di my bca? masa qriss udah 1 jam ga masuk padahal berhasil
1,waktu proses buka rekening waktu verifikasi wajah ga bisa ditulis please turn off the developer mode.
1,tidak bisa verifikasi wajah. padahal sudah aktifasi.. tinggal verifikasi wajah dan tanda tangan kamera gak aktif bank tolol
1,sering log out sendiri jd ga nyaman
1,"aplikasi terburuk yg pernah ada. saya baru download, ketika sampai di verifikasi nasabah, tidak bisa dilanjutkan. padahal saya sudah klik semua kolom ""setuju"". Tp pilihan ""lanjut"" tidak bisa diklik. parah. jd untuk apa saya download kalau tdk bisa dipakai?"
1,"ini buat id muter"" mulu nomer sudah di masukan minta di masukin lagi"
1,saldo saya ngendap mybca gak bisa di akses. tolong perbaiki donk min. gak bisa di buka sama sekali. saldo jadinya gak bisa di tarik
1,"Niatnya ingin daftar online untuk mempersingkat waktu,tapi pas sampai sesi vc dengan petugas selalu tidak jelas susah 2 kali mencoba tapi petugas bilang ada kendala tidak bisa menyalakan kameranya lalu selang 1 menit di matikan sendiri,proses gagal. sewaktu ingin mencoba yang ketiga kali malah gabisa nyoba lagi. buruk pelayanan sangat buruk instrospeksi lagi petugasnya"
1,"cuma ngirim kode verifikasi aja ga muncul sangat tidak memuaskan,pelayanan cepat cuma ribet munculin code aja ga bisa padahal nomer aktif biasa di pake."
1,aplikasi bujang banyak gangguan ga rekomendasi
1,"ASAL BLOKIR, RIBET NGURUSIN NYA ! mesti nunggu PIMPINAN YANG ENTAH KAPAN DATANGNYA"
1,"disuruh update tapi tidak tersedia update versinya, kacau"
1,blm layak menggunakan fitur verifikasi wajah. ujung² nya terblokir dan harus verifikasi via VC dengan CS.
1,pelit sama kode otp
1,"Sy pakai bca mobile sudah puluhan tahun dan sangat nyaman, karena aplikasinya sangat ringan dan mudah login, tp bbrp bulan terakhir ini aplikasi punya bca baik mobile maupun my bca jadi susaaaaaah banget login, apalagi kalau pakai wifi langsung mental, RIBETTTT jadi males pakai aplikasi BCA, dulu jadi kebanggaan sekarang jadi momok.... Sumpah RIBET BANGET sekarang pake bca mobile dan my bca..."
1,tidak dapat di instal di hp Redmi A4
1,"jangan sekali² daftar aplikasi ini via onlen . dana kita disedot habis²san . katanya untuk biaya ini lah itulah, nyesel saya .saya coba masukan dana 200rb ,dipotong langsung 30rb,sisa 170rb, dipotong lagi 40rb sisa 130,dipotong lagi 20rb tinggal 110rb bertahan 3hari .eee ada potongan lagi 20rb .sisa 90rb. katanya untuk biyaya adminlah ,pembuatan m bangkinglah., saking jengkelnya saya blok kartu, niat mau nabung malah kayak gini. yaalloh., makan aja itu uang . nggak iklas saya"
1,saldo di rekening ga di apapain berkurang sendiri gada notip peringatan apapun tolong lah yang bijak sedikit jangan asal comot ajaa di notip cashflow pengeluaran nya 3ribu nyata nya 20ribu hilang tolong lah jangan asal main comot gitu aja
1,"mau masuk ke fitur kok GK bisa ya nyari kode negara sendiri GK ada pilihan, halooooo... mau nya gimana sihh udah liat saran yg kalian kasih udah dilakuin juga kok masih GK bisa juga kalo GK di isi GK bisa masuk pake kode negara lain juga GK bisa GK pake kode menu lanjutkan juga GK bisa di klik HALOOO SOLUSI DONG HALOOO"
1,"cape smaa bca, ga satu dua kali bermasalah, padahal uda jaga baik² tpi masi aj ad kendalanya, susah klo pas mau pergi ke luar negri harus tlpn sana lapor sini dilempar²"
1,"ini gimana si ko setiap top up ke bca suka ke sedot mulu saldonya, tolong dong ini gimana"
1,"ngabisin pulsa setiap mau login minta kode OTP tapi kodenya ga masuk masuk, tolong perbaiki dong"
1,"RIBET, verifikasi jg harus download bca mobile jg knp coba. Coba ini karena bca mobile appnya busuk, log in gagal terus. perkara pindah HP doang jd mau akses mbanking aja rumitnya. Gagal terus, nguras pulsa lagi. Heran BCA seribet ini ternyata."
1,pend kontt
1,"no hp indo(+62) tidak ada, tidak bisa login tidak ada plihan lain, katanya harus di SIM 1, sudah juga tapi tetap tidak bisa, sudah ada keluhan tentang ini tapi tidak diperbaiki"
1,tidak bisa dibuka
1,"knpa saldo saya ke potong ADM ya,udh gitu sampe 19 ribu lagi ADM nya tanpa pemberitahuan ada potongan ADM,ga jelas bngt aplikasi."
1,kok TDK bisa d buka
1,sudah ngasih tau baik baik tapi tetap ga bisa di aktifin apalagi CS nya suara kita berbeda kalau ga bisa kena suara tinggi tiba tiba pelayanan ga bisa di lanjutkan
1,pelayanan anda sangat buruk klo anda ga ngerti TTD e-KTP dan saat proses nya jangan jadi analis klo ga terpaksa saya ga akan buka rekening
1,ada biaya bulananya ternyata mana mahal lagi
1,"sulit bangett buat login ke mybca lg, kalo lupa id dan pasword udah ga bisa masuk,login terjadi keslahan terus"
1,lemot banget aplikasi nya
1,"setelah update yg terbaru minta login ulang, trus setelah login ulang minta verifikasi, data semua udh bener, dan udah 5 kali verifikasi gagal, ini disuruh tunggu 30 menit, hadeeeeh.. tolong dibenerin dung cs BCA. abis pulsa ini setiap verifikasi. udah pake jaringan pribadi sesuai dengan yg diminta, sama aja tetep gak bisa"
1,jadi makin lemot
1,"apk gak bisa di pasang, padahal sudah di alihkan ke paket data/wifi pun gak bisa di pasang, memory internal pun masih longgar tetep gak bsa kepasang dan hp sya gunakan Oppo Reno 11f 5g"
1,mau buat ID tapi keluar2 terus dari aplikasi.. tolong diperbaiki
1,"real nih tiba tiba ada potongan admin smpe hampir 20k, dtambah saldo awal kpotong 50k. transaksi tarik tf belum pernah. BRIMO gak segini gini amat dah. a.n norek:Bahrul ilmi"
1,aplikasinya buruk sekali kemaren saya baru daftar rekening udah terverifikasi lalu saya isi dari seabank saya tapi sampai sekarang belum masuk dr tanggal 11 feb sampai sekarang blm juga masuk padahal transaksi saya udah berhasil tolong di tindak lanjuti
1,sangat kecewa dengan BCA..uang setiap hari hilang 19rb setiap trima uang masuk saldo selalu terpotong gak jelas...lebih baik tutup rekening di BCA lama2 boncos
1,"lemot, gak sekali dua kali, berkali kali malah, setiap masukin pin muncul ada kesalahan, ada kesalahan, ngulang ngulang terus, dipikir lucu kali, kalo urgent gimana, update bukannya nambah mudah malah bikin kesel"
1,gampang erorr
1,"SETIAP ISI SALDO GA PERNAH HILANG TAPI SETELAH BEBERAPA HARI SALDO SAYA KEPOTONG BAHKAN HAMPIR LEBIH DARI 100K, DAN TIDAK ADA KEJELASAN SAMA SEKALI KENAPA SALDO SAYA KEPOTONG, SAYA TIDAM PERNAH TRANSAKSI APAPUN, TDK PERNAH PUNYA HUTANG ATAU DLL. SEMUA TERJANGKAU DENGAN SAYA TAPI SAYA GATAU KENAPA SALDP SAYA SERING KEPOTONG BANYAK SEKALI."
1,kenapa gak bisa login tiap login berhasil malah harus masukan nomor terus kode negara gak ada padahal kartu sim udah sim 1 tetep aja susah
1,"udh bayar tagihan 20 rb perbulan malah ilang lagi 20 rb kocak tolol , ratiing satu aja"
1,karena banyak komentar yang tidak memuaskan dri para nasabah jadi aplikasi ak ngk aku perbarui dulu....bintang 1 aja layak nya...
1,"ga bisa buat id bca, keluar aplikasi mulu"
1,mau bikin mbangking susah banget + ribet
1,saldo kepotong terus anjeng
1,"verifikasi wajah gagal terus padahal sudah sesuai arahan semua, sampe capek. gini amet ."
1,lu buat apk yg layak lah dongo udh d verifikasi semua ttp aja eror lupa pw makin ribet dongo
1,"ini serius tahun baru tapi buat face recognition di tablet android 11 tetep gagal terus??? udah paksa berhenti hapus data segala macem ga bisa, aksesibilitas udah nonaktif, memori masih cukup ada kosong 2GB, ke haloBCA pun ga ada solusi. apk lain bisaloh, developer perbaikinlah, habisin pulsa customer aja"
1,mybca knapa sih setiap isi saldo terpotong terus
1,"ga bisa verifikasi wajah, setelah ga bisa disuruh verifikasi via vidiocall tapi ga bisa tersambung juga. pengalaman yang cukup kurang baik"
1,kecewa untuk pembukaan rekening semua berkas yang di minta udah saya siapkan dari RT dan Juga dari kecamatan alasannya karena kurang jelas huruf dari berkas saya pada hal aneh udah tau posisi nya lagi video call untuk cs nya yang 5 menit kan kurang nampak kalau lewat video call tapi lebih aneh nya mereka bisa membuka rekening orang yang bertransaksi judol tapi bagi nasabah yang ingin bener2 menabung malah di susah kan sekali
1,"masi kurang detail mutasi uang masuk & keluar,, tidak ada kelihatan jam & menit"
1,"Verifikasi wajahnya susah untuk daftar myBCA,smpe skrg blom jadi2 tinggal 1 langkah lagi.."
1,aplikasi tidak bisa di buka pada saat mengisi pendaftaran
1,"Makin aneh sama call centernya,data baru di buat malah di akhiri,di call balik malah di blokir anehhh layanan minim"
1,menjengkel kan apk sangat tidak jelas mau tranfer aja terus menerus muncul keterangan uppsss terjadi kesalahan
1,"jangan beli paket data di sini gak jelas masa iya paket 60 GB harga 100rb 2 hari abis, aplikasi standar FB YouTube go car & grap car aja yg lain gak ada.itupun gak 24 jam online trus hpnya"
1,aplikasi nya bobrok banget...sering error..bikin malu aja pas qris gagal gagal terus
1,pntek BCA stiap bulan mntak di apdet tapi ngk ada juga ke majuan nyusahin tau orang lagi mau butuh cpat
1,apknya sering terhenti knp ya?
1,tidak bisa registrasi keluar sendiri tiba tiba
1,hanya untuk mengambil kartu ATM sangat ribet. pengurusan lupa pasword juga ribet. padahal semua komplit.ehh yang di salahkan KTP sangat-sangat mengecewakan.
1,"aplikasi lagi eror parah mau' reset password, mentok di isi BCA id & nomor kartu tidak bisa input password baru, saya setelah ada pembaruan aplikasi mybca saya coba lagi masih sama tapi kali ini mentok di bikin password tidak bisa masukan pin transaksi kacau parah baru kali ini BCA parah gila"
1,suka error terus... stiap pembaruan pasti error... udh gtu penginstalan lama banget lg... mau login aja harus kena biaya... bikin abs pulsa aja... mending pke dana dah... bca makin hari makin parah... serba bayar...
1,"aplikasi lemot, kurang optimal, pada saat registrasi akun setelah menginput nomer telepon dan ingin melanjutkan proses registrasi mengalami loading yang sangat panjang, yang memaksa saya mengulang proses registrasi, saat proses di ulang, tertera email sudah terdaftar, ingin login menggunakan id yang telah ""terdaftar"" terjadi kendala tidak bisa menekan tombol login, setelah input email di bagian lupa id, tertera email belum terdaftar namun muncul pesan email telah di gunakan saat ingin regis,"
1,bca tlol saldo gw tiba tiba di ptong 100rb pula saran jgn dwnlod apk ini
1,kok akun Saya selalu gagal reset pasword dan Saya sdh brpa kali mnghubung halo BCA jawaban mereka sama masa sekelas bca tidak bisa menyelesaikan permasalahan padahal semua data Saya sdh benar
1,mau login tapi kode negara tidak ada
1,kenapa pas mau verifikasi wajah tidak bisa di bukak
1,buka m banking di bank nya langsung aja susah bget ribet lamaaaa pelayanan macam apa ini woiiiii
1,"kaga niat deplov applikasi tapi maksa, login aja setengah mati susahnya, izin lokasi udah dikasih muncul terus notif minta izin lokasi. kebanyakan bug, pertama kali pakai UX ya sangat buruk, kesan pertama yg sangat tidak menyenangkan."
1,"tiap login minta verifikasi nomor hp terus menerus, padahal sudah verifikasi sebelumnya"
1,"entah kenapa tiba² waktu login langsung mengarah ke tambah no hp, dicari kode negara indonesia g ada, padahal nomor yg dipakai sudah di slot sim 1, baca² di internet dan komentar² ratung playstore juga banyak mengalami kejadian yg sama, tapi balasan dari bca nya tidak solutif, hasilnya sampai sekarang masih belum bisa login, experience yg sangat amat buruk"
1,"Kenapa saya tidak bisa verifikasi wajah saya,HP saya yang lama rusak ketika saya mau login di HP yang baru saya tidak bisa melakukan verifikasi wajah, selalu failed. sudah saya coba semua saran dari bca tapi tetap tidak bisa selalu verifikasi gagal, aplikasi sampah macam apa ini jika verifikasi wajah saja selalu gagal"
1,ok. baik
1,cape banget daftar di BCA ribet. sinyal bagus malah dibilang jelek. dan putus putus
1,tidak mendapatkan kode otp
1,"Buruk, sering logout sendiri, udah login & otp dengan pulsa tidak cukup 1 kali, lebih dari 2 kali tetap logout kembali. Buruk"
1,"hai min, aku mau login setelah memasukan id dan pass diminta masukin no hp, tapi ku cari kode nomer untuk indonesia tidak ada, jafi bagaimna mau masuk?"
1,"Setelah diupdate ke versi terbaru, ada fitur terbaru OTP yang harus diaktifkan untuk layanan transaksi debit online, setelah saya klik untuk OTP tersebut muncul pemberitahuan bahwa fitur belum tersedia sehingga saat ini saya tidak bisa mengaktifkan lagi layanan transaksi debit online. Saya sudah mencoba juga via Halo bca atau call centernya namun tetap tidak bisa dibantu. Mohon diperbaharui lagi untuk update aplikasinya / dikembalikan saja ke awal supaya bisa digunakan seperti yg sebelumnya."
1,aplikasi yg sangat buruk.. saya sangat kecewa
1,payah sering gagal kalo malem kalo transaksi
1,"apk taii seeing logout sendiri , suruh otp lagi jembud"
1,jelek... susah sudah ke ATM juga susah
1,"setiap kali transaksi, kebanyakan gagal. sudah telp Cs tidak ada solusi."
1,Tidak ada pilihan kode negara +62
1,"konyol gara2 nunggus sms otp lama dr bca nya sndiri malah mbankingku di blokir, konyol konyol, layanan sms nya tolong di perbaiki jangan bikin susah..."
1,kenapa setiap mau TF pasti ngga bisa tolong perbaiki lagi fitur nya
1,"BCA id ke blokir ,tlpon hallo BCA gak ada solusi percuma bikin ribet log in juga"
1,masukin id sm pasword dibilang salah terus jd keblokir...ga jelas
1,ini kenapa pas verifikasi muka keluar terus woi dari aplikasi
1,kenapa saat masukan atau menambahkan nomor handphone itu gaada kode negara indonesia?
1,"aplikasi bego!!! login awal minta verifikasi wajah selalu gagal, padahal sudah ikuti semua instruksi!!!!! cacad bener aplikasinya!!!"
1,udah bagus MBCA malah bikin mybca yg banyak bug nya. kocak !!!
1,aplikasi paksa berhenti terus padahal udah di hapus data download ulang lagi masih tetep paksa berhenti terus ram hp juga 8 gb ini kenapa bca busuk banget kalah sama mbanking yang lain
1,"setelah update malah sering eror, terjadi kesalahan terus👎"
1,ini kenapa woi pas mau login masukin nomer. malah indo (+62 ) kaga ada
1,ini bagaimana setelah update error terus
1,"selalu muncul keterangan ""Oops... Terjadi Kesalahan"" saat payment qris, padahal jaringan bagus"
1,tidak di MyBCA tidak di Blu bca sama saja tidak ada yg di acc mending ganti pake yg sblh
1,"Setelah akses login berhasil kenapa lari ke Menu tambah nomor, sedangkan menu tambah nomor pada kode negara, tidak ditemukan kode nomor Indonesia (+62). tolong dong benerin, masa kode negara sendiri tidak ada. ya kalo login berhasil harusnya lari ke menu utama dong bukan ke menu tambah nomor. dimenu tambah nomor tidak ada tombol untuk lewati. dari awal onboard nasabah juga data-data lengkap. tolong dong kalo aplikasi belum beres jangan langsung deploy ke production. Dev magang, QA asal asalan."
1,apk apaan ini mau login aja susa masa udah terdaftar udah aktivasi pas mau masuk malah suruh registrasi ulang ngaco bgt
1,dari semua komentar banyak yang mengeluh appnya lemot dan sulit diakses. (SEHARUSNYA JADI PELAJARAN BCA). mengingat sebelum sebelumnya lancar lancar saja. menuju BCA downgrade
1,verifikasi wajah ribet bener..udah ngikutin petunjuk berkali² gagal mulu.. mau verifikasi pake video call juga ga bisa..
1,"busuk, jaringan kencang aplikasi nya kek server penuh lemooooot parahh gagal terus buat transaksi di Sabtu,14 februari 2026"
1,"MAU TRANSFER TERJADI KESALAHAN TEROSS, PINDAH AH KE BANK SEBELAHH"
1,masa mau login lagi gak bisa
1,"Tiap hari server down melulu, gak bisa login... benahin dong, nyusahin org, malu maluin aja.. 😏"
1,"kaga jelas. masa udah dibantu cs mybca sampe cs halo bca masih aja "" Unable to continue with verification process"""
1,kode negara indonesia tidak terdaftar di hp saya. Bagaiamana min?
1,"woy yg bener aja lah jaringan bagus gangguan(eror) terus, perbaiki lah jdi malu saya mau bayar makan pakai QR"
1,burik sering gangguan babi
1,hapus aja fitur verifikasi muka ga guna.mau login di device yg lain di persulit mending hapus aja udh
1,bca woyyyy kenapa gabisaaa log in lagiiii stuck di login pw uda bener tetep ga terverifikasi nyesel jir
1,"sering banget gabisa login. padahal jaringan baguss, mending pikir dulu dehh buat kalian yang mau pake bca"
1,"Apaan dah sering banget transaksi gagal! Pake wifi jaringan 5G, buka game lancar, buka YouTube lancar, tapi buka BCA, mau transfer transaksi gagal mulu. Lagi mau transfer urgent sering banget kayak gini."
1,"saya mau registrasi, lalu diminta masukkan kode negara di nomer tlpon. untuk kode +62 / Indonesia gak ada."
1,agak emosi ya udah ngisi semua data tapi bagian setuju terakhir tidak bisa di klik. jadi tidak bisa membuat rekening baru!
1,jelek bangat ...setiap hari error dan blokir tanpa sebab
1,ribet bgt cuman masalah verifikasi foto..gagal mulu
1,mau buat akun udah isi smua data diri KTP segala macam pas vc katanya blum ada ah malas x ribet
1,saya pas mau log in dimintain nomor telepon. tp ga ada indonesia +62 pilihan kode negaranya. negara lain semua negara ada indonesia doang ga ada. aneh banget. uda gitu ini log in dan semua data kita terbuka dan bs diakses. bca tlg pakai mbca ajalah ga pake mybca ini terlalu banyak error dan bahaya.
1,"aplikasi ribet, kalau gak karna gaji gamau pakai app ini"
1,kode OTP nya lama banget smpe 5 kali dalam 2 hari masih kaga masuk² heran Pdhal pulsa udh masuk
1,"ga jelas, tiba tiba ke blokir, pdhl lagi mau TF? saldo semua ada di BCA?"
1,"tidak ada Kode negara Indonesia, tidak bisa login menggunakan nomor Indonesia"
1,"Oops.. Terjadi kesalahan, silakan coba lagi. OK, dahal jaringan 5G pakai wifi pun sama. nelpon customer service malah disuruh cek jaringan."
1,"udah 3× reset password padahal password-nya bener, udah gitu kode OTP kirimnya lama padahal pulsa cukup sampai habis tapi kode OTP ga masuk. KECEWA BANGET"
1,"selalu tiap mau login di tanyain no hp, dan itu muncul sndiri, gmn sih"
1,mau reset password pas masukin password force close terus
1,"ini udah buka myBCA , udah login BCA id kenapa harus masukan nomor telpon tambahan ? terus udah masukin nomor telpon dan pilih kode nomor negara , negara indonesia nya gada , ya gabakal bisa masuk lah kalo kode negara nya gada aneh ! abis login BCA id langsung otomatis ke tambahan nomor telpon ."
1,"ups terjadi kesalahan, kode error gagal dll sekelas BCA kok bisa si softwarenya sembronoan"
1,sering terlogout jelek banget
1,"jaringan myBCA selalu gak bisa baca data, buat aplikasi tapi gak bisa dipakai, ambil data orang terus, buat aplikasi harus bisa di pakai jadi keliatan kalian bukan pencuri data"
1,"Susah banget verif wajah, udah kecabang dan bisa, eh besokny d suruh verif lagi dan gagal"
1,apa ini pilihan negara g bisa pilih indonesia
1,"aplikasimu jelek gini kok gak di benerin, tiap mau transaksi muter doang terus gagal, pake wifi pake data sama aja, gini kok update terus layanan buruk"
1,gajadi mantab
1,solusinya AQ daftar pake no halo jadi kayak mna mau login mintak notif dari kartu halo pulsa anda tidak mencukupi di isi pulsa gak bisa
1,"parah, mutasi ke admin tidak ada konfirmasi/info terlebih dahulu ke nasabah. main auto potong aja."
1,kenapa tidak ada kode negara indonesia ketika mau log in masukkan no hp
1,"udah reset pw di bantuin sm cs nya, eh pas mau login lg ke blok, pdhl data nya semuanya sama, aneh bgt alhasil uninstal aja deh"
1,"lemot banget apk nya mau bayar ini itu susah padahal jaringan stabil tp kendala jaringan muter"" terus"
1,"tidak profesional, pada saat dihubungi selalu pertanyaan yang berulang, disuruh menunggu untuk pengecekan hampir setengah jam, ini tidak membantu sama sekali, bikin habis pulsa saja"
1,mau login aja susahnya minta ampun
1,mau bikin malah ga bisa verivikasi wajah ... developer apalah tulisan nya kacau
1,"nda suka, banyak yg cari target temui org2, pas kita mau bantu daftar ribett bgt ngisinyaa sampe lama bgtt diisi orgnyaa dan alhasil krn buru2 ga jadii"
1,mau reset pasword tapi kode OTP gak dkirim kirim. twrus gimana ini
1,sering eroor gak jelass
1,ok
1,"gak semakin baik malah semakin buruk, qris gagal mulu, transfer jg sering gagal, buka aplikasi diminta update mulu, aplikasi jg berat, bug nyq masih banyak"
1,"kartu kredit dan paylater kaya setan ditolak terus , padahal penghasilan gaji selalu dari atm"
1,makin ke sini mybca makin ribet verifikasi muka trlalu susah kalah mau senang orang jgn ribet2 napa verifikasi muka trus kalau bisa jgn pake pulsa mybca padahal bagus tp ribet banget tolong di biasakan verifikasi muka ribet banget
1,kok pilih negara indonesia gak ada
1,maaf aku gagal terus gak bisa terima kode privikasi. mohon data yg udah di cantum kan hapus saja.aku berulang kali bikin akun gagal terus gak bisa buka mybca
1,"vermuk gagal terus, kamera nya suka kembali lg ke awal mana lemot bngt lagi buka kamera nya"
1,"setiap kali transfer atau scan qris selalu saja terjadi kesalahan. nanti coba beberapa kali baru bisa transaksi tolong lah MYBCA di perbaiki lagi, tiap bulan update tapi ga pernah kelar kendala berikut"
1,tolong lebih transparan lagi ke para nasabah jangan asal potong saldo nasabah tanpa ada pemberitahuan sama sekali.
1,"verifikasi wajah sulit, udah di suruh lewat video call, udah masukin data dengan benar ttp aja tidak sesuai katanya, sampai tunjukin kk biar percaya, ttp aja belum sesuai, malah di suruh ke kantor, udah tau males ke kantor makanya daftar online, ada2 aja nih apk, emang udah paling bnr bca mobile aja,"
1,"Woilah, tolong lah pas verifikasi wajah gagal terus pas mangap, gak jelasss !! Segera perbaiki !!"
1,TAI LEMOT
1,"tolong lah my BCA jngn cepat teblokir,udh beberapa kali ini saya ke blokirr"
1,"udh bkin rekening udh bkin id baru sma pw pas giliran masuk malah suruh masukin kode otp mulu smpe 5 kali nyoba akhirnya pulsa gw abis gara"" kode otp doang hdh lucu nih aplikasi"
1,"ribet pakek aplikasi ini giliran salah masukin pass karna lupa padahal akun punya sendiri ttp aja dipersulit, di blokir trus mau buka pun di suruh tlp nomor tlp custmsrvice tp ttp aja di buat ribet, udah pulsanya habis duluan masalah gak tertasi gk kelar² di suruh nunggu karna data blm terbuka tlp terputus hadeh pulsa habis gk dpt jwaban ribet!"
1,tiap hari lagg entah lah ribet
1,"Ini kenapa ""Oops... Terjadi Kesalahan, silahkan coba kembali"", tadi sebelum jam 00.00 bisa, pas udah lewat jam 00.00 malah stuck di bagian login, tolong perbaiki bagian kekurangan tersebut, hal tersebut membuat proses transaksi pembelian tiket saya jadi gagal, dan saya tidak dapat mengulang transaksi tersebut dikarenakan tiket sudah tidak tersedia kembali."
1,"Ga ada yg salah dengan aplikasi kalian, saya ga Terima kenaikan limit cc saya ditolak terus. kalo kek gini saya ga betah pake cc bca terus menerus"
1,"mutasi tidak jelas,awalan masuk uang tapi saldo tetap rp0 ga ada informasi mutasi keluar karena apa"
1,"tidak bisa Terima kode OTP SMS hedeh, padahal besok gajian tapi bank BCA ribet sumpah"
1,logout sendiri terus menerus. setiap kali minta OTP. DIKIRA MURAH KALI BIAYA OTP
1,APLIKASI BANYAK LOADINGNYA ❗❗❗❗
1,setelah update mau masukin nomer ponsel malah gada id countrynya anehh
1,"lemot, ngeselin. bermasalah dikoreksi padahal di kota, jauh sm aplikasi mancing lainnya.. tolong dong di perbaiki. antrian panjang klo transaksi lemot gini masalah jadinya."
1,apa ini gangguan mulu.. payah!!!!!!
1,"Sayangnya BCA belum menyediakan tabungan bebas biaya admin via m banking, seperti BSI easy wadiah dan BRI simpedes umi, dan hanya mengandalkan BCA tabunganku, itu pun gak bisa pakai m banking"
1,"bug delay numbpad belom di fix juga,gara2 bug itu sampe ke blokir. tolong lah di perbaiki untuk masalah lambat pada saat masukan pin"
1,Kenapa tidak ada e deposito valas dari pada saldo diam saja di poket valas
1,"sering eror saat transaksi "" oops terjadi kesalahan "" berkali-kali hampir setiap hari sering..."
1,sumpah kesel dan kecewa banget ketika mau transfer abis pencet pin slalu terjadi kesalahan kadang di ulang2 sampai 10x
1,bca kalo ada yang komplain responnya lama sekali :(
1,"Saya kecewa kemarin niatnya sisa nya mau ditabungkan dan malah uang gaji sisa ku hilang semua , dan belom sebulan sekali nya uang gaji ku langsung dipotong dan baru juga 2minggu yg lalu gaji ku langsung dipotong, udh mh uang gaji ku kecil cuma buat kebutuhan sehari-hari . tolong pihak aplikasi MyBCA jangan pernah korupsi disetiap gaji/sisa uang gaji yg tidak ditarik semua."
1,aplikasi my BCA tersebut tidak sediakan untuk pembayaran ovo atau dana tercantum di aplikasi my BCA tersebutdan satu lagi ini tidak bisa pakai verifikasi wajah untuk masuk login dan soalnya kalo pakai verivikasi wajah untuk keamanan dan jaga jaga aja
1,"tidak bisa masuk aplikasi, selalu di suruh krm kode otp tp kode otp slalu tidak valid, lalu pulsa di sedot terus oleh sms kode otp, dan kode otp yang di kirim selalu sama, bener bener jelek pelayanan aplikasi mybca, nelpon no halo bca juga tidak ada solusi malah pulsa tersedot habis, chat di WA BCA juga tidak ada solusi, bgmn ini bca kok bikin aplikasi ribet login nya begini"
1,"aplikasi macam apa ini.. proses verifikasi sangat susah meski sudah di ulang berkali kali kalo di komplain malah yang di salahin kita.. bca banyak duit tapi gak bisa bikin aplikasi bagus, liat aplikasinya rasa percobaan anak baru belajar bikin apk.."
1,"Waktu masukin nomer telefon gaada option kode Indonesia, tolong di perbaiki"
1,kenapa nga ada fitur cek hanya uang masuk aja seperti mobile bca
1,"trasnfer ke bank bca 50rb yang terisi hanya 36.000 ,ini yang terpotong emang sebsar 14.000?? sudah cek di riwayat transaksi tapi tidak ada informasi potongan"
1,Mohon fitur hapus riwayat tujuan transfer/VA
1,"tiba-tiba reset cache sendiri ni apps, giliran login ulang minta otp harus ada pulsa. gimana nih, masa tiap kali reset cache sendiri harus beli pulsa dulu buat login, kacau !!"
1,"Saya daftar rekening lewat aplikasi myBCA, sudah buat ID dan password tapi tidak bisa login padahal datanya benar. Akhirnya saya harus datang langsung ke kantor cabang, dan hanya dijelaskan kemungkinan “kepental”. Di cabang saya menunggu lama sampai proses buka rekening selesai, total sekitar 3 jam. Setelah pulang, saya coba transfer lewat myBCA tapi tidak bisa karena fitur transaksi finansial belum aktif. Prosesnya terasa tidak efisien dan buang waktu."
1,sudah mulai miskin ya? pake biaya jasa segala sekarang
1,Tidak bisa pendaftaran nomor handphone via halo BCA harus lewat Mesin ATM. Padahal saya mendapatkan penempatan di Wilayah 3T. Disini tidak ada Bank BCA apalagi ATM BCA. INI SANGAT MERUGIKAN CUSTOMER. Apakah Bank sebesar ini tidak punya solusi ?. uang saya ada jutaan di rekening tersebut.
1,"untuk cs nya tolong di perhatikan lagi, tadi saya daftar, prilaku dan tutur kata cs yg melayani jelek sekali, di cabang sintang kallbar"
1,gila ya bikin pulsa habis sia-sia. baru mau registrasi padahal
1,"MENGECEWAKAN DAN BELUM CANGGIH SEPERTI IKLAN NYA . playanan khusu pembukaan rek online nya belum canggih untuk sekalas bank sentral,KTP sudah di pakek kemana tetapi tidak terbaca alsan nya . mengecewakan untuk pengalaman pertama . masf hanya mengutarakan pengalamn dan kekecewaan."
1,RIBET LOGIN NYA
1,halah malah keluar sendiri registrasi lagi malah makin gakjelas
1,oops terjadi kesalahan terus
1,"Belum ada perubahan cara kirim OTP.Kenapa nasabah tidak diberi piliham cara kirim OTP.apakah melalui E-MAIL, SMS ATAU PESAN WA ?. OTP VIA SMS sudah nunggu 1 jam... e...malah OTP ga berlaku lagi....Gimana di developer Aplikasi. hubungi saya pagi jam 10.20 wib,siang jam 13.00 wib. Tetap bintang satu ya."
1,"Pengalaman saya pakai bca awalnya ga ada masalah, eh pas pemotongan saldo mengendap, kok ga ada konf/info ke nasabah terlebih dahulu? dan kalau mau tutup rekening ada biaya admin lagi. wakaka. udah otw kosongkan rekening dan uninstal ni aplikasi. 🤭 bye bca"
1,bayar pake qr selalu pin salah. Padahal sudah betul sampe 3 kali. ampas bener
1,trx error mlu vngke
1,katanya harus upgrade tapi di playstor nya ga ada tombol upgrade ada jg uninstall sama buka gimna si smph BCA agak kecewa pngnnya gmnsii
1,aplikasi maling uang
1,"bca makin lama. makin buruk bisa2nya otp ga masuk2 ke sms, udah tanya cs cs malah nyalahin kartu sim pesan premius pulsa dll padahl semua sudah aman, dan hanya aplikasi my bca saja otp tidak masuk aplikasi bank lain bisa cmn bca saja yg gabisa aneh kan"
1,bintang satu tjdak ramah susah untuk login
1,kalo pakai data cellular sering gagal transaksi
1,habis update malah jadi berat parah.
1,"gabisa baca sinyal, Qris gagal mulu sampah bgt"
1,kenapa tidak ada kode negara Indonesia? gimana saya mau masukan nomor hp
1,pas mau isi kode negara kok ga ada negara Indonesia nya ?
1,masukan no ID eh nggak ad
1,kenapa tidak muncul kode negara indonesia pas mau registrasi number
1,tidak bisa bayar QRIS pakai sumber dana kartu kredit.
1,ini kalau verifikasi ulang/ lupa pin ribet harus pake pulsa kenapa ga lewat WA aja otp nya sedangkan orang zaman skrg jrang isi pulsa ribet BCA mata duitan
1,Lemot super lemot saat input PIN...
1,"Aplikasi tidak bisa dibuka, sangat menyulitkan. Ini bukan soal device maupun jaringan, sering bgt heran👎"
1,ampun dah nie bank mau masuk my bca aja susahnya minta ampun
1,baru buka rek bca . potongan mengendap 50k potongan pembuatan kartu atm 20k 2x . belum apa2 90k langsung aku pindahin danaku ke rekening lama . sepertinya orang miskin seperti saya gak cocok di bank ini
1,"salah masukin no rekening yang terdaftar harusnya ke BCAMobile malah pake MyBCA, Tiba tiba hilang uang di MyBCA entah kemana padahal buat bayar kuliah Bikin sial aja"
1,"makin lama makin gajelas, mau login susah nya minta ampun!! tiap mau login tambah nomor tapi kode negara Indonesia nya gak ada!! padal lokasi nyala dan saya di Indonesia pakai nomor Indonesia!! sedang butuh kepentingan malah menyusahkan!!"
1,Login ko ga ada kode seri Indonesia nya gmn ini
1,ini ngapa jadi ngelek setiap mau ngetik pin jadi salah mulu
1,aplikasi TDK berguna setiap masuk ganti hp susah masuknya. kalau ada bintang setengah sy buat bintang setengah
1,otp harus korban pulsa baru ngeh
1,uang saya hilang
1,ribet amat
1,"jujur pengalaman ku pakai my bca itu sangat kurang nyaman, mau login ulang permintaan otp jam 11:02 dan otp baru dikirim 12:04 ini app macam apa coba!."
1,sering gagal dan lemott
1,sering gagal trf (ops terjadi kesalahan) tdak bisa di andalkan waktu penting
1,"kenapa maintenancenya smpe berhari-hari, tolong di perhatikan, transaksi bnyak terlendala"
1,lemot
1,sudah instal & unistal tapi kode negara ina kok gak ada
1,"gimana mau login, klau verifikasi wajah aja error terus, opsi video call juga error terus"
1,"kecewa berat,saya pengguna setia mbanking BCA,ingin beralih ke mybca,tapi langsung dibikin nyesel,setiap upah bulanan masuk,selalu ke potong,dalam sebulan 2 kali kepotong dan tidak ada di mutasi kemana uang itu perginya,sangat amat tidak recommended,saya akan balik ke apk sebelah lagi terimakasih atas 2 bulannya byee!"
1,"aplikasi aneh bgt, gak ad angin gk ad ujan tiba tiba gk bisa dbuka. wlaupun jringan lgi bgus tiba tiba oopss trjadi kesalahan. apaan sih nyebelin banget. pas lgi butuh tiba tiba aplikasi gk bisa d buka. mhon d prbaiki"
1,"bca kan kaya ngapain telpon cs harus pakai pulsa, untuk bca yg sebesar ini tolong klo custamer ada kendala kalo bisa gak pakek pulsa klo telpon ke cs nya,masa baru beli pulsa sudah kesedot habis semua pulsa saya😠😡"
1,"jelek banget sering eror, minimal benerin lah dipilih buat kerja malah sering eror"
1,sekali salah pasword gak bisa masuk lagi woi
1,"duh, login susah bener, sudah di scan wajah, ketika buka mulut gagal terus, otomatis aplikasi close sendiri tulisan eror descriptor, Java Runtime bla bla"
1,"jelek banget, mau log in ajh loading banget lama. Padahal internet lancar jaya"
1,"lama banget kirim kode verifikasinya, padahal pulsa mencukupi, kagak dikirim kirim, yg ada pulsa abis!"
1,"sering eror kalo bayar pake QRIS, akhirnya saldo ke potong, ilang gitu ja"
1,sumpah jelek banget gak bisa transaksi sama sekali
1,delay bgt anying pas masukin pasword transfer nya
1,aplikasi jelek gabisa buat reset Pasword aneh updatena skrg bukanya makin bagus malah makin Jelek !
1,"gangguan kah ?? sudah masukin pasword & pin pun dg BNR Msh terblokir 🤭 dtg ke ATM dibimbing sekuriti open blokir begitu belanja pk barcode msh terblokir 🤣 sdh tlp bebas pulsa diminta ke cs, KTP sdh dikasih malah diminta update ke Disdukcapil 🤭 OMG ~ ribet amat sampe owe ngutang kewarung utk belasan ribu cuma gara2 blokir barcode"
1,"daftar MyBCA malah muter-muter di pendaftaran, kirim SMS otp sampai pulsa habis"
1,opp opp opp terus padahal urgen masak harus ke atm jadi gk ada gunanya jugaa
1,"update nya terlalu sering,FIF pembayan ga ada ga lengkap"
1,verifikasi foto gagal terus jadi emosi gua
1,aplikasi ribet asli mau login riset password harus tlp cs terus harus vidiocall beda sama bank lain.
1,"susah bener login banyak aturan, bikin ribet aja"
1,app lemot
1,Makin kesini makin Lelet bikin emosi myBCA
1,Sistem eror kok tidak bisa memperbaiki. Dan berkesan menyalahkan nasabah
1,kenapa sih kalau QRIS suka lemot. kecewa
1,suka eror
1,"Mau login aja ribet banget, contoh noh BNI wondr ga seribet ini.pake harus video call dulu ama staff nya"
1,"di update terbaru saya tidak bisa reset password. ketika saya masuk ke menu masukkan password yg baru, dia selalu kembali ke menu masukan id dan nomor kartu. begitu terus berulang-ulang. sudah saya lapor ke cs bca. malah disuruh restart hp dan cek koneksi. hadehhh yang bener aja, tolong diperbaiki lah."
1,"nyesel download dan daftar my bca banyak potongan pernah potongan otomatis 17 ribu ,dulu biasanya kalau saldo BCA 0 ga terpotong lho skrng bnyk bngt potongan kalao saldo 0 dipotong 10 Udha mah gaji saya cuman 300 hidup merantau ya kalau di simpan saya beli kebutuhan gimana aga ragu juga saya simpan saldo di my BCA takut tiba tiba terpotong soalnya pernah begitu syaa"
1,"tf qris gagal terusss,, sekali berhasil langsung 2x, payahhhh"
1,maaf gk pake lg bca gampang banget ke blokir nya cape hubungi halo bca 🙏🙏
1,"tidak ada kode negara indonesia , jadi tidak bisa login"
1,udah di proses tapi malah gak bisa masuk co
1,GA ENAK INI GA BISA COPY PASTE NOMINAL LANGSUNG. Habis update ga bisa paste langsung nominal hasil copy an pakai titik. Input pin tidak selancar sebelum update. JAWABAN JANGAN TAMPLATE.
1,tolong untuk transfer yg masuk agar lebih detail keterangan nya.misal jam nya dan dari aplikasi apa. soalnya saya kesulitan mengecek atau mencocokkan bukti transfer dengan mutasi rekening saya.terima kasih 🙏🏻🙏🏻🙏🏻..... mohon maaf kok tidak ada tindak lanjutnya ya tentang keluhan nasabah
1,"aplikasi sangat berat, sinyal normal,jaringan sudah stabil, pada saat mau login & bayar aplikasi loading terus"
1,sy buka aplikasi ini tapi ketika ingin masukan no hp kode negara indonesia tdk ada
1,"aplikasi ku ga bisa di buka huwaaaaaa, mental terus kalo di bukaaaa"
1,maintenance terus mau bayar jadi gagal mulu mau mindahin dana juga gabisa hadehhhhhhh
1,"MAKIN KESINI MAKIN TOLOL AJA INI APLIKASI, MANA LEMOT BANGET SERING GANGGUAN LAGI."
1,aplikasi sering maintenance di malem hari. susah klo buat transaksi trading
1,aplikasi tololl!! lemot muter aja terossss
1,"udah bener"" login dibca malah tbtb suka ke log out sendiri dari akunnya, mana verifikasinya pake pulsa lagi minim keluar uang 7/8k lagi udah 2x gw ngalamin. satt emang"
1,"Entah masalah kartu atau apa ngga tau, intinya ke logout sendiri pas mau login ulang kode otp nya gada yang datang Pdhal pulsa ada kartu di slot sim 1 internet lancar2 aja, sampe ke blokir tetep aja otp nya ga ada yang muncul:)"
1,"saya bingung ini aturan ga logis kenapa ya kode otp pas ganti akun cuma berlaku 90 detik, coba dipikir pesan baru masuk pas udh 2 menit, cuma habisin pulsa doang ga bisa login, bca id langsung terblokir gr"" spam otp ga jelas sistemnya pas terbuka juga diblokir lagi nanti emang parah"
1,"sering gangguan / error dalam penggunaannya, TF dan transaksi lainnya.. semoga segera di perbaiki dan di atasi"
1,"Aplikasi eror, mau log in susah, sudah log in keluar sendiri."
1,Akun biadap terus terusan di biarin gak tau diri di potongan 10k saldo gw udh brp kali sama rampok yg 1 ini membebani rakyat kecil tolol yg kyk gini
1,engga rekomendasi buat dipakai
1,kenapa verifikasi wajah saya gagal terus? aplikasi anehh gajelas tolong di cek dan dibantu
1,"layanannya jelek banget, di bilang belum nyetak kartu tapi maksa banget buat tau, layananya juga ga ramah malah bilangnya nanti nanti lagi, padahal cuma mau login rekening doang, makin ke sini makin ribet, maaf dari gw untuk costumer service jelkkkkkkkk ga ramah"
1,nge lag terus cih
1,ko nggk ada kode Indonesia
1,apaan sih giliran udah udah abis waktunya baru nongol kode nya ga jelas tolong dong di percepat proses pembuatan nya
1,tiba2 ilang 50k
1,"wahh berarti gak cuma saya ya yang bermasalah saat login verifikasi wajah di perangkat tab, tolong dong bantu bisa menyelesaikan permasalahannya"
1,"sering bgt kalo malem ga bisa tf padahal sinyal full, buka apk lain juga lancar2 aja"
1,makin update makin susah login ajgh
1,ribet mau bikin akun sudah kek mau pinjol pakai kk pakai apa ribet tolong segera di perbaiki
1,"Niat bikin aplikasi gk sih? buat Transfer atau bayar QRIS selalu gagal dan selalu terjadi berulang ulang, login bisa, begitu dipakai transaksi Transfer atau QRIS selalu gagal, kalau gk niat bikin aplikasi mending hapus aja, daripada capek mengulangi terus, coba cek Log akun saya kalau gk percaya."
1,aplikasi tiba tiba terlogout sendiri giliran mau login lagi tidak bisa . tidak menerima kode otp . padahal nomor aktif pulsa jg ada
1,"saldo banyak,setiap mau buat transfer Qris selalu gagal aneh banget ni aplikasi,pin juga benar,selalu tulisan nya oppss terjadi kesalahan,benerin lah,udah pakai banyak aplikasih bank,ga se ribet ini,masa urgent mau bayar apa2 selalu ngulang bolak balik karna tiba2 ""oppsss ada kesalahan"" bikin malu aja"
1,pelayanan buruk . hp habis diriset gabisa masuk m banking lagi masa iya harus ke kantor cuman buat login mbanking
1,"bank BCA ribet mau buka rekening buat nabung aja dipersulit beda sama bank"" yg lain"
1,mau masukan no HP dengan kode negara tidak di temukan
1,plis jangan pake apk ini. uang sering ilang sendiri tanpa ada catatan dimutasi
1,terus aja saldo saya dipotong trus gila Yee
1,"pengeluaran yang gak jelas dan tiba"" ada potongan saldo"
1,"memasukan pin untuk transaksi sesama bca, jadi terlalu delay, yang sebelumnya bisa cepat, kalo ke VA atau qris aman ajaa, jadi kesel ajaa, tiap transaksi, harus nunggin pin nya masuk satu per satu, agak ngeselin, apalagi kalo misalkam lagi rame atau lagi banyak yang harus di tf..."
1,"setelah d update malah tambah bug gk bisa d bukaaaa, susah buka aplikasinya"
1,Ribetnya minta ampun mau login aja. Aplikasi bank lain ga seribet ini. Kalau memang mengharuskan nasabah ke kantor cabang buat login awal buat apa aplikasinya?. Foto KTP & Foto Wajah gagal terus. Padahal sudah di ikuti semua maunya app.
1,BEGOOO MAU DAFTAR NOMOR HANDPHONE KODE NEGARA INDONESIA GA ADA
1,masa tidak ada kode indonesia di kolom nomor aneh sekali.
1,"BCA kenapa ini, sehari 2x di blokir wkwkwk, padahal pass ga salah, kocakkkk kocakkk"
1,"traksaksi gagal terus padahal pin benar, transfer gagal harus berkali kali baru bisa , bayar ini itu gagal gagal dan tetap harus berkali kali. Sekelas bca loh padahal. aneh bgt ini"
1,masa saldo kepotong terus sihhh...udh kepotong 50 pas diisi masih kepotong lagi..kocak emg
1,setelah update malah cuman bs bilang sabar2 sambil ngelus dada..
1,"pemeliharaan lama banget,gue mau bayar jdi gabisa nunggu ber jam jam!!"
1,tidak dapat update tolol
1,"aplikasi tolol, gabisa dibuka blgnya perbaikan sistem smpe jam 4 subuh. trus kalo semisal ada keadaan darurat atau apa di jam segini, tengah malem mau gmn? aneh kalo gitu ga akn prnh gua make apk ini lagi gajelas"
1,sering minta update terus nih
1,"gak ngapa ngapain tiba tiba BCA ID terblokir, aneh"
1,apk aneh padahal kode Verifikasi sudah benar tapi gagal terus
1,pembaruan terussssss
1,"update mulu, bikin memory full"
1,"Gak jelas ni aplikasi. mau reset password aja dipersulit. nomor aktif malah bilangnya ""Nomor Handphone ini tidak dapat digunakan untuk transaksi"" padahal sebelum sebelumnya lancar aja pake mybca. gk jelas lu"
1,kenapa apk nya keluar sendiri ya pas verifikasi wajah saya menggunakan tablet Poco ada solusi gak
1,Hp saya gpp. restart udah. unistall udah. lapor BCA udah tetep GAK BISA!! GIMANA INIIIIIII
1,setiap proses input pin saat transfer muncul ooppss terjadi kesalahan sangat mengganggu
1,apa sih apk satu ini . id n pass bener malah di blokir . telp cs mana mahal pulsa 50rb cuma 10mnt udah gtu suruh tunggu
1,aplikasi ribet salah 2 kali masukin sandi karna lupa hurup pertama bukan hurup besar malah suruh hubungi lagi di tambah kalo mau verifikasi SMS harus ada pulsa padahal id bca nomor bca atau kartu ada gk cukup ngebuktiin kalo kita pemiliknya malah di suruh yang ribet
1,ini mau login ko gak bisa ya gagal mulu
1,aku gagal verifikasi wajah
1,jangan pake BCA potongannya gede banget 21k kurang lebih najis gw mah padahal sesama BCA dari yang gw kirim 405k bersih yang gw Terima 385k coba itu
1,lemottt parah
1,"makin lama potongan di mybca makin besar.. dari mulai saldo yang tiba tiba ilang,pas di telpon bilang nya saldo di tahan tapi tidak ada mutasi atau pemberitahuan apapun.terus tiap bulan potongan mybca di mutasi ada pemberitahuan biaya admin 5rb tapi saldo nya ilang lebih dari 5rb. bahkan 40rb.harusnya kalo saldo di tahan itu ada nominal nya seperti aplikasi Livin mandiri, jadi terlihat ada saldo walaupun ngga bisa di ambil, . sedangkan ini saldo ngga ada potongan besar ngga menentu tiap bulannya"
1,eror mulu fangkehhhhh
1,kenapa saat saya login harus verif nomer handphone dulu? menguras waktu lalu kadang pesan otp tidak terkirim
1,sudah saya menggunakan akses lewat biometrik tapi tiba² tidak bisa dan malah diblokir
1,saldo gua hilang 69k yg 19k transaksinya ada di mutasi tapi yg 50k hilang aneh2
1,"saldo berkurang tiap hari, aneh"
1,gabisa masukkkkkk wajahhhh tidak terdeteksi terusss padahal sudah di tempat terang tapi Masya Allah apl iniiii kecewa
1,APLIKASI LAMBAT!!! GAGAL MASUK KE MENU BERANDA HAMPIR 10 MENIT LEBIH
1,kena scam/fraud dan segala bentuk penipuan lainnya.bank tidak akan bertanggung jawab untuk refund atau pengembaliaanya.hanya sebatas pelaporan yg sama sekali tidak penting saja.Jadi baiknya sangat berhati2.periksa 100 kali sebelum transfer.ingat bank tidak akan membantu
1,cape banget udah beberapa kali telponan dengan costumer service cuman buat benerin BCA id yang keblokir Mulu.
1,sangat lemooottt sekaliii untuk qris loading lama sekali dan sering terjadi kendala
1,"kacau pas verivikasi muka knp gagal trs, pdhl udh ikut instruksi buka mulut, tengok kanan kiri. Aplikasi bosok"
1,respon lambat. KODE negara tida muncul
1,"baru daftar belum memasukan id card sudah di blokir diharuskan menghubungi nmr 1600888 tpi tidak bisa dihubungi daftar ulang tetap tidak bisa, sementata untuk daftar ke kantor terlalu jauh dari daerah saya"
1,"promosinya TDK sesuai kenyataan, katany mau dapet bonus tapi SDH 2minggu blm Dateng juga vocer blanjanya."
1,"ini beneran verif login masih gak bisa juga 2 Minggu?, sidik jari gak bisa di akses,dll,gimana dah,tolong update"
1,saya bikin akun mybca kenapa waktu verifikasi video ga bisa terus ini mendesak gimana sih padahal jaringan baik baik aja
1,uang ku kok tiba tiba ilng langsung 00 loh anehhh...setidaknya KLO kepake masih ada ratusan ini 000 tiba tiba bangettt anehhh gimana sih baru aja download udh ilngg
1,ni tolong dong setiap saya ada saldo selalu ilang trus ke noll lgi saldo nya padahal saya ada trus isi saldo nya tpi kenapa ngga bisa jga gimana si BCA tanggung jawab dong
1,jelek
1,nyusahin susah proses nya dibikin ribet pindah ke hp yg lain
1,CS HANYA BISA MENYAMPAIKAN UNTUK DITERUSKAN KE TIM TERKAIT. PIHAK BACK OFFICE BCA YG LELET KERJANYA TERLINDUNGI BANGET DENGAN ADANYA CS.
1,"Mas mba , hp saya sama sekali tidak bermasalah, aplikasi pun sudah menggunakan versi terbaru , tapi kenapa mau ganti bahasa ga bisa? kenapa? kenapa?"
1,rusaakkk
1,"verifikasi muka gagal terus, sesuai instruksi juga masih gagal🥲"
1,berat banget di sinyal padahal jaringan bagus
1,ribet daftar nya berbelit belit
1,"ribet, mau login aja harus pake pulsa. padahal mah kasih aja kode otp nya doang, kaga usah tuh pake pulsa segala"
1,masukin pin aja lemot bener bagus versi lama update Mulu tampilan sama aja
1,"susah verifikasi wajah, tolong di bca mobile tambahkan e-statement, karena mybca sulit verifikasi wajah."
1,"agak jengkel padahal registrasi sudah semua eh giliran mau disimpan selalu muncul keterangan Ooops.. Terjadi Kesalahan silahkan coba lagi.. padahal jaringan gak bermasalah semua ok2 aja tapi pas mau disimpan selalu muncul keterangan tersebut sudah saya coba berulang kali tetap sama aja, kecewa!!!"
1,Aplikasi jelek padahal sudah punya ID nya n passwordnya udh bener tp muter2 registrasi no mulu muak banget coba yg Aplikasi satunya udh bisa n gk ribet my bca aq un instal!!!!
1,"lemott banget , kebayang lagi pengen transaksi cepet malah lemot"
1,"Saldo tiba-tiba hilang, tidak ada catatan uang kemana. customer service hanya mengatakan mohon ditunggu laporan sedang diperiksa, namun tidak ada kejelasan lagi berikutnya. apk yang ini sungguh mengecewakan."
1,perbikin lagi dong apknya sering banget error saat mau transaksi
1,buset ini kenapa lemot gini ya gagal transaksi mulu abis update
1,BIKIN RIBET!!!
1,org nya sudah kecabang bawa ktp msh dilempar sana sini ..
1,ribet
1,kenapa login nya selalu gagal dan di minta login terus padahal data benar
1,Sering sebel tiap mau transaksi gagal terus. padahal sinyal lancar pin juga udah benar tp gagal terus tiap transaksi sampai 10x lebih baru bisa astaga😮‍💨
1,"kacau BCA tiba-tiba saldo berkurang pas di cek mutasi ke potong biaya kartu 20rb lagi payah, sedangkan awal bikin udh kepotong 50rb pas pembukaan tahapan rekening awal 500rb kepotong 50rb jadi 450rb"
1,kenapa my BCA kok nggak kayak sebelumnya.. sekarang banyak trouble.. tiba tiba uang kepotong dengan sendirinya.. dimutasi pengeluaran nggak ada pemberitahuan
1,makin update makin paraaaahh
1,"loading terus udah 2 hari, udah gitu malah kelogout, jadi mau masuk harus modal pulsa buat SMS berbayar"
1,aplikasi terlalu lemot untuk HP android dan rakyat
1,kebanyakan biaya admin!! bank lain mh gk gini
1,aplikasi skrg smngt lemot dn susah login
1,sulit vermuk GK bisa2 ribet KLO reg nya online
1,"the worse. coba kontrol transaksi dan masukkan pin tapi selalu gagal. disuruh masukin pin transaksi dan kena error padahal pinnya benar dan kalau di menu lain pinnya berhasil. Bank lain egk seribet ini. edit : kalau pinnya salah di menu lain juga bakal gagal lah tapi ini di kontrol transaksi aja dan errornya pun bukan ""pin salah"" -_- ini bank anti banget dikritik. ada masalah juga cuma muter2 di cs, gak ada solusi, gak di forward ke tim development"
1,"payah skrg , udh buang pulsa aktifin nya verif gagal terus . login akun sendiri aja ribet nya minta ampun"
1,sangat disayangkan telpon melalui no 1500888 mhal sekali tarifnya habis 20 000 pulsa saya disedot
1,"ah kesedot Mulu, duit gue ilang"
1,scan muka berkali kali gagal Mulu
1,"CS buruk dan payah. di sini saldo saya tiba"" hilang 50 ribu. di tanya kemana jawaban ke mana. padahal rekening aktif. payah sekali kau BCA"
1,"aneh.. 2026 aktivasi kartu debit harus banget ke ATM atau ke cabang.. bank lain udah bisa di aplikasi.. jadul banget.. logika aja ya.. saya request kartu debit baru via mybca.. pake ongkir 20rb.. karena saya males keluar2 ke cabang.. eh, aktivasinya harus ke ATM/cabang 🤣 ya mending lgsg minta ke cabang.. aktivasi M-BCA juga di ATM lagi.. hadeeh.."
1,"gajelas, awalnya lancar, sekarang mau verifikasi trus sruh masukin kode OTP, tpi ga ke kirim² kodenya, pulsa udh ada lebih dari 10k, jaringan aman"
1,"bner bner ya parah.. buka rekening baru pas vc susahnya minta ampun, sinya lemah lah, pdhl wifi full sinyalnya.. udh bbrpa kali gtu dan gtu lagi, gedek"
1,burik
1,"CREDIT CARD saya tidak bisa diatur sebagai sumber dana utama untuk QRIS, tolong perbaiki!!"
1,"SETIAP ATUR ULANG HP, SETIAP VERIFIKASI MY BCA SELALU SAJA GAK PERNAH BISA VERIFIKASI WAJAH BEGITU JUGA KALAU DATANG KE CABANG BCA.. RIBET BANGET SUMPAH. ANEH, TP KALAU DIBUAT MANUAL MELALUI CABANG BCA BARU BISA MASUK NIH APLIKASI, MASA TIAP MAU LOGIN ULANG HARUS KE KANTOR CABANG"
1,pembukaan rekening online susah
1,aplikasi baikkkk
1,ok
1,mantap
1,gbisa dibuka
1,"Sering error pas butuh buat bayar Qris atau TF, muter² mulu akhirnya gagal. Smp berkali-kali. Ujung²nya bayar pake Livin', parah banget Edited : klu alasan dr koneksi/sinyal harusnya pake M-banking lain jg sama gk bisa, ini ganti pake M-banking lain lgsg sukses dan ini sangat sering terjadi."
1,"tolong dong kalo udah buat rekening dan sudah verivikasi kode otp, jangan lagi di buat suruh kode otp. nomor telpon saya, sudah ga aktif lagi. ganti ke yang kemaren lah aplikasi my bca, jadi ribet. kalo ga bisa, pecat aja staf programing dan staf operational system."
1,rajin amat update aplikasi
1,kena potong mulu herannn
1,TUMBEN BCA BIKIN APLIKASI KUALITASNYA JEBLOK
1,"perbaiki plisss masih suka erorrr, saya sering banget pake aplikasi ini mungkin sehari bisa 8 kali transaksi. waktu di pake awal2 gak masalah tapi kalau udah lama banget suka eror. mulai dari pembayaran yang gagal, TF, Qris, Va semua eror jadi saya harus nunggu dulu berjam2 sampe kembali normal. kalau urgent banget apalagi di tempat umum suka ganggu, dan misal eror nya keterusan harus un install aplikasi login lagi pake pusla biar bisa. dan ini udah beberapa kalinya saya login2 ulang ke apk"
1,ga masuk masuk hadeh
1,"bner2 bintang 1, aplikasi jelek, ga bisa dipakai, mau masuk hrs log in terus2 an berkali kali, udh kirim OTP berkali kali, aplikasi ga guna."
1,"aneh tiba"" keblokir terus"" an padahal sandi sama id masukinnya bener"
1,"tolong dong min, barusan saya melakukan transaksi lewat QR tapi malah ada bacaan "" mohon maaf lagi ada gangguan "" nah malahan uang saya kepotong 100 ribu, tapi biasanya kan klo gangguan gitu uang saya balik lagi, tapi ini mah malah gak balik lagi uang saya, malah saya yang tekor, tolong dong di bantu"
1,saldo suka hilang sendiri dan di cek riwayat transaksi gak ada pengeluaran
1,apk ancur makin kesini makin ancur
1,orang tlp suruh sebutin nama sudah benar di bilang salah.. ngabisin pulsa doank
1,"tidak bisa main gacha bca, disuruh update terus padahal udah update.!!!!"
1,"ada bug pas isi pin atau password tiap mau transfer atau transaksi , kalau di ketik delay tiba tiba pin salah. versi sebelumnya tidak begini. semoga berbenah"
1,kenapa pas verifikasi wajah gak bisa layar langsung putih
1,sumpahhh ini apk ga jelas bgt BCA id. ku malah terblokir
1,baru di buka tau tau di potong 40rb hadeuh
1,"pelayanan sampah , uang ketika setor tunai di mesin ATM , muncul transaksi berhasil, , , TAPI KENAPA SALDO DI REKENING TIDAK BERTAMBAH WAHAII PENYELUNDUP UANG, , BCA ???? KALI BILANG SISTEM NORMAL DARI TANGGAL 4-01-2026 HINGGA TANGGAL 5-01-2026 REKENING BCA SAYA GK BERTAMBAH SALDO"
1,kenapa tidak bisa daftar? pas masuk ke verifikasi wajah malah disuruh matikan mode developer padahal saya tidak pernah aktifkan itu
1,kenapa ketika aku ingin daftar online kemarin tu dipersulit sekali. alamat diktp dan di KK aku beda. apakah harus sama?
1,sangat mengecewakan
1,"saya baru download, terus saya susah bener mau masuk ke mybca, langkah langkah nya gtu lagi ke situ lagi sampai 10x saya gagal terus, cape bgt mana pulsa kepotong"
1,gak jelas sandi udh sesuai ttp ajh salah
1,"hp samsung s20 ultra soal kamera jangan di hiraukanlah,sepertinya memang apk ini (mybca) hanya di khususkan untuk good looking, dan anehnya itu pas mau daftar malah pencahayaan kurang hello dev kalo bisa di benerin lagi apk nih"
1,"mohon maaf kenapa saya tidak bisa mendaftar BCA,pas saat penyimpanan data"
1,"ini gimana dah gw udh tinggal verif muka tapi ga bisa bisa udh diikutin instruksinya juga tetep ajh gagal terus, udh gitu ga bisa dilewati lagi atau mungkin dilain waktu, abis²in waktu ini tolong dong sistemnya, udh sesuai loh yang diarahin ga make penutup dan diruang terang juga diikutin instruksinya haduhb mengecewakan"
1,makin parah makin ribet karena skrg makin gak jelas verivilasi ke cs pun gak bisa bantu tolol bgd
1,"susah dan ribet, suruh vc tp GK bisa bisa"
1,"kecewa banget sama bca kenapa coba OKU timur di blacklist orang yang ga tau apa apa jadi kena imbasnya kaya anak zaman sekarang ga tau apa apa mau bikin ATM bca di persulit minta ampun dengan alasan ini lah itu lah, terpaksa harus balik ke okut buat bikin ATM bca doang, udah buang buang waktu tenaga dan cuti libur emangnya sini ke Sumatra deket, helloo, tolong dong kita yang anak baru merantau terus disuruh bikin bca ga bisa, apa ga kasian apa harus balik kampung dulu cuman buat ATM bca doang"
1,"Tolong developer jangan terlalu ketat, kami pengguna custom rom dan root gak bisa pakai aplikasi myBCA, kami custom rom dan root cuma ingin memaksimalkan kemampuan android seperti untuk kamera, game dll bukan untuk hal-hal yang negatif, fakta di lapangan dan di forum, belum pernah ada cerita user custom rom/root kena hack atau perangkatnya diexploitasi, karena sebenarnya mereka lebih tau cara mengamankan perangkat dari pada pengguna awam."
1,teralalu lama loadingnya
1,Alpikasi Burik mau login aja Susah Uninstall aja
1,kebanyakan Error nya masukin id terus dan memakan pulsa terus aneh
1,"app cacat fervikasi mukak ndk bisa, tolong di perbaiki pihak aiti bca, klo ndk bisa biar saya yg perbaiki"
1,"susah masuk vermuk nya lama buka mulut udh mangap"" gak selesai"" udh pegel aing buka mulut"
1,"maap saya kasih bintang 1 UI nya terlalu mudah, uang saya cepat habis"
1,verifikasi wajah payah... deposito gue masih ada di app ini jd bikin khawatir krna ga bisa login ulang.
1,request otp sampe pulsa habis gk nyampe2 otpnya. sudah gitu masuk ke verifikasi muka semua di ikuti tiba2 aplikasi ketendang halaman login bca idnya ke blokir. sampah2
1,"kepada: yth : Bca dengan ini saya menyatakan : utang udah lunas,kenapa masih di tagih,kalau utang udah lunas,jangan di tagih,malu Sama nama Bca,,, jangan sampai 7 keturunan,1 kluarga sial seumur hidup,,, terima kasihh"
1,"saya ingin menyampaikan komentar/ulasan dalam verifikasi kode OTP ""Kenapa kode OTP yang dikirim sangat lama sekali? hanya itu saja komentar/ulasan saya tolong diperbaiki untuk pihak developer. Terima kasih"
1,APLIKASI SERING EROR LOG IN GAGAL TRANSFER GAGALL APLIKASI SUDAH UPDATE PERANGKAT SUDAH UPDATE
1,"susah uey mau buka rek baru,dari kemaren2... opsss...opsss terus."
1,"mau daftar no hp, ngga ada kode negara INDONESIA gmn si !"
1,"setiap kali tf ke rek BCA potongannya besar hampir 20 ribu.. mahal banget.. belum lagi uang di rek tiba2 hilang.. makanya males simpan uang di rek. takut tiba2 lenyap. ini baru tf ke rek, tiba2 aplikasi gak bisa kebuka. gangguan jaringan.. kacau banget"
1,aplikasi nya ga bisa di buka. udah capek
1,kesulitan dalam proses verifikasi wajah padahal sudah mengikuti intruksi di bawah pada saat verifikasi wajah
1,KENAPA MYBCA HARI INI GAK BISA DI AKSES YA FINGER PRINT?
1,"tiap mau log in pasti bermasalah mulu di verifikasi udah nengok sana sini. mangap sampe kayak kuda nil... tetep aja gagal terus sampe lebih dr 10x... selalu tiap log in bermasalah di verifikasi wajah... berasa senam muka... posisi udha ditempat super terang btw,.. SUPER TERANG..."
1,payah nggak ada kode negara idonesianya ketika mau masukan nomer
1,"bug pas login,masukin nomor handphone tidak ada kode negara indonesia"
1,ribet kontol verifikasi mukanya bego
1,"kalau masuk sering gak jadi padahal jaringannya bagus, kuita banyak, mohon deh hrus di prhatikan lagi yg kayak ginian ya, klo org lagi urgent kan susah"
1,min nomor ku ke blokir cara aktifkan lagi gimana tolong dong
1,my BCA sy selalu bermasalah..
1,sumpah nyebelin banget biasanya kalau m-bankingnya ke blok pas di rest udh langsung jadi ngpain ngeblok nomor yang terhubung ke M-bankingnya bikin ribet tobat gw make ini gjls
1,"kenapa tidak ada pilihan negara Indonesia pada saat mau memasukkan nomor telepon, pada saat baru mau login"
1,tidak bagus layanan nya!! mempersulit/ menunggu!!! padahal duit duit nasabah!!! mau transaksi jadi sulit
1,"Di saat sistem lain pakai OTP internet lewat whatsaap dan semacamnya. di myBCA, pengiriman kode OTPnya pakai sms yang pulsanya pun dibebankan ke nasabah, jadul banget. zaman sekarang pakai pulsa? bukannya orang-orang pakai internet sekarang ini."
1,"verifikasi wajah gagal terus padahal sudah mengikuti instruksi di layar, ujung2 BCA id terblokir, suruh tlp Halo BCA..pulsa lg pulsa lg.."
1,makin nyusahin harus pakek id segala GK semua ora tau id sendiri
1,ettdah buat bayar aja gagal mulu
1,"parah setiap update ga kira"" ,makin berat aja ini mah apk"
1,"tolong pihak BCA laporan saya masalah saldo saya yg TF dan kepotong di aplikasi , tapi tidak sampai ke penerima, tolong di kembalikan saldo nya"
1,JADUL SISTEM 🤫🤫
1,aplikasi tidak bisa di buka
1,pendebetan secara sepihak tanpa persetujuan nasabah
1,Selalu minta registrasi ulang terus menerus padahal registrasi da selesai gak bisa masuk ke akun da registrasi salah id aplikasi yang luar biasa ribet
1,"Salah masukin password 3x terblokir lalu hubungi HaloBCA buat reset password, udah bikin password baru TAPI KODE OTP SMS salah mulu padahal benar akhirnya TERBLOKIR LAGI, dah lah males pake MyBCA balik lagi ke BCAMobile aja, ribet."
1,"saya sudah pake aplikasi ini lama, tapi kenapa yang sekarang seringkali pas mau masukin pin respon nya lambat. jadi sering kali harus nunggu untuk setiap angka pinnya masuk.. kalau di ketik dengan cepat angka sebelumnya seringkali tidak terketik. ini sangat ganggu buat saya"
1,kenapa dengan BCA selalu ada kendala setiap login ke my BCA
1,ribet banget cuma mau buat akun aja
1,tidak ada notif pemasukan dan pengeluaran untuk cek perlu masuk ke beberapa dulu semoga kedepannya lebih memudahkan
1,kenapah saldo di rekening bank BCA saya hilang
1,"Saya mau login ,giliran disuruh masukkan no HP tidak ada wilayah indonesia . Ga ada kode negara +62"
1,KECEWA DENGAN PELAYANANNYA!
1,"ribet, verikasi wajah bbrapa kali gagal, malah terblokir, aplikasi payah"
1,"aplikasi nya kurang, udah berapa kali tiap t ansaksi qr pasti terjadi kesalahan padahal jaringan, password dan semua nya sudah benar di coba berkali kali juga tetap begitu, di buat top up ke e walt juga sama aja ngeselin."
1,kurang efektif
1,my bca makin kesini makin gjls masa saldo jadi suka kepotong 50rb
1,"nyuruh update ke versi terbaru, padahal d play store nya udah install paling teruodate"
1,ribet eror mulu haru download halo BCA buat bisa buka ya lgi padahal ga salah pw aneh anjir gjls
1,"sudah daftar lewat atm terus mau masuk mybca malah diblokir nomor nya aneh, coba menghubungi halobca kata cs sudah aktif tapi tetep engga bisa log in"
1,"bca buruk sekali orang mau masuk akun BCA sendiri aja susah bener , buka mulut buka mulut udah buka lebar lebar masih aja ga bisa"
1,"mau daftar bca ,setiap sms koneksi terputus sampe ludes pulsa udah 2 hari kya gini aja"
1,ribet
2,"Maaf min, sy coba masuk ke akun lama sy. Sudah masukin BCA ID dan pass, dimintalah nomor hp, tapi kenapa kode negara Indonesia ga ada ya? Bug, jaringan atau gimana ini???"
2,"kalo ada pemotongan biaya, tolong notifikasi dan rinciannya di sertakan agar kita tau detail dan jumlah pemotongannya. jangan asal motong saldo lalu di aktivitas, untukmu dan di mutasi rekening gk ada rincian apapun."
2,udh di download tapi gak bisa dibuka trs my BCA tau bca Mobile juga sama aja
2,"KENAPA SAYA TF DUIT DRI DANA KE MY BCA GK MASUK DUITNYA DI MY BCA TOLONG DONGGG JAWAB BERITAHU SAYA MIN, KARENA SAYA DARI SMLM SUDAH TF DUITNYA TP GK MASUK²"
2,"buruk, sering kesulitan buka mybca... lebih dari 10x dlm 3 hari terakhir ini"
2,"KENAPA YAAA SUKANYA KEBLOKIR TERUS. ENGGA PERNAH SALAH, BARU MAU FINGER 1X UDAH KEBLOKIR. MASA SETIAP MINGGU HARUS TLP HALOBCA😭"
2,"setiap login ke akun harus pakai pulsa, padahal punya 2 akun, harus otp terus, jadi ribet sendiri yang punya akun"
2,"verivikasi wajah gagal terus , BRImo, Sinarmas langsung kalo ini kok susah sampe males. mau ke bank kendala waktu 🔥"
2,"bolak balik Log in , tp selalu tulisan sesi telah habis ... padahal belum log in log in sampe masuk ... kacau"
2,eror system
2,saya mau transaksi buka qris malah balik lagi kd main menu
2,sering log out jadi nya harus beli pulsa
2,min gue mau verifikasi wajah keluar aplikasi terus tolong benerin..kalo udah bener gue kasih 🌟 5
2,ketika buka loading nya lama dan sering kluar sendiri kenapa tidak bisa masuk dan menerima kode otp pdhl pulsa sya ada 10ribu
2,"PLEASE TOLONG LEBIH DI UPDATE UNTUK VERIFIKASI LOGIN AKUN, SAYA BERULANG KALI GAGAL DIKARENAKAN HAL YANG GAK JELAS, UNTUK PELAYAN UDAH OKE TAPI KURANG DI HAL TERSEBUT."
2,"kenapa tiba-tiba BCA id terblokir,udah dimasukin password sama BCA id yang benar tetep gabisa login"
2,"saya kan mau login ko di bagian kode negara telepon gada Indonesia ya,ngebug atau gmna ni aplikasi nya tolong dong saya gbisa login nih"
2,tumben ko ada potongan harus nya ada transaksi nya kan jelas potongan apa gitu.
2,"Aplikasi buruk, sudah daftar, sudah oke, giliran masuk tidak bisa terus, selalu kembali ke halaman pendaftaran awal terus"
2,kok my BCA ku dari kemaren tidak bisa login padahal sudah update versi terbaru
2,"Sering banget tiba-tiba ke blokir. dalam sebulan bisa 4 sampe 5x ke blokir. padahal baru mau masuk, pasword juga udah bener, malahan belum juga 1x di masukin udah ke blokir aja. tolong perbaiki sistemnya"
2,ini aplikasinya kenapa dah setiap gajian kepotong bae malah ga ada pemberitahuan nya lagi kalo di potong teh
2,apknya ngestuck teruss padahal kuota banyak wifi lancar. udah nyoba beberapa kali masih gabisaa. mau transaksi jadi bingung karena gabisa buka apknya. tolongg gimanaa dong biar normal lagii
2,"gimana ini , tidak bisa nerima kode otp"
2,"mau buka rekening online,pas suruh Selfi wajah g bisa tolong di bantu"
2,maaf saya kasi bintang 2 dulu ya karena kalo mau kode otp buat verifikasi akun itu kudu pake pulsa padahal ya buat apa kode otp pake pulsa bikin pulsa makin abis seketika + belum lagi orang yang ga punya pulsa dan pas nyoba login mala di suru nunggu kode otp uda gitu pake pulsa kasian kan mangkanya saran saya update selanjutnya kalo saat nunggu kode otp itu ga perlu pake pulsa cukup andalkan pesan sms atau WhatsApp sebagai alternatif untuk bisa menerima kode otp tersebut
2,"jelek bgt aplikasinya.. masa iya mau login kudu berkali2 ubah mode pesawat trus ke normal biar bener. Apalagi pas mau transfer atau bayar qris, hadeh.. lama bgt, kadang malu dikira ga punya kuota pdhl aplikasinya lelet bgttt"
2,kartu ATM lupa pasport
2,"untuk layanan pengaduan dengan telp 1500888 sangat sayang sekali berbayar,dan mahal banget untuk memakan pulsa nya"
2,gimana hbis di update ko gakbisa buat transaksi.transaksi gagal tapi saldo berkurang
2,banyak sekali gangguan
2,makin ksini makin ngaco abis update Mala lemottt kacau. hrus klo pembaruan itu jdi LBH baik.bukan Mala lemot lelet baru mau buka aj lma bgd loading ny. blm masuk ny loading lama juga. tolong d perbaiki
2,"kode otp tidak masuk, pulsa masih banyak dan sangat susah untuk mengakses bank mobile bca, tolong di perbaiki..."
2,plis lah kakk ini kek mnaa aku dah bolak balik liat rating katanya kalo apk delay gbsa di buka coba restart device dah ku coba samapun ngeleg kali lah mna aku urgent lagi duh lama2 kesel kali bukannya mempermudah malah bkin tambh kesel
2,"bagaimana mana ini min, setelah update kok tidak bisa dibuka. selalu ada tulisan ""oops... terjadi kesalahan , silahkan coba lagi"""
2,kenapa mau masuk mybca terjadi kesalahan silahkan ulangi lagi dan terus begitu terus disuruh kasi masuk pasword id bca juga ttp sama terjadi kesalahan
2,"gk bisa login, yg disalahin jaringan, pdhl nnton ytb, wa, Ig, Netflix lancar smua, aneh"
2,"ini kenapa habis perbaruan aps malah Merah terus..sebelumnya klo buat mai transaksi ijo.., bgitu d klik sering gagal ,ini malah slr merah terus"
2,malah banyak error setelah update
2,"kenapa login bermasalah ya?, kemarin2 aman aja sekarang mau login aja nggak bisa padahal paket internet dan hp juga aman"
2,ini my bca kenapa ya ko tulisan nya oops.. terjadi kesalahan silahkan coba lagi itu kenapa ya!??????
2,setelah di update lama banget gak bisa di buka padahal jaringan oke. hadeehhh !!!!!
2,"Makin parah after update. Padahal posisi jaringan bagus, storage hp masih banyak"
2,di mutasi nya ada uang masuk 150rb tapi di saldo nya cuma 100
2,malem minggu malah maintenance... terus gw bayar-bayar pake apaa???? nunggu subuh
2,ko bisa ini bca id aku tiba2 ke blockir gini
2,"udah di kasih tau sih, setiap bulan di potong saldo 20rb, cuman tuh kadang kepotong tiba tiba saldonya, padahal lagi butuh uang nya hadehhh"
2,"tolong dong, saya sudah terima transferan kok saldo nya blum bertambah, padahal ada bukti mutasi nya, tolong pihak bca di perbaiki"
2,ada pemberitahuan apgret terus tp takut...takut lemoth llg
2,"lama kelamaan makin meresahkan nih, dikit2 update ga jelas terus"
2,"tiap 2 hari sampai 3 hari, update mulu kalo buka aplikasi.. bpsen gw,, update restart, update restart,, gitu aja terus 2 hari sekali.. maksudnya update apaan si, ganggu aja.. update sering kagak ada perubahan, malah nambah lemot.. lama2 gw ganti bank juga,, aplikasi pendukung aja ribet amat, bukannya memudahkan.."
2,sumpah ya akun aku keluar terus Uda berapa kali mana kalo mau masuk harus isi dlu pulsa setiap log out harus isi pulsa nyebelin banget
2,kenapa saldo saya terpotong 25000 tampa ada notif transaksi atau pemberitahuan.
2,"verifikasi wajah selalu gagal, mesti lewat video call"
2,knapa dah pas gw login trus langsung suruh masukin no ponsel trus kode negara Indonesia nya ngga ada gimana gw mau masuk klo kode negara no HP nya ngga ada
2,"sayang banget udh pesen kartu ATM dikirim ke rumah tp bermasalah trs DTG k kantor cabang dibuatin kartu baru tp malah ke potong biaya lagi, jadi kena 2x .. parah banget.."
2,Tolong Diperbaiki Stelh Update Dn Update Yang Sangat Membosankan Dn Akirnya Aplikasi MY BCA Jdi Lemot Ngebleng Dn Ngga Jelass.. Thank's
2,tidak bisa buat rekening baru
2,"gadaa kode negara Indonesia nya ni,gabisa masuk"
2,"my bca ku suka ke blokir, akukash bintang 2 aja gk mood sama bca"
2,"maaf saya kasih bintang 2 soalnya di daerah saya di bangka belitung di belitung timurnya ga ada mesin CS digital atau di sebut Customer Service digital, itu pun mesin cs digital adanya di daerah belitung bagian barat. kalau mau bikin kartu atm yang sudah rusak harus ke belitung bagian barat dan kalau mau ke beltung baratnya lumanyan jauh, tolong min pasangin juga mesin cs digitalnya di bagian belitung timur terutama di manggar 🙏🏻"
2,setelah di update malah jadi lemot. mohon diperbaiki segera
2,ga kekirim kode verivikasi id di email
2,Kirain gue doang yang ngalamin aplikasi super lemot setelah di update. ternyata semuanya yaa. tiap buka aplikasi lemot banget dan setelah bisa malah keluar sendiri aplikasinya
2,habi7 habis upgrade bukanya tambah bagus malah tambah lemot...tiap mau buka qris bayar loading lama ga kebuka buka...tiap mau login pun sama
2,tolong donk pas tambah nomer nyari nomer indo kok gk ada sih kalau ada solusi tak saya ubah bintang 5 deh
2,smlm udh update trus skrg mesti update trus kok makin kesini aplikasi malah jelek si mesti beli pulsa Mulu kalo updatenya
2,"GAK BISA DI BUKA , GAK JELAS"
2,gak jelas susah banget verivikasi wajah mana gak ada opsi lain harus banget di foto sama BCA kena gak dari galeri aja maksa banget gak mikir napah BCA kan gak semua orang kamera depan nya bagus kaga ada pemikiran ke situ. kan seharusnya bisa di pindahin ke kamera belakang kenapa harus banget kamera depan duit banyak ge Emang susah napah bikin fitur kamera belakang:v
2,semenjak di perbaharui aplikasi sangat-sangat lemot tadi nya ok banget lancar kenapa sekarang lemot lebih lancar BCA mobile
2,kebanyakan update ... tampilan sama aja
2,"Setelah di update malah jadi tidak bisa cek saldo dan lihat riwayat transaksi, muncul eror"
2,"makin kesini makin lemot, saya mau cek saldo saya aja mkin susah"
2,kurang puas
2,"aplikasi M Banking paling aneh di seluruh dunia, pasword benar ,otp masuk , begitu perivikasi gagal . 6x di coba rekening saya ga kebuka buka parah .!"
2,tolong donk min perbaiki lagi aplikasinya. setelah di update malah jadi lemot. mau transaksi malah kebanyakan bengong padahal koneksi internet saya bagus lho. padahal sebelumnya lancar jaya. tolong ya min..
2,lemot nya minta ampun ..parah..sering keluar sendiri..tolong pihak bca supaya di beresin ini
2,tiba2 banget ngga bisa buka aplikasi my bca di pencet2 juga ngga bisa tapi ke aplikasi yang lain bisa aneh .. padahal ngga di gimna2in mau transaksi jadi susah .. knpa sih jadi gtu pake yang satu lagi juga sama aneh perasaan udah pake bca lama banget ini tiba2 gitu .. tolong d respon ya
2,"hallo my bca, kenapa gak bisa verifikasi wajah sich nich untuk device Tab memang gk di suport kah?"
2,Jadi lemot banget nih aplikasi tiap mau login... Udahlah nggak ada update terbaru. Tolong segera dibenerin
2,"Aneh nii aplikasi MyBCA tiap login kok minta verifikasi wajah melulu dan verifikasimya gagal mengenali terus, cape yaa sudah lah pake MBCAbanking sajalah"
2,"gila bener nih apk vermuk nya susah bgt,suruh mangap suruh nengkok kanan kiri udh berkali-kali dicoba gagal Mulu"
2,"sebelumnya aplikasi ini bagus, setelah di update Malah jadi lemot banget, dikit dikit tertulis aplikasi tidak merespon"
2,"kenapaa yaa makin kesini makin parah untuk buka apk,apa mungkin sering di update kali ya,tolong lahh pihak bca segera perbaiki untuk apk nya"
2,ada uang masuk sama uang keluar ko gak ada notifikasinya padahal udah di aktifin semua pengaturan notifikasinya
2,gara gara update leletnya minta ampun sampai mau transfer ke rekening baru aja ngecrash terus astaga yang benar dong coder nya ini
2,Ini setelah update bukan makin bagus tapi malah makin lemot. tolong diperbaiki.
2,lemot bgt ya allah malu
2,Saya kira hp saya yg lemot atau jaringan yg kurang stabil. Tp saat membuka aplikasi lain aman² saja. Membuka My BCA memerlukan waktu sampai fitur lengkap. Sering muncul notif Aplikasi My BCA tidak menanggapi. mau mutasi rekening loadingnya lama..
2,"jujur yaa ini lelet bangetttt aplikasi nya kirain masalah di hp nya tau nya aplikasi nya setelah liat rating di playstore ternyata ga 1 atau 2 orang aja yg ngalamin ni apk lelet tau nya bnyk bgt,pls yaa di dibenerin lg apk nya apalg stiap mau transaksi qris lelet"
2,kak ini kartu sim slot 1 udah di updete aplikasi ny ko masih lemot sering ada tulisan aplikasi my BCA tidak berjalan kenapa y saya mau transaksi susah
2,"saya hampir setiap hari transaksi pake My BCA, tapi setelah update otomatis aplikasi, aplikasi jadi tidak bisa di gunakan, sudah saya uninstall tetep sama"
2,"sering lemot, dan loading lama banget, trus juga sering gangguan dan mempersulit untuk transfer, malah sering keluar dengan sendirinya, perbaiki lagi dong sistem kerja aplikasi nya kalau gini trus kan jadi mempersulit yg menggunakan aplikasi nya"
2,"Aplikasi ini sangat lambat di HP ram 4,,kenapa stelah di update makin lemot sklai"
2,"semenjak update, myBCA gak bisa di buka sering eror, lemot parah, tolong di perbaiki biar bertransaksi biar lebih mudah"
2,maaf kok lemot banget susah mau di bukanya malah g bisa di buka mohon di perbaiki
2,lemotnya ampun dah
2,"ini bca kenapa sih lemot banget, jadi menghambat semuanya"
2,Ada apa sebetulnya kok setelah diupdate aplikasinya malah lemot parah. Tolong solusinya min.
2,"tiba tiba akun ke logout sendiri. dan pas mau coba login lagi, aplikasi tidak menanggapi. udah coba install ulang tapi tetep sama aja :(("
2,tolong dong untuk sekelas BCA apk nya di perbaiki.lemot banget menggangu bertransaksi.
2,setelah di update kok malah lemot banget ya? apa dari hp ku atau emang sistemnya yang kurang
2,lemot banget!!!
2,"setelah update kok malah jadi berat,padahal RAM Hp lumayan"
2,kenapa setelah update tidak bisa trx Qris ya ?
2,sekelas BCA masa aplikasi nya lemot
2,"Kenapa ya semakin di update, malah semakin lambat.. trus sering muncul aplikasi tidak merespon bahkan kadang gk bisa dibuka sama sekali. Tolong dong di perbaiki aplikasinya"
2,"Pembaruan di akhir bulan maret 2026,justru membuat banyak bug. kadang aplikasi not responding"
2,"lemot parah, setiap buka aplikasinya tbtb keluar sendiri, di pencet pun lama. tolong di perbaiki dong gimana sih!!"
2,"setelah di update, bukan nya bagus malah parah lemot nya, padahal sinyal stabil, mohon di perbaiki , trimakasih"
2,"Secara fitur dlmnya saya suka bgt, tp yg selalu jd kendala di apk. ini & sering bgt terjadi yaitu, tiba2 gak bs masuk ke apk.nya & selalu terlempar keluar ketika baru klik apk.nya. Saya jd sgt kesulitan utk bertransaksi lwt apk. ini, mana saya di BCA ini ada lbh dr 1 rek. Tolong pihak yg brsgktn scptnya di tingkatkan sistm apk.nya, agar tdk mengecewakan para penggunanya."
2,"Lemot banget semejak di update, tlong perbaiki lagi secepat nya"
2,"udah dari bulan maret mbangkinnya selalu lemot bahkan cuman login doang aja lama banget saya mau bayar di minimarket sampe di tegur orang karna saking lamanya, setelah saya baca baca ulasan yg lain ternyata sama kendalanya, tolong segera di perbaiki sistemnya jujur ini sangat menghambat kegiatan sehari hari terutama saat pembayaran"
2,lemot sekarang kaco
2,"versi 2.15.1 yang sekarang saya pakai,apk nya lemot banget untuk segala transaksi,gak seperti dulu. tolong dong perbaiki lagi ! terima kasih."
2,kenapa jadi lemot ya setelah di update trs sering eror gmna yaa mohon cepat di tangani ya karna mengganggu transaksi
2,lemot banget setelah di instal ulang... mnta tolong gimana ni solusi nya
2,"setelah update jadi lemot luar biasa, kadang sudah sampai kasir mau bayar membayar sangat sangat terkendala, padahal sebelumnya aman"
2,ternyata semua kendalanya sama yaa setelah diupdate malah makin lemot bukanya
2,"tolong donk kenapa lebih bagus pakai BCA mobile kenapa sekarang my BCA lemot banget malah suka keluar sendiri dengan catatan mybca tidak menanggapi,jadi mau Transaksi apapun lelet banget"
2,"proses verifikasi tidak bisa dilanjutkan, kenapa ya?"
2,"setelah update 2x lemotnya masih minta ampun, kdg aplikasi tidak merespon gmn ini smp sjrg msh lemot bgt, klo sdh diperbaiki baru ksh bintang 5 jangan bilg pk internet stabil ya udh pk sim, wifi bahkan wifi tempat adek msh jg lemot"
2,"ini aplikasi apakah ada perbaikan atau tidak, lemotnya minta ampun. udah update bukan nya nambah baik malah jadi lemot. mau transaksi susah banget karena lemot."
2,"setelah update makin berat, saya coba uninstal lagi , lanjut download lagi aplikasi my Bca, posisi masih saja sama berat untuk di buka apk nya, saya coba cek ruang penyimpanan hp saya masih ada kosong, sampai saya coba hapus beberapa aplikasi yg tidak terpakai masih tidak bisa, spertinya saya akan ke kantor bca cabang terdekat."
2,"kenapa sekarang mybca lemot banget, sumpah pas mau bayar lama banget nungguin masuk. padahal jaringan bagus. tolong dong mybca perbaiki lagi kualitas aplikasi nya"
2,paling jelek kalo soal verifikasi wajah
2,stelah di update malah tambah lemot parah!! aplikasi not responding mulu bikin ribett ingin berkata kasar arghhhhhh babzzzz
2,setelah update menjadi buruk dan lambat. harap perbaiki kembali. memang normal mnurut anda tapi yg kmi rasa tidak. kalo normal knp berbeda dgn versi sebelumnya yg lebih enak
2,lemot parah udh hampir sebulan padahal sudah update
2,Update malah makin parah lemootnya... tolong secepatnya di diperbaiki. Aktivitas transaksi jadi lambat!
2,aplikasinya kok setelah di update makin lemot ya Padahal udah pakai kartu sim di sim 1 untuk paket data hp juga udah di kosongkan memorinya seperti arahan di komentar Tapi tetap aja lemot setiap kali di buka pasti tulisannya aplikasi tidak merespon jadi harus menunggu lebih lama lagi Tolong di perbaiki secepatnya dong
2,lemot terkadang tidak bisa di buka sama sekali
2,ini kenapa ya mau setor tunai ke mbanking kok gabisa
2,semenjak update sampai sekarang jadi lemot sekali loadingnya lama banget masih lemot sampai sekarang
2,"setelah diupdate jadi lemot app tidak menanggapi,parah siihh"
2,my bca skrng jadi lemot banget
2,"setelah update, setelah berhenti paksa, udah login ulang, ngebug mulu, keluar mulu ngga bisa dibuka ,"
2,parah banget apk my bca stelah di update langsung lemot tolong sya mau bagi resi gak bisa karena lemot
2,"Malah jadi lemot setelah di update, jadi lama banget nunggu klo pas mau buka aplikasi..harus ada tulisan tutup aplikasi dan aplikasi tidak menanggapi"
2,my bca lemot banget dah.. bingung aku
2,aduhh kenapa ngelag mulu my bca😭
2,"ada notif update selalu di update setelah update yg terakhir sekarang malah lemot banget, kalo pas dibuka sering ada tulisan tidak menanggapi terus"
2,"setelah update kemarin MyBCA saya benar benar jadi lemot banget, mau transfer saja nunggu nya lama dan selalu muncul aplikasi tidak merespon. tong diperbaiki kualitasnya ya"
2,"kenapa setelah di update jadi lebih lelet, tolong perbaiki dong,jgn evaluasi"" buat kedepannya DARI sekarang kalo ada niat perbaiki!!!!"
2,"sejak di update apk jadi lemot/ngelag, tolong diperbaiki dong. update kok malah lemot bukan makin bagus"
2,apk busuk
2,knapa ya susah mau ganti bahasa udh di pilih tpi gbisa trus udh bbrapa kali download tpi masih ttep sama
2,mohon di perbaiki karena kendala saya sama Dengan yang lain keluar sendiri aplikasinya dan lemot
2,"parah banget Ney myBCA lemotnya parah parah banget sudah masuk login langsung di cekout trus sampe retak Ney hp saya banting gara gara kesel di cekout trus SM myBCA,,, padahal aplikasi lain lancar semua,,, tolong dong di perhatikan complain dari castamernya"
2,aplikasinya lemot banget. gak bisa buat kerja. mohon diperbaiki
2,"lemot banget apk nya ,mau tf aja nunggunya hampir 15 mnitan , kadang stak d logo aja Tolong di perbaikin lagi ya biar apa apa ga lemot ,sumpah ga suka nunggu lama kyk gitu"
2,woiii BCA kyak mana ini apk mu ini. malah tambah lelet trus ganggu buat transaksi
2,"Tolong sistemnya diperbaiki lagi, kenapa skrg lemot sekali ya setiap pakai myBCA, padahal dulu cepet tidak ada kendala. kelasannya BCA harus lbih baik lagi."
2,"semenjak di update, buka aplikasi aja lama banget terus aplikasi tidak mendukung, gimana ini🥹 kalau sudah di perbaiki aku ganti bintang jadi 5 min"
2,kenapa susah untuk masuk sekarang.....keluar sendiri Mulu
2,"kemarin ada notif suruh update, awalnya ga saya update update, tapi abis itu akhirnya saya update, tp aplikasinya jadi lemot banget dan ada notif jika mybca tidak menanggapi anda dan kadang tiba tiba aplikasinya keluar sendiri"
2,"tolong ini gimana, udh berhari2 nyoba verifikasi wajah tapi gagal terus. udh coba dari cahaya siang-malem, tambah lampu, sampe dandan tapi berhasil sama sekali."
2,"Tolong dong di update lagi sekarang jadi force close terus padahal sudah di bersih kan cache, jadi susah untuk bertransaksi"
2,"versi doang baru,nyatanya makin lemot transaksi pake qris tapi unggah file malah balik lagi ke beranda,padahal ga pernah di otak atik👎"
2,ini kenapa mu BCA sya GK bisa masuk . masa baru buka aplikasi udah keluar
2,setelah update malah ngeleg banget buseng
2,setelah di update kenapa gabisa dibuka aplikasinyaa😭😭
2,stelah update mlh tmbh lemot
2,jadi lemot lama kebukanya
2,"setelah diupdate jd lemot sangat,mo sat set sat set jd lama banget lemottttnya"
2,saya sudah restart jaringan tapi tidak ada kemajuan yang signifikan pada aplikasi mybca. apakah masalah seperti ini bisa selesai dalam 2x24 jam dimulai dari sekarang?
2,setelah update terbaru malah jadi lemot banget .
2,"kok lemot banget setelah di update., tolong perhatikan. masalah kita sama.."
2,"plis min segera diperbaiki setelah update kemarin mybca jadi nge lag banget serasa buka aplikasi berat aja, terus sering tidak menanggapi apk nya padahal buka apk yang lain lancar' aja cuma mybca aja yang ngelag padahal sebelum update aman aman aja. tolong segera diperbaiki ya min apk nya soalnya saya sering pake apk nya🙏🏻"
2,Lemot parah. swbelumnya lancar jaya.
2,pengetikan nama lemot
2,Tidak beres lemot sekali setelah update
2,tidak bisa bikin rek oneline
2,setelah di update malah nge bug. dikit-dikit close applikasi
2,setelah update kok jadi lemot sekaliii... mau buka aplikasi aja lemotnya minta ampun
2,Suka eror bukannya di perbaiki malah Di biarin aneh
2,parah banget bca sekarang saya login dengan password yg bener tapi di anggep salah dan malah keblokir gimana kinerja aplikasinya mohon di bantu akun BCA saya
2,"abis update jadi sangat lemot, seharusnya setelah update tidak terjadi lemot, dan ini bahkan selalu berulang ketika ingin membuka aplikasi mybca, perbaikilah kalau tidak ingin ditinggalkan pelanggan...."
2,apk my bca semenjak di perbarui kenapa jadi lemot dan apk sering tidak menanggapi. mau bertransaksi jadi susah dan lama banget. tolong dong di perbaiki lagi seperti sebelum di perbarui apk my bca nya.
2,"setelah update lemotnya minta ampun, tolong donk di perbaiki lagi saya kecewa banget deh update"
2,"Ini kenapa aplikasi nya susah banget di buka ya, saya mau transfer dan bayar jadi lama banget, ngeselin banget mybca. Kalo sampai ga bisa buka gimana coba, percuma aja ada aplikasi yg seharusnya memudahkan malah menyusahkan! IT nya juga nih gimana si, mybca buruan dong di benerin jangan nyusahin pelanggan."
2,"Jadi berat, lemot dan susah diakses setelah upgrade, Kenapa ?"
2,sya stelah update lagi mlh ad tulisan BCA tdiak mendukung gtu trus pdhal udah d rstar tiap buka psti gtu
2,"Semenjak habis di update makin parah LEMOT ny, Masuk ke Menu utaMa ny aja butuh beberapa menit untk bs masuk, trkadang langsng kluar sendri jg dari aplikasi ny.. Paraaaahh... 🤨🤨"
2,semenjak diperbarui jd lemot banget
2,"Masih blm lancar, lemot bgt. habis update, Sdh bolak-balik restart hp dan sim di slot 1 cm masih aja lemot ujung2nya crash. Moban recoverynya dong dev mybca, g nyaman pakainya."
2,tolong diperbaiki update terbaru jadi lemot aplikasi keluar sendiri
2,my bca saya eror Mulu gabisa dibuka mental kenapa ya solusii nya dong !!!!!
2,"setelah update lemot, aktifitas terganggu, cek Internet Stabil, Jaringan Stabil. segera lakukan perbaikan thank's nasabah"
2,"My BCA kenapa Lemottt sekarang, parah banget, gak kayak biasanya."
2,setelah update lemottt bngetttt malah gabisa digunain sering keluar sendiriii
2,lomet bnar knp yo bjm pal 2
2,tolong BCA perbaiki lagi aplikasi nya setengah update malah terjadi error aplikasi nya dan lemot buat transaksi nya
2,ini waktu pilih negara untuk masukan nomor HP Indonesia malah tidak ada mohon di perbaiki.
2,aplikasi kok susah di buka 🙂‍↕️
2,habis update ko jd lemot bgt ih jadi suka tbtb ngefreeze apk nya bete
2,"maaf min,,,ko stelah up that jdi lemot parah gini,,,jdi mempersulit transaksi. tolong dong sperti dl lg lancar ga lemot gini..."
2,kenapa jadi lambat sering gagal masuk ngebug berat saat mo masuk apk.
2,mau buka rek diputer2 mumet
2,kenapa habis di update lemot parah yah.. susah mau buka
2,makin parah ni. sya setiap buka aplikasi dikeluarin terus. jdi ga bisa buka
2,"mau di pake force close mulu. sudah versi terbaru, di paksa berhenti + bersihkan cache masih sama. device google pixel 8 android 16"
2,udah hampir seminggu my BCA tidak bisa masuk . lemot dengan alasan sambungan internet buruk. . padahal sinyal bagus . tapi blm ada perubahan sampai sekarang . masih susah masuk.. dengan alasan my BCA tidak menanggapi.. mohon bantuannya...
2,setelah diupdite malah lemot banget
2,setelah d upgrade kenapa jd sangat² lemot ya setiap mulai dari proses log in sampai transaksi
2,kenapa mybca skrg ngelag banget ya bahkan saya ga bisa buka sehingga gabisa melakukan transaksi itu kenapa y
2,Paaaarrrrraaaaahhhh.. setelah d update malah makin lemot nya luar biasa
2,setelah di update aplikasi bukannya tambah bagus tapi malah hancur lemot+berat sekali bikin emosi saja padahal koneksi data internet sangat lancar sekali
2,"semenjak update yang baru jadi lebih lemot setiap mau login, kadang suka ngestuck ga bisa masuk"
2,"setelah di update lemot banget, kecewa, udah mah minta update trs, eh udah di update lemot banget. tolong di perbaiki!!!"
2,"gimana ini , tiba2 gk bisa masuk apl nya gak bisa apl kasih kebuka mental terus"
2,"aku kira hpku yang bermasalah ternyata after menyelam di ulasan emang aplikasinya yang lagi down ya jadi super lemot banget dan super ga nyaman. mana jawaban cust servisenya pake bot lagi padahal jaringan temen temen lain pada aman begitupun jaringanku,,tolong segera diperbaiki ya sangat menganggu soalnya"
2,kenapa lemot banget ya aplikasinya?
2,"kenapa Ahir"" ini aplikasi susah bngt di buka setiap mau buka pasti kembali sendiri"
2,"kenapa my BCA ngelet banget di buka nya,lama nunggu nya mau apa2 jadi lama,lemot banget pokok nya, padahal jaringan bagus"
2,"ini kenapa gabisa loginn, udahh kirim otp kenapa otpnya ga masuk masukkk padahall nomor masih aktif dan masukinnya benerr"
2,bca knpa ya? baru suka d buka suka tiba² tutup aplikasi sendiri..trus suka tiba² mybca tidak merespon trus nutup aplikasi paksa..habis diperbarui kok malah makin begini aplikasinya
2,"Sebenarnya udah oke, terus setelah update beberapa hari ini kok tambah ngelag ya. Minta tolong segera diperbaiki 🙏🏻🙏🏻"
2,setelah upgrade ko jadi lemot banget padahal sebelumnya lancar
2,gila bener seminggu full ganti hp mau masuk akun sendiri verifikasi wajah susah nya minta ampun.gak mau masuk ini hpnya eror atau aplikasinya aturan verifikasi sudah di ikuti bahkan make jas udah pencahayaan udah pake lampu tembak masih aja . mau ke kantor jauh bnget dari daerahku aduh
2,abis di update versi terbaru malah keluar2 terus my bca cba di benerin lgi mind ...
2,ini knapa makin sering update aplikasinya jadi lemot
2,semenjak d update..my bca susah d buka.
2,setelah keupdate versi terbaru knp sangat lambat cek saldo aja ga bisa²
2,"mybca knpa lemot banget ya, suka ngadat, aplikasinya kadang suka tidak menanggapi, pdhl sering diupdate tp malah jd lemot."
2,setelah update 16 Maret mybca saya menjadi sangat lemot susah dibuka
2,"makin kesini makin berat apk nya, lemot,gk kayak dulu waktu pertama instal, enteng lancar jaya. sekarang susah bgt buka nya lama, loading nya lama."
2,"tolong di benarkan sistem nya apa apa keblokir aneh sekali, padahal id pw ga ada yang salah bikin susah"
2,knp stlh di update saya malah JD kesulitan masuk ya paket internet stabil padahal tolong dong ditingkati LG pelayanan nya
2,ini gimna sih? abis di update malah gak bisa dibuka aplikasinya????
2,Sehabis diupdate malah jadi berat aplikasinya. ketika digeser tidak selembut sebelumnya. malah sering force close. buruk banget.
2,"abis update 16/3/2026 mybca saya jadi sangat lemot, sebelum nya lancar. says sudah coba reinstall tapi tetep lemot aplikasi nya"
2,"app always showing not response, my device redmi a3"
2,update malah lemot
2,tlng penjelasan ini kenapa mybca saya Nga bisa kebuka??
2,Update mulu dah perasaan
2,di Update malah Jadi Lemot bangett..
2,semenjak di update ngelag ga jelas..makin berat
2,"semenjak update kemarin jadi lag dan bug,tolong dong dibenerin lagi:("
2,abs update kenapa jd lemot bgt masuk ke aplikasi.anehh.padahal sinyal normal.pake wifi atau jaringan pribadi
2,ini bca kenapa ya?? masa minta update tiap hari?? udah gak dpt uang lain skalin dr kuota update
2,"tidak bisa dibuka, lemot, aplikasi tidak merespon jangan cuma komen minta maaf, kasih solusi dong. dari semalam gak bisa transaksi..."
2,"Aplikasi nya lumayan saya suka, aplikasi nya lumayan kumplit, hanya sja PAYLATER nya BCA limit nya kecil dan gx pernah naik"" padahal sya sering menggunakan nya tapi masih blm juga naik padahal byr tepat waktu, ya udh sya kasih bintang nya 2 dulu sja. . ."
2,knp kalo tf di jam 1 mlm ke atas tidak bisaaaaaaa
2,habis di apdet kok malah jadi lemot gini sih
2,"Dikit"" update terus, mengganggu sekali. baru 2 hari di update skrg minta di update lagi."
2,setelah diupdate malah lemot banyak bug .
2,ini knpa saya pas mau upload foto diri ngga bisa kebuka ya dr kmren maren aduh bingung
2,kenapa setelah login langsung bug dan bisa keluar sendiri mohon untuk solusunya
2,respon lambat costumer service nya cuke jutek
2,"apk gak jelas, tiap dibutuhin gabisa dipake, ngebug apk apa ini"
2,sering nge bug hampir tiap hari hafus mulai ulang padahal chache sudah di bersihkan tetap bug koneksk intefneg stabil ntah tapu tiap kelar di mulai ulang bug hilang aneh....
2,habis update malah g bisa ini gimana boss
2,CS NYA GAK SOPANN
2,sukses membayar pajak tapi mau download bukto setor pajak otomatis paksa keluar.
2,"hanya bisa download mutasi rekening bulan lalu, tidak bisa download untuk mutasi rekening bulan berjalan. Tidak ada detail transaksi jam.. coba cek apk bank bumn warna biru.. ayolah bca tunjukan kualitas mu sebagai bank terbaik"
2,"verifikasi muka gagal terus, untungnya diarahin vc sama csnya"
2,"stresss update mulu, mana ganggu lagi tiap mau masuk ada notif update. tiap Minggu update... kalo Masi develop ga usah di publis deh locallhost aja uda"
2,aplikasi ribet minta perbarui terus ketika login juga minta di msukan no hp dan kode negara tetapa kode negara Indonesia tidak ada
2,ini kenapa ya kok akhir akhir ini susah buat tf sama virtual akun lewat my bca. padahal gaada pembaruan. dulu2 ya ga kaya gini loh
2,Disuruh masukin no hp... Tp ga ada kode negara indonesia +62 nya... Gimana tuh... 😅😅😅
2,"aq juga punya yg lain menurut dibanding seabank dan brimo, ini lebih ribet, lebih gampang pake brimo dan seabank"
2,"ini kenapa ya padahal sudah update tp kok saat mau reset password kode akses gk bisa"", saat mau masukkan pin sbg salah satu langkah kok kembali mulu... knapa ini?"
2,kenapa setiap ad transaksi saldo masuk selalu terpotong terus udah beberapa kali. tanggal 9 /03/2026 transferan 1.440.000 yg masuk ke rekening saya cuma 1.390.000. tanggal 10/03/2026 terasfer 1.500.000 yang masuk cuma 1.478.000 aneh sekali ini .
2,"setiap mau transfer selalu loading lama, padahal sinyal bagus"
2,Percuma meskipun point gebyar bca banyak sampai ratusan . tetap saja ga dapat hadiah
2,"tolong dong kok akhir akhir ini setiap mau buka apk nya selalu loading terus, pdhal jaringan bagus internet jga saya bnyak tapi kok begtu ya setiap mau masuk ke mybca nua pasti loading nya masya Allah banget. secepat nya di perbaiki ya bukan hanya sekedar ""segera"" aja, orang jadi nya susah mau transaksi pake mybca kalo masih begtu aja."
2,"aplikasi ngebug, lupa id bca dan password nya, pake fitur reset ato forget malah motongin pulsa terus, tapi malah ga ke solve, failure Mulu gimana si"
2,masa ga ada kode otp terus aneh
2,mau tanya ..srat mndaftrnya online nya harus pake KTP asli ..dan dagangan kita di fto ..mohon tolong di jawab🙏
2,gak bisa di download
2,"jaringan lancar, Kouta juga banyak, kenapa pas mau TF selalu disconnect yahhh,, padahal jaringan lancar, bisa kalau data+wifii, benerin lahh"
2,bagus .. sayang tidak bisa pakai rek yang sdh ada . buka baru terpotong juga biaya adminnya . nambah rugi #tutup
2,setelah di update ke versi paling baru kenapa tiba2 ga bisa log in menggunakan wifi ya? pengaturan datanya sudah pakai wifi dan paket data. jadi sekarang hanya bisa log in pakai paket data saja
2,tolong developer nya perbaiki fitur verifikasi wajah nya. soalnya setiap kali verifikasi wajah selalu gagal padahal sudah di tempat yg cukup cahaya dan tidak menggunakan aksesoris dll dan harus hubungin halo bca ny . ga cuma sekali loh SETIAP KALI .
2,"saya dri dlu pecinta bca , tumben skrng saya kurim uang dri dana ke bca ga masuk"" uangnya ,saya liat di mbkingnya udh ebenr saya tf nya tpi tetep saldo kosong , saya santai nunggu paling masih eror gtu , trus saya tunggu itu ini kerjadiannya kemarin pas saya di indomaret , jdi saya tungvu lh ampek skrng ga jga masuk"" saldonya😏 tolong untuk pihak bca di perbagus lgi ya"
2,perbaiki sinyalnya jaringan dah bagus tapi terjadi kesalahan terus
2,knpa akhir akhir ini suka terjadi kesalahan sih gjls.
2,"maksa bgt buat update, keselllll knp verifikasi nya susah bgt, gue yg kacamataan ini ampe ngabisin 20k buat kode otp lanjut verifikasi karna gagal mulu karna ga keliatan intruksinya, kenapa tulisannya kecil bgttt 👎👎👎"
2,"sering ngelag kalo mau scan qr, lemot bikin lama mending app yg lama deh"
2,my bca saat ini apakah sedang ada kendala?ni dari tadi sya mau masuk ke my bca selalau ada keterangan sdang ada kendala
2,baru beli redmi pad 2 mau login mybca gak bisa keluar sendiri saat mau verifikasi wajah gimana ini bca tolong dong
2,parahh
2,Masih Enakan pake aplikasih brimo si😍😍😍😍
2,ni kode negara Indonesia gak ada kah ?
2,apalah transferan pending mulu udah seminggu saldo ga nambah bikin ga tenang👎
2,Enakan Mbanking yang lama yang baru lemot sering gangguan
2,"ada yang lucu, niat bikin rekening mau nabung. tapi duit malah berkurang. apa lagi kalo lagi minus. bisa di kuras sampai nol"
2,"Selama gw pake bank ini banyak kejadian yang gak pernah gw alamin di bank lain ! Macam tarik tunai gak keluar duitnya , Kartu tertelan , dll haduh buat nugas aja cust nya"
2,"Agak ribet kalau mau login harus pake ID gitu, seharusnya bisa pakai email/nomor kartu ATM biar mudah. lalu password nya, tolong dong kasih peringatan dalam tulisan di bawah tabel isi passwordnya kalau ada paduan huruf besar nya. Gara-gara gak inget kalau harus pakai huruf besar jadi ke blokir dan ini bikin makin ribet lagi karena harus ke BCA center atau halo BCA, gak bisa buka blokir instant pakai data diri gitu dan bikin buang waktu."
2,woi BCA yang bner Napa pending trs tiap hari gabisa transaksi
2,sering gangguan kalo ga di refresh
2,"keluar sendiri, pas login diblokir"
2,saya bingung ini pemotongan admin berapa kali sebulan ya?? blm lama kena potongan ini potongan admin lg.
2,update teroooosss..sinyal bagus kok suka lemot bukannya makin lancar
2,verifikasi data kadang macet gak bisa dilakukan
2,"kenapa tiba tiba ga bisa di buka aplikasinya,dan keluar langsung setiap mau buka, bikin pusing ini aplikasi bentar"" update lagi,skrng malah ga bisa di buka"
2,susah log in beda sama bca mobile
2,fiturnya udah bagus. bisa lihat mutasi juga beberapa bulan ke belakang.tapi kenapa KLO di buat scan qris/transfer/virtual account sering banget gangguan nya. tolong di perbaiki donk.
2,knapa pas login tiba2 g bisa pake sidik jari ya? padal kmarin lancar
2,ini aplikasi gimana sih kok daftar rekening giliran verifikasi wajah keluar mulu
2,mengapa saat akan login ulang di suruh tambah kan no hp sedangkan kode (+62) Indonesia tidak ada dalam pilihan kode negara
2,maaf saya mau bertanya kenapa ngk muncul nomor id nya ya padahal saya udah daftar dri awal
2,akhir akhir ini buat tf selalu gagal terus
2,knpah bca ida tidak yah knpah
2,"setelah update terakhir tidak bisa scan Qris, saya kesulitan untuk melakukan pembayaran menggunakan Qris, mohon segera diperbaiki"
2,fitur tranfer valasnya di hapus saja jelek banget sistemnya transaksi sudah satu minggu uang belum diterima hubungi cs jawabannya semua sama gampang bnget omongnya suruh bikin laporan suruh bayar lagi bikin emosi aja
2,males bikin rekeningnya harus vc dulu
2,"mohon maaf ini kenapa saat login harus menambahkan nomor tlfn lagi, pdhl kode negara nya gk ada, nomor saya sebelumnya sudah terdaftar dan sudah berada di SIM 1 di perangkat, tapi ttp harus menambahkan nomor tlpn mohon solusinya min"
2,susah di bukah persaratan udah sayah penuhin padahal tapi tetep aja ngga bisa di bukah aplikasi bank BCA ini
2,gangguan teruss
2,kerjaan error aja teros buset dah heran gua mah
2,"Saat masuk log in, di minta masukan nomor Hp namun kode negara indonesia (+62) tidak tersedia apakah karna sekarang sudah ganti jadi republik Konoha 🤣🔥"
2,saldo ilang 50 k euy padahal pas baru rek sudah ada saldo mengendap dan dimutasi tidak ada keterangan
2,"cape"" ngisi mau buka rekening pas di bagian pernyataan tombol setuju nya malah gabisa di pencet anehh"
2,"mau login my bca susahnya dan gagal terus ,verifikasi wajah gagal mulu, gila emang bca ini, beda sama bank sebelah."
2,"Kirim kode OTP nya kok lama sekali sih, sampai di ulang ulang suruh nunggu 30 menit"
2,Ini gmn reset password ngebug di hp poco f7 hyperOS 03
2,"ada apa dengan app ini? pakai wifi gabisa login lancar, pake paket data kartu merah pun sama padahal login bank lain lancar 🙂"
2,mau login gak bisa suruh update tapi uopdatenannya gak ada. gak jelas printahnya..
2,MyBca Verifikasi wajah susahnya minta ampun Lebih simple verifikasi MBca Tolong diperbaiki lagi Terima kasih
2,"BCA lg knpa? ko transaksi gk bisa-bisa.. ""Opss terjadi kesalahan"" coba dong diperbaiki jdi ribet nihh mau transaksi."
2,sungguh kecewa mulai penyakit ini myBCA saya mau masuk aja kata Ooops...!!! mungkin ini disengaja oleh PT. myBCA ya.?
2,dihp saya tdk bisa membuka dan tiba tiba kembali terus
2,saya sudah ngirim kode aktifikasi tapi ga bisa woyyy pliss lah
2,pada saat transfer antar rekening. pencet kode pin lemot agak lag. tolong diperbaiki
2,"saya pernah buka rekening my bca mobil,tapi giliran mau di buka lupa kata sandinya dan bca id nya,,bagai mana cara bukanya kembali"
2,knp nyari negara Indonesia tidak ada ketika mau login my BCA admin komen
2,ga jelas ngirim OTP lama sampe suruh nunggu 30 menit
2,kenapa BCA ID saya sering terblokir. dengan alasan yang ga jelas. sangat mengganggu
2,suka banget gangguan
2,saya sering tidak bisa login dengan alasan terjadi kesalahan terus
2,saya kasih Bintang 2 dulu kalo Pelayanan bagus nanti kasih Bintang 5 lagi
2,sering terjadi kesalahan pas login. knapa dah
2,tolong dong ini tiap malem gabisa di pake transaksi kacau sih
2,potongan nya bikin nyusahin wkwkw
2,msh jaman otp pake sms ??pake wa dong hadeh
2,Jooosss eror terussssssss
2,Aplikasinya sering error.. orang mau transaksi jadi susah..
2,sering mengalami gangguan dan tidak konsisten
2,ini kenapa ya kok gak bisa buat transaksi huh aneh
2,"sedang buru2 karena ada yang butuh uang buat berobat dinihari,tapi tidak bisa dilakukan"
2,"aneh... pass login setelah masukkan user dan password , ad perintah tambahkan nomor telpon tapi kode negara Indonesia (+62) .."
2,1. sekarang lebih sering minta update 2. sering banget gak bisa terhubung padahal jaringan lancar
2,Kode verifikasi lama sekali masuknya. mau via pesan ataupun email sama lamanya. Saya gatau ini emg hp saya yg lama atau sistemnya yang buruk?
2,padahal sinyal ok...tapi kenapa buffering...tolong perbaiki lagi
2,"sebel, ""terjadi kesalahan"" trus gbs login!! padahal LG urgent...😡🥲🥲🥲 greget bgt plss, kesell"
2,"kalo bayar pake qris atau transfer sering gagal, padahal pin nya udah bener, jadi kadang malu banyak antrean kalo lagi belanja, kalo gk bawa uang bikin malu, mohon ditindak.."
2,"Aplikasi yang simpel, fitur lengkap dan aman. Kita tau semua BCA dengan segala servisnya. Tapi akhir akhir (kususnya 2 bulan belakangan) apps ini kenapa begitu lemot sekali saat memasukkan pin terakhir. Isi saldo NFC, Qris sampe transfer susah selalu gagal ""oops terjadi kesalahahn...."" . Apakah signal saya? Tidak. Saya buka aplikasi lainnya bisa dan lancar saja. Saya harus refresh, bersih2 cache sampe restart Hp baru bisa. Ga pernah se lemot ini selama pakai mobile BCA jenis apapun."
2,sering sekali sekarang gangguan ketika mau transfer dan isi paylater
2,"sering ngadat, sering erorr,"
2,begitu mau poto knapa tidak timbul wajah saya nya jadi susah pripikasi nya
2,buat bengking
2,bca ini kenapa ya saldo saya sering hilang 10.000?
2,"I cannot find the country code for Indonesia, saya jadi tidak bisa masuk, sudah dicoba berkali kali tidak bisa, tolong ini harus bagaimana?"
2,saat akan pilih nomor depan handphone opsi indonesia tidak ada
2,Makin kesini makin sulit di buka my BCA saya... jadi harus ke bank BCA terdekat buat mindahkan uang yg ada di my BCA...
2,kok aku mau bikin akun gabisa ya katanya bca id tidak ada bingung
2,"susah amat buat masuk lagi setelah ganti hp, verifikasi bikin ribet, scan wajah susah connect, reset password jika lupa lewat aplikasi juga susah."
2,sumpah ya bikin kesel sama my bca 3x transaksi beli paket data gagal tapi uang ke sedot giliran nlp customer service nya hahehahe doang
2,"saya kecewa sekali isi Flazz gagal tapi saldo saya kepotong dan ditunggu sampe berhari hari uang tidak masuk juga sampe akhirnya lupa, dan hari ini terjadi lagi isi Flazz gagal tapi saldo sudah kepotong dan berharap dana masuk otomatis... tolong dong my BCA kalo seperti ini merugikan nasabah meskipun nominal nya gak besar tapi itu lumayan buat saya"
2,"kenapa belakangan ini kalo mau bayar pake qris gagal terus, VA juga sama"
2,padahal sudah melakukan pembaruan tapi selang gk lama harus ada pembaruan lagi dan pas di lihat di playstore tidak ada pilihan update
2,BCA saya keluar pas masuk di suruh tambahin no tlf tapi kode negaranya gada itu gmn ya?
2,force close terusssssss
2,"kenapa id bca saya tiba"" ke blokir pdahal tidak pencet apa"", ini sdah ke 2 kalinya sperti ini"
2,tidak bisa memferivikasi wajah saya waktu daftar
2,"setelah di update ko malah jelek gini, susah masuk, kalau udah masuk respon lambat. gak kaya dulu"
2,"setelah di update,sekarang jika tekan angka pin sering delay. bikin salah pin"
2,"ngisi FLAZZ gagal tapi saldo terpotong,kalo engga nlpn kompelnya gak balik saldo bikin ribet."
2,"kenapa bca aplikasinya ada byk?, sbnrnya buat penggunaan aku lbh suka bca mobile, sygnya g bisa liat mutasi rekening (terbatas), nah ini baru update, ribet, 3x salah hrs telpon cs, abis update hrs login ulang verifikasi lagi, ISI PULSA lagi, kenapaa gitu ga kaya yg lain yg bisa lewat wa atau email?, apa gunanya ada email tertaut?, GA keblokir, ini verifikasi login krn aplikasi abis UPDATE"
2,"salah masukin pin 3x, disuruh reset pin waktu nunggu otp nya ga muncul muncul, udah dua hari gini terus"
2,bcaa kontoIII tiap gue transaksi qris selalu notif oops terjadi kesalahan trooosssssss
2,"kalau verifikasi wajah selalu gagal padahal camera jelas dan jernih , jadi harus video call bca , jadi ribet .. tolong diperbaiki di tingkatkan masalah verifikasi wajah ! .. trimakasih"
3,"kalo mau masuk kenapa terjadi masalah terus ya, harus masukin pasword manual..ga bisa finger"
3,mana kode negara Indonesia masa tidak untuk nomor telepon
3,kenapa sedikit lemot padahal jaringan stabil tidak seperti biasanya mohon untuk normalkan kembali karena kalau terus begini. bisa bisa ganti ke bank lain
3,"berulang kali telpon video call online tapi gagal dann tidak dapat di proses, alasan gangguan tehnis"
3,lemot2 ini sekarang kurang Joss mana lagi banyak transaksi
3,Gampang tapi update trs anjir gak jls
3,terlalu sering gagal transaksi
3,"ini gimana sih password sama id bener tapi malah diputer"" in suruh hubungi cs nya memang seperti ini apa prosedurnya harus ke cs dulu sebelum login aplikasi? keamanan boleh bagus tapi ya jangan dikit"" hubungi cs cuman buang buang pulsa aja parah sekali mending make aplikasi lain dah apa"" kok cs terus"
3,aplikasi nya kok termasuk nyusahin mau transaksi aja nunggu ijo mana lama
3,"smnjak ganti kartu kepotong biaya admin terus hmpir tiap hari, setau saya kepotong nya 25 ribu tp ini udh lebih dr 25 ribu kepotong saldonya gmna ni??"
3,"Edit: halaman tambahkan nomor hp tersebut otomatis muncul setelah masuk dengan BCA ID dan Passwordnya, dan saya tidak menemukan tombol skipnya. Kolom terdiri dari kode negara dan masukkan no. Hp. Tapi di kolom kode negara tidak ditemukan indonesia. Sehingga saya tidak dapat melanjutkannya karena tombol konfirmnya masih abu abu."
3,"knpa my bca saya keluar terus ga bisa masuk,setelah di update makin parah aja nih apk"
3,kenapa ya saya mencoba login tapi tbtb keluar sendiri. saya ulangi berkali2 ttp sama
3,payah masa udah masuk keluar sendiri setiap login sesi anda telah usai
3,kenapa histrori transaksinya ga muncul
3,"sdh better daripada sebelumnya, cuma tambahan penting dan harus di perbaiki, utk opsi mutasi transaksi tambahkan jam di keterangan jgn cuma tgl, nama dan jenis transaksi saja, tambah juga jam, menit agar bisa valid mutasinya"
3,3x ingin melakukan video call gagal karna gak di respon sama cusomer service nya
3,ini kenapa sih? ngebug ya? masa aku mau verifikasi wajah aku aja gabisa!
3,ini kenapa setelah uninstall jadi ga bisa log-in? muter2 aja terus.
3,"lemot, kalah jauh sama ibanking"
3,minta tolong di bantu agar bisa login kembali 🙏 tetap aja tdk bisa
3,"Dikit"" minta di update,pas udah update tambah lemot"
3,OTP NYEDOT PULSA
3,lemooot update teroos tp lemot sampe upgrade sim card juga tetep lemot gk ngerti deh jd gini .tolong perbaiki lagi
3,"sekarang kalo pakek wifi tidak bisa, harus pakek data sellular, sedikit kurang nyaman"
3,ini kenapa BCA transfer nya pending2
3,"tolong perbaiki sistem otp nya, saya dari tadi nunggu sms kaga ada tuh satu pun yang masuk"
3,"gimana ini buat masukin nomor handphone kode negara Indonesia aja gaada, udah berubah jadi negara Konoha kah?"
3,mohon perbaiki IT nya. sering keluar akun. jadi boros buat otp.
3,agak susah login ke perangkat baru apa lgi bagian di face id nya..sering gagal
3,Itu potongan spa sih setiap isi saldo tiap bulan nya dipotong 50k dan saya cek rekening tersebut atas nama saya lagi padahal saya gak ngelakuin itu apakah biaya admin padahal rekening tahapan 😱
3,"tolong kasih fitur nominal sebelum saldo kepotong dan sesudah menabung. contoh saldo awal 1jt mau nabung atau ada yg TF 600ribu jadinya kan 1,6 jt. nah yg saldo awal 1jt masih kelihatan gitu di bikin fitur lagi. soalnya saya sering lupa. contoh lagi saldo awal 1jt kepotong belanja 600ribu jadi nya kan 400ribu, nah yg 1 JT masih kelihatan tapi dibikin fitur tersendiri aja biar ga bingung. terima kasih"
3,sy penguna baru TPI sy yakin terjamin dan terjaga dengan Aman sy beri 3 bintang soalnya sy baru menginakan bank BCA ini
3,kurang puass
3,ribet banget proses verifikasi wajahnya sumpah kalah sm apk e-wallet yg lain
3,baru aja update masuk jadi gak bisa padahal dah pake sidik jari. manual id bener pasword udah bener keblokir. meski lewat call center. jujur males gua buka
3,"oops terjadi kesalahan, silakan coba lagi diupdate aplikasi tgl 19 april 2026 jadi banyak bug dan tidak bisa liat jumlah saldo dan transaksi... aneh sudah di delete dan instal lagi tetap mucul kesalahan oops dll itu. mohon diperbaiki"
3,ini my bca knapa smlem habis mintenance ko sekarang malah eros ga bisa di buka
3,Lagi Gangguan kah?
3,"Halo min kenapa MyBCA saya ga bisa login ya min, kalo masuk di tampilan depan terdapat notif terjadi kesalahan coba lagi min padahal maintenance nya semalam min"
3,"kenapa habis update sekarang gak login..terjadi kesalahan trus..tlng dpeebaiki lagi butuh"" nya"
3,apakah hari ini gangguan?
3,kenapa jadi gini yaa giliran update malah gak bisa di buka terjadi kesalahan heran
3,kok nggak bisa kebuka bos gua sebagai kurir mau protes bagaimana dengan uang costumer nggak bisa di ambil klw kek gini ayolah
3,ini kenapa ya kok gak bisa login. tolong dong my bcaa
3,"habis update langsung ga bisa masuk, kacauu"
3,ok
3,id keblokir sendiri
3,"bukan lemot dari perangkat hp nya min,tapi dari aplikasi nya,skrng udh agak mendingan,gak crash lagi & lemot lagi,kalo udh normal ga lag,gw tambah bintang😎🤙"
3,"min kenapa ya my BCA saya lemot banget,lama banget pas di buka padahal jaringan stabil udah update juga,sudah min udah pakai slot 1 sama 2 sama aja"
3,"update mulu,heran"
3,"lu yang bener aja deh, di update bukan malah bagus malah lemot ""aplikasi tidak menanggapi"". nyesel update, jadi trust issues kalo ada update lagi sama ni apk"
3,baik
3,setelah update malah makin lemot my bca nya
3,bca.. knp sering TB TB logout akun sendiri?? apa apaan dah.. juga tolong otp bisa di kirim juga ke wa untuk memudahkan. sekarang jarang menggunakan pulsa.. apa dah.. ngeribetin
3,"rajin banget muncul update aplikasinya. harusnya kalau update, penggunaannya lebih efisien dan efektif dan lebih sat set, ini setelah update malah lemot, lola, kayak berasa make hape mito jadul. tolong diperbaiki agar lebih ringkas dan memudahkan user menggunakannya. thx"
3,kok setiap kali buka apk seringkali keluar sendiri
3,pelayanan buat vidcall lama bgtt min bisa dipercepat gasi?
3,"parah banget makin kesini makin lemotnya parah dah ,"
3,kok sekarang malah gak ada kode nomor Indonesia (+62)
3,ternyata emang dr app nya yg lemot...aduh sekelas BCA yang satset kok jadi lelet gini...mengganggu banget untuk transaksi cepet ..susah banget masuk nya.. tolong dong di perbaiki
3,"kenapa jadi susah top up Flazz, pdhl sblm update gampang langsung jadi"
3,"lebih di tingkatkan layanan customer pelanggan karena Bank BCA adalah Bank Paling besar di Indonesia jadi kalau pelayanan buruk, masyarakat juga was was gunakan aplikasi My BCA Banking apalagi hal hal kecil di bikin rumit"
3,setelah update tidak bisa masuk. suruh nambahin nomor telephon tidak ada pilihan kode negara indonesia. menyusahkan
3,"mybca kenapa sering bgt update ya, aplikasinya jg lambat loadingnya, mohon utk bisa diperbaiki, terima kasih"
3,ini ngapa makin lama aplikasi makin lemot buat login aja susah banget dulu cepet ngapa sekarang lemott ini yang bagian IT tolong diperbaiki lahh bisa kerja kaga
3,kenapa aplikasinya lemot parah??
3,"keren banget BCA, hampir 1 bulan my-bca eror, bug lemot mulai dari tgl 16 maret setelah update terakhir, akhirnya udah kembali normal pada tanggal 11 april ini. LUARR BIASAAA, kalo bisa si jangan eror² begini lagi dah. wkwk"
3,"kenapa sekarang lemot, lag parah.. mau tranfer aja lama nunggu..."
3,update muluuu belum ada seminggu kocak
3,"ini knp sdh punya bca id, pas login muter lg masukin no lah ini lah, terus aja gitu ?"
3,"setelah di update jadi sering eror, di buka lama"
3,"masih banyak bug saat login tolong di perbaiki lagi dan bug yg lain, tolong benahi lagi!"
3,setelah update kok malah gabisa buat cek saldo ya?
3,"setelah dilakukan up date versi terbaru, malah muncul sbb : ""Ooppss...terjadi kesalahan, silahkan coba lagi"" Tulisan tersebut terdapat di kolom saldo halaman pertama, sehingga kita tidak bisa melihat saldo, tolong diperbaiki, thanks"
3,"ini abis update malah ga bisa liat saldo, refresh terus tetap tidak bisa"
3,Ok banget
3,kenapa aplikasinya setelah di update lemot?
3,"mbanking eror terus pas diuninstal lalu di instal lagi malah gabisa dipake, berulang kali isi pulsa tapi pesannya ga masuk trs"
3,"adduuuh saamaaa, aku lemot bener, bahkan aplikasi tidak menanggapi katanya, jaringan udah bagus, sim 1 juga padahal,, apa solusinya ya?"
3,"sama seperti ulasan lainnya, setelah di update jadi lemot, padahal jaringan bagus"
3,baik
3,knp app my bca di hp sy sllu ada my bca tidak menanggapi...tolong perbarui dulu app nya...nnti sy kasih bntang 5
3,"ini kenapa ya apknya tidak menanggapi terus, setiap masuk aplikasi tidak menanggapi. apa yg salah, sampe gabisa pakai qris mau belanja batal krna gagal masuk apk terus"
3,kenapa masukan data ktp sma foto wajah selalu gagal padahal udah benar semua
3,software terakhir suka keluar sendiri. tolong segera dibenahi
3,"setelah update terbaru mybca malah lemot bnget , udah lemot bnget tau"" gak bisa di buka , tertulis mybca tidak ada tanggapan , solusi nya gimna ini ?"
3,sangat bagus
3,"menurut saya apk ini sudah bagus, tapi kenapa yah apknya jadi lemot terus tiba tiba tertulis mybca tida ad tanggapan, terus pernah juga tertulis mybca berhenti, tolong admin BCA diperbaiki lagi jangan di buat lemot karna saat melakukan transaksi jadi susah"
3,"makin lemot sering ngebug, sinyal full, kendala pas sedang transaksi disuruh nyoba berkala dikira ga ada antrian? fitur qris diciptakan untuk mempercepat proses transaksi kok disuruh nyoba berkala dasar nya dari apa ?"
3,Lemot.....
3,setelah di update Aplikasi myBCA malah lemot mau pake Qris lamaa nya gak ketulungan tolong di perbaiki
3,kenapa jadi lemot banget habis di update.. sudah restart device jg tetep lemot banget banget..
3,jadi ragu transaksi menggunakan nya setelah update jadi lemot susah di akses aplikasi nya boro2 mau payment atau trasfer untuk masuk ke dalam aplikasi nya saja lama sekali takut gagal saat trasaksi.
3,ok
3,kenapa ya kalo login lemot bangett ...
3,Setelah Update jadi Gak Bisa Transfer... sebelumnya normal
3,"setelah di update sumpahhhhh lemottttttttt sekaliiii,,,,,😭😭😭"
3,"mau login, kok ga ada kode +62 ??"
3,ko lama bgt ya ini bca
3,setelah diupdate lemot parah my bca nya .. ini gimana ya .apa mesti balik ke mobile bca ?😞 tolong di kaji ulang kenapa sistem aplikasi ny bisa lemot setelah di update min.? apa milih2 hp yg trbaru bisa cepat .hp lama g support makanya lemot ?
3,verifikasi mukanya gak jelas padahal cahaya sudah terang masih aja gak mau
3,ini kenapa my bca gabisa login ya.. tulisannya harap matikan aksesbilitas
3,sama kaya ulasan yang lain aplikasinya gak bisa di gunakan.pas masuk suruh pilih kode negara.tapi Indonesia gak ada.pas bikin akun/ID baru tetep bulak balik gak bisa masuk
3,makin lemot kalo mau tarik tunai dan bayar pakai qris
3,kenapa sekarang sering Tidak menanggapi keluar aplikasi atau Tunggu menggangu Banget . perbaiki segera
3,oke baik
3,Apk nya jadi suka nge lag sama eror apalagi susah di buka akhir akhir ini tuh
3,"mohon maaf kenapa setelah up date my BCA jadi lola bgt ya buat akses nya ke gak bisa buru"" ... mohon bantuannya terimakasih..."
3,"kenapa sih sama MY BCA skrng kl dibuka GK bsa malah keluar sendiri,,udh di hapus DL lagi bgtuu lagii 😭😭"
3,"ini gimana sih, hbs update malah lemot sekali. tau gitu gk usah ikut update deh.. pdhal nomor hp sdh ada si slot 1. parah bgt sih ini.. balik lg dech ke mbca 😪😪"
3,setelah update terakhir kok malah jadi susah banget dibuka ya? dilihat-lihat juga banyak org ngalamin hal yg sama. tolong dong perbaiki segera
3,"kenapa setelah upgrade makin lemot parahhhhhhhhh mau bayar,transfet,qris harus nunggu 10 menit baru berhasil .."
3,SUMPAH baru kali ini gw kecewa banget. setelah update versi terbaru kok LEMOOOTTTT nya ngalahin hp signal 2G. sumpah bikin malu klo lagi mau transaksi QRIS atau Transfer depan kasir yg antrianya panjang. jadi aja gw sebutin dah ke orang2 yg ngantri klo aplikasi MyBCA gw lemot dan eror biar gak di marahin orang di belakang.
3,Bca terbaik
3,"tolong dong updet lagi biar tidak lemot saat dibuka , sebelum nya lancar.. jadi ke ganggu saat transaksi"
3,kenapa jadi lemot apk nya
3,"kirain punya saya aja yg lemot, ternyata semuanya juga lemot, payahhh"
3,parah muncul notif mybca tidak menanggapi terus terusan tutup aplikasi tunggu
3,maaf saya kasih bintang 3. karena begitu update malah makin lemot. bahkan sering aplikasi tidak menanggapi 🙏 mohon di perbaiki kendala nya. terima kasih 🙏
3,"Baru di update 3 jam yang lalu kenapa jadi lemot yak m-banking BCA saya jadinya ?? Atau mungkin karna baru di update jadi lemot, atau bagaimana ???? TOLONG JAWABAN NYA PLEASEEEE ""BCA"""
3,"sebelum update udah lemot, eh pas udah update malah makin parah lemotnya. untuk sekedar cek saldo aja lama bgt nunggu. ngehambat proses transaksi jadinya"
3,"Mau login lagi setelah sekian lama, bca id udah benar, password juga benar.. tp pas input nomer telepon ngga bisa lanjut karena kode negara (+62) ngga ada.. bisa-bisanyaaaaa:("
3,abis update kok jd lemot bgt my bca ??? sy biasa pembayaran pake aplikasi ini malah jd lambat bgt bgt bgt .. tolong dong admin my bca diperbaiki lg apa2an begini ...
3,"setelah di update kok susah bgt ya buka mybca, ada tulisan tidak menanggapi trs. lemot parah, suka kepencet menu² lain sendiri. gimana ini solusinya ,,,"
3,"setelah pembaharuan ko jdi lemot yaa,,mohon di perbaiki yaa ..."
3,semakin di update semakin lemot kinerja my BCA
3,lemot banget sekarang
3,"mybca ku lelet trus ... kadang keluar sendiri dari laman.. di update juga sama . bahkan ku hapus dan download ulang,, sama lelet nya"
3,"jelek banget sih , masa gak bisa di buka mana urgent"
3,abis update jadi lag parah
3,"Setelah di update sumpah jadi lemot bangett, di buka ""aplikasi tidak menanggapi"", coba uninstall terus instal lagi masih lemot parah... Mohon di perbaiki lagi bug apk nya MyBCA 🤝"
3,setelah update malah jadi lemot nih...buat bayar-bayar jadi lama loading nya.... tolong diperhatikan lagi aplikasinya
3,Akun punya saya tidak ada tanggapan terus ka
3,sudh 2x bca id saya ke blokir terus
3,ini gimana caranya masuk ke aplikasi kok sy masuk ke aplikasi selalu keluar sendiri aduhhh ada aplikasi buat memudahkan tapi ini malah menyusahkan
3,baru saya update malah susah dibuka mybcanya ini gimanaa ? mau dipakai malah gak bisa di buka aplikasinya ?
3,"setelah update ko malah lemot,tolong perbaki kita transaksi jadi terhambat"
3,tolong di perbaiki lagi
3,setelah di update malah lemot. udah liat ulasan org² sih katanya pas update lemot. tp setiap buka apk minta di update. eh setelah di update malah lemot bgt .
3,kenapa ga normal normal sih ini Aplikasinya. Udaj seminggu lebih loh masak masih lemot bangetttt
3,buka aplikasi ngelag parah tidak menanggapi terus padahal versi terbaru mohon ditinjau ulang secepatnya karena menggangu
3,abis update yg ini kok malah lemot parah ya. buka aplikasi apps lain lancar jaya kok. sudah di hapus masuk lagi malah gak bisa. pulsa ada
3,setelah update kok susah banget dapet kiriman OTP
3,"saya pakai Redmi A3, sejak update 16 Maret app jdi lemot srkaliii dan forced close terus..."
3,kenapa my bca akhir akhir lemot ya
3,jadi lemot kenapa ya...
3,"ni kenapa aplikasi jadi lemot kaya gini ?? tolonglah, masak apk untuk ngurus uang kok kaya gini."
3,"ini kenpa tiba2 gak bisa di buka, sy klik mybca, tiba2 kembali ke menu utama tolong sy si LN sialnya"
3,"i think the apps sangat ngelag jadinya dari hp saya pun tidak merespon, tolong klo memang mau menambahkan fitur, servernya pun di update agar tdk down karna klo spt ini trs saya bnr² gabisa utk transaksi dgn nyaman even I have spent money to buy my phone credit many times for OTP codes 😔 pls jgn suruh saya buat restart device atau bilang internet saya kurang stabil, sblm saya beri rating.. sdh saya lakukan yg anda suruh dan tetap aja.. so useless and better updating ur application"
3,"Yg terupdate banyak Bug, parah bikin kecewa customer. jangan cuma minta maaf, perbaiki!!"
3,setelah update jd lemot berat bgt aplikasi nya pliss balikin lagi kaya dulu. ganggu bgt soal nya buat transaksi
3,"Mohon segera diperbaiki, setelah update sangat lemot/lambat. untuk menampilkan saldo saja butuh beberapa detik baru muncul. Ini fix setelah update bukan karena sinyal. Mohon ditindak lanjuti"
3,"kenapa ya setelah update malah lemot bgt mau transaksi jadi kendala, jngan dbilang jaringan stabil atau engga, jaringan sangat stabil di 5G. mohon segera di update"
3,kenapa jadi lemot aplikasinya
3,kenapa sekarang habis update kok malah lemot sekali 😔😔
3,"WOY KEBIASAAN NIH,ABIS UPDATE APLIKASI PASTI LEMOT,TOLONG LAH MASA SERING BEGINI SIH"
3,semenjak update lama banget jadi lemooooot tolong laaah
3,"paling suka sama mybca, tapi kok makin kesini makin parah lemotnya😭"
3,"habis di update kok malah mental terus ya ? ga bisa buka apk nya, gimna ya?"
3,"setelah update aplikasi my bca, langsung lemot, dan saya liat bukan saya sendiri saja, yg lain juga sama"
3,setelah update jadi super lemot
3,update terakhir kok malah aplikasi lemot dan sering keluar sendiri. untuk transaksi sangat menghambat . pihak development mohon segera di perbaiki untuk aplikasinya
3,"huh awalnya aman aja ga pernah lemot cuma skrng"" Uda 2 hari jd lemot pdhl sinyal kartu dan Wifi lancar poll, cuma tulisannya apk BCA tidak tanggapi"
3,lemot parah akhir akhir ini !!
3,ni aplikasi berat bener pas ngebuka aplikasi langsung ngelag tampilan awal nya buat hp yg masih spek bawah beberapa fitur ngga mendukung suka keluar sendiri dan salah masukin password langsung ke blok dan itu ngurus nya pun susah lebih milih ganti akun aja sekalian
3,"kenapaa mybca saya gak bisaa di bukaa iya,loading trus keluar dari apk sendiri sudah dari hari Jumat gitu terus sampai Skrang masih tetap ..di playstore pun tdak ada untuk update"
3,"Tolong perbaiki aplikasi mybca, sangat lemot sekali aplikasinya suka keluar aplikasi secara tiba tiba."
3,"tiba"" lemot pas dibukak jadi lama kalau mau transaksi"
3,"Aplikasi sudah diupdate tapi jadi lemot banget. Padahal sebelumnya lancar aja, semoga segera diperbaiki demi memperlancar transaksi kebutuhan nasabah."
3,"semenjak update keamanan android di Samsung A13 buka apk lelet, didalam nya ga bisa dibuat apa apa, cek saldo aja juga susah. entah karena update dari android atau dari BCA nya. mohon diperbaiki dan distabilkan di Samsung A13"
3,"setelah update kenapa makin gajelas sih, jangankan buat transaksi buat login aja susahnya luarbiasa, gabisa bisa login astagaaa, nyusahin banget ah elah, padahal sebelum diupdate aman aman aja, tolong dong ini kan penting aplikasinya harusnya mempermudah nasabah dalam bertransaksi lewat mobile, ini malah begini susah jadinya 😭😭😭"
3,gimn cara memperbarui mybca
3,"untuk transaksi payment sering gagal ,masuk kode pin lemot ,pdhl sinyal bagus ,"
3,makin kemarin makin lemot parahh
3,"saya kira cuma di hp saya, ternyata banyak ngalami hal yg sama aplikask tidak menanggapi dan lemot bgt, mau sampai kapan ini aplikasi seperti ini?"
3,mengapa setelah di update..malah gak bisa masuk ke aplikasi
3,kenapa apk ini sering loguot & harus berkali - kali masukan ID.Pasword & kirim otp yg memakai pulsa reguler sehari bisa berkali kali
3,abis update malah lemot parah banget dh
3,sejak di update malah jadi lambat buka apliaksinya
3,"knp myBCA saya ada tutup aplikasi/ tunggu , sekarang lama sekali , lambat tidak seperti biasa PS tolong , hasis apdate langsung hp myBCA lama sekali , lemot , sebelumnya Bagus GK masalah ini lamaaaaa sekali udah gitu saya hrs pencet Tunggu ...Tunggu...Tunggu"
3,"Kok ngga ada pilihan country code +62 sih? User kebanyakan di Indo tapi pas login malah error, fix rn pls 🙏🙏"
3,ADA PULSA TAPI GA DIKIRIM KIRIM OTPNYA
3,kenapa ini setelah update jadi jelek gini keluar2 sendri lemot
3,"Setelah di update makin lemot. saya kira setelah di update, akses akan cepat namun ternyata malah aplikasi sering ""tidak menanggapi"". Mohon untuk bisa segera di perbaiki dan dikembangkan kembali untuk memudahkan nasabah melakukan transaksi. Terima kasih 🙏"
3,"knp BCA ny KLO di buka app ny ko mlh kembali,"
3,"bener - bener lemot sekali aplikasinya. . sebelum update udah lemot, setelah diupdate makin - makin lemotnya. sedihh"
3,setiap klik sesuatu di app mybcanya tidak menanggapi
3,"kenapa ini aplikasinya bosku,asli lelet ini....."
3,"Setelah update malah Qris nya jadi gak bisa, ini kenapa ya? padahal aplikasi ovo bisa menggunakan Qris, artinya bukan masalah pada kameranya"
3,kenapa setelah update malah sering force close (mybca tidak ada tanggapan) mohon tim IT bca perbaiki bug nya
3,"min, klo mau video call emang harus nunggu lama ya?? tolong dong perbaiki"
3,belum ada menu untuk ubah nomor hp via aplikasi ya
3,kenapa setelah d perbaharui malah makin lemot ya.. tolong dong biar kayak kemarin kemarin enak di pakai
3,knapa akhir2 ini stelah pembaruan kok tambah lemot aplikasinya..
3,"saya ingin bertanya kenapa aplikasi mybca setelah saya update jadi tidak bisa dibuka, tulisannya selalu ""mybca tidak ada tanggapan"" sudah saya ulangi terus menerus selalu seperti itu, sudah saya unistall lalu saya install lagi Masi sama seperti itu, hp saya juga sudah saya mulai ulang tapi tetap saja seperti itu, sebenernya kendalanya apa yaa? dan bagaimana cara mengatasinya?"
3,mau daftar sulit cs nya lama respon nya
3,habis update semakin lambat aplikasinya
3,setelah di update kenapa jadi agak lemot ya setelah login.tau2 aplikasi tidak menanggapi nya..apa bakal ad update lagi
3,Plisss balikin ke versi sbelumnya ini kenapa setelah update jadi malah lemot gini aplikasi nya biasanya juga cepat kalo mau masuk tuh ini mah kayak pakai jaringan 3G gini malah jadi sering FC terus Di update bukannya lebih baik ini mah
3,"my BCA sekarang lemot, sering sekali nge lag, kadang aplikasi keluar sendiri, tolong diperbaiki biar lebih nyaman dan cepat untuk bertransaksi"
3,terlalu sering eror dan gabisa dibuka aplikasi nya kadang setelah menerima transfer uang dalam nominal besar mendadak eror dan gabisa buat transfer antar bank mohon untuk segera diperbaiki 🙂
3,"tolong adain mark all as read di bagian ""untukmu"" sub info dan transaksi."
3,"tolong dong, ini memperlambat payment, di update malah lemot parahh"
3,lemotnya makin parah
3,tolong bca setelah update aplikasi lemott aplikasi tidak menanggapi saya udah hapus download lg masih lemot restart hp masih lemot tlp halo bca katanya nunggu 1 minggu
3,"ini kenapa baru di-update jadi bug mulu sih, forclose mulu"
3,"Payah nih, sudah punya akun mybca nya pas mau masuk balik terus ke halaman tambah no telepon sampai bosan!"
3,setelah up date jadi lelet betul
3,"Setelah di update kemaren tanggal 19 apk nya jadi lemot, Tolong segera di perbaiki kembali"
3,tambah berat. loadingnya lama.
3,bagaimana caranya mereset password My BCA ya
3,setelah update kok malah jadi berat ya aplikasinya. tolong di perbaiki lagi
3,update malah jadi lemod
3,"Hallo , kenapa yah aplikasi nya tidak menanggapi terus yah"
3,Aplikasi tidak bisa dibuka
3,app mybca sangat kurang memuaskan masuk aplikasi gak bisa sudah hapus data dll tetep gak bisa masuk.. selalu ada notif mybca berhenti.. kita mau Transfer dan cek keuangan jadi susah.. apa ada solusi???
3,"setelah update, aplikasi menjadi sangat lelet di samsung galaxy A21, mohon untuk di perbaiki"
3,knapa kok tbtb my bca tidak ada tanggapan ?
3,ini gimana kok GK bisa di buka
3,halo saya pengguna bca kenapa uang yang saya transfer ke orang lain nggk masuk trus saldo rekening berkurang trus.. mohon bantuannya ya
3,"mengapa setiap mau masuk ke menu, lalu pada saat mau memasukkan password, ada notifikasi mybca tidak mendukung. padahal sudah pakai wifi"
3,"mohon di benahi lagi ya,karna mybca selalu for close dihp jadul sya (Vivo y02)"
3,"aplikasi error per hari ini, ""aplikasi tidak menanggapi"""
3,"akhir"" ini aplikasi my bca lemot banget apa sy aja ya"
3,"kenapa update mulu dah, belum ada seminggu idah 2x update, penyimpanan hp aku penuhhhh"
3,"Gara-garanya update aplikasi 16 Maret 2026 jadi lelet agak berat, buka aplikasi prosesnya lama, ngga kaya sebelumnya lebih ringan, tolong di perbaiki"
3,"mohon dibantu mulai 19 Maret 2026, MYBCA slow respon dan selalu exit sendiri dan muncul notif MYBCA not responding : keluar. atau tunggu. sebelumnya tidak begitu. HP saya sudah bersih saya reset"
3,semenjak diperbarui jadi super lemot
3,ini gimna setiap mau masuk aplikasi selalu menolk keluar2 srndiri
3,kok sekarang lemot banget my BCA setelah saya update .
3,cepat dan simpel
3,aplikasi my BCA saya lemot
3,"halowww ini kenapaa yaa mybca setelah update selalu pas buka aplikasi ""mybca tidak menanggapi"" padahal sudah refresh semua tapi ttp ajaa , jadi cukup menganggu aktifitas saat pembayaran, tapi disini jaringan saya aman, bahkan internet juga ada, device saya masih aman untuk digunakan hal hal lain, sempet uninstall aplikasinya dan masuk lagi tapi tetap sama hasilnya, bisa tetap dipakai, dengan menunggu, tapi cukup menganggu transaksi terlebih jika ada transaksi yang akan dilakukan dalam waktu cept"
3,"kmrn minta update versi terbaru, baru aja di update 16 maret 2026 koq makin lelet sihh, bolak balik minta kluar aplikasi atau tunggu, transaksi jadi takut kyk gini, malah lbh lancar sblm update. tp klo ga update nongol terus permintaan update pas buka aplikasi ini, gimana sihhhh, repot jdnya"
3,ABIS DI UPDATE KENAPA MALAH JD NGELAGG???
3,kenapa sekarang lemot apa hp saya yg jelek. tp aplikasi lain lancar ajh.. knp ya. mau transaksi juga jdi makan waktu.
3,Setelah update kenapa jadi lelet ya ?
3,"So farr okee tp knp akhir akhir ini abs di update jd sering tidak menanggapi, anehh ni"
3,"Ganti HP baru, Instal ulang My BCA nya, Verifikasi gagal melulu, Tlpon Halo BCA tidak ada solusi...."
3,awal awal nya bagus aja tapi kenapa ya semakin di update malah semakin lelet? bahkan ini mau buka aplikasi nya untuk bayar saja tidak bisa
3,kenapa setelah di update malah GK bisa loging /logout terus
3,buat buka rekening ribett
3,kok loading nya lama sekali
3,kenapa pas pembaruan malah susah masuk ujung ujung nya my BCA tidak menanggapi 😔🥲
3,knapa kok jadi lag gini ya aplikasinya mau login kok lama tolong di perbaiki lagi biar enak transaksinya
3,kurang baik
3,kasih bintang 3 dulu min soal nya ada sedikit kendala dengan aplikasi nya selalu keluar dengan sendirinya ketika ingin memasukkan kata sandi
3,Setelah update jadi sering error
3,sesudah di perbarui malah gak bisa login....
3,"setelah update terbaru, malah menjadi lemot, dan lambat, kadang menutup sendiri applikasinya, gimana ah.. mending jangan ada update kalau belum stabil dan masih ada bug."
3,"ini kenapa aplikasinya sering foreclose, sudah saya uninstal juga masih tetap forceclose"
3,"sering minta update tapi abis di update bukan makin lancar malah makin LEMOT!!!di buka keluar sendiri,yang pegang sistem gimana sich?!PERBAIKI!!!"
3,"saya selalu membeli token listrik dengan MyBCA. Dalam 4 tahun ini 2 usaha kami pindah dan saya tidak perlu isi token listrik ruko yg sudah tidak kami tempati, nomor pln ada di memory peembelian token prabayar. bisa dihapus atau tidak? kalo bisa caranya gimana?"
3,kemarin update tp kenapa malah nge bugg terus. lemot amat. ngeselin. susah mau transaksi. biasa satset skrg seret. aahhhh kenapa ini???
3,"kecewa..nyesel d updte..kenapa pas d upgrade jadi loading lamaa bgt cuma mau cek saldo aja smpe harus nunggu bbrp menit,tau gtu mending ga usah d updte apk deh, jd ngebugg"
3,udh lama pake my bca baru kali ini mau buka apk nya aja gua itung sampe 3menit pdhal internet udh bagus smpe gua uninstal dan instal ulang
3,aplikasi lemot
3,terlalu bnyak update
3,"gk jelas nih aplikasi, baru di update minta update lgi"
3,"semakin di update semakin berat tidak nyaman penguna bca ,lodingnya lama,dulu Loding cepat ,ko sekarang agak lama ya loading masuknya ke menu dulu bintang full sekarang saya turunin, loading lama, jangan update mulu, perbaikin loading dan foreclose biar kenyamanan tetap ada?..."
3,knpa jadi agak lola ya kadang aplikasi malah mental sendiri
3,"min saya kan topup plazz di apk ini knpa saldo plazz nya gk masuk sedangkan saldo di bca saya sudah terpotong, mohon bantuannya min"
3,Habis di update malah ngelek
3,tiap bulan di pake transaksi minimal di atas 15Jt tapi kenapa mau pengajuan kartu kredit dan paylater gak pernah di Acc hemmm
3,setelah di update tambh ga jelas susah masuk
3,"aplikasi macett padahal jaringan wifi bagus,hadeuhh sekelas bank aja masih kayak sampah"
3,sudah saya masukkan no hp/wa tetap aja GK bisa akses
3,"Bangke lah aplikasinya keluar mulu pas mau masukin data diri, mana setiap masukin foto ada aja yg salah, diulang lagi ulang lagi. pas mau masukin tiba"" keluar sendiri dr aplikasi."
3,kok gak bisa di dowload di hp saya
3,"ini gimana konsep nya, verifikasi wajah gak bisa dan lakukan video call sama customer service selalu eror dan alasan ada kendal dan coba lagi.. ini mau lebaran tapi kenapa bisa gini mybca"
3,bagus
3,"barusan mau install aplikasi mybca, jadi ragu... krna rata2 ulasannya masih c semoga lebih meningkat lagi mybca🙏"
3,pertanyaan saya belum di jawab
3,WebDev-nya PECAT !!! Aplikasi kebanyakan Malfungsi
3,harusnya di mutasi ada deskripsi jam nya juga dong kak
3,"Tgl 11 maret di update,skrg tgl 13 maret udh minta update lagi. Gmna nih?"
3,kenapa sekarang ga bisa log in finger print sekarang?
3,"tolong dong, login biometrik saya tiba2 tidak bisa diaktifkan lagi setelah update, padahal saya masih butuh untuk transaksi sehari2, sebelumnya bisa tapi entah kenapa setelah update jadi begini. izin sudah saya berikan semua, sudah saya instal ulang aplikasinya juga tapi masih tetep begini"
3,kenapa kode negara indonesia tidak ada
3,"Kenapa logout sendiri ya, ketika login ID BCA dialihkan untuk memasukkan No Telp tapi Kode Wilayah Indonesia tidak ada ?"
3,"ini gimana sih? mau buka rekening susah, dibagian selfie selalu ""turn off developer mode"" padahal itu gak pernah on"
3,sometime it is just blank white screen on Android
3,"gimana sih mybca, masa mau login kembali engga bisa mana kode negara indo engga ada aneh, lapor ke hallo bca cuma balesan ai doang. gimana ini mau login di persulit hadehh"
3,sering keluar sendiri pada saat mau register
3,"Kenapa kode OTP tidak muncul? padahal sudah di coba berkali kali dan pulsa juga tersedia, tapi kode OTP tetap tidak mau muncul."
3,"mau reset password,sudah masukin id sudah masukin no kartu,di bilang salah"
3,jaringan bagus . penyimpanan masih kosong . tapi masuk mybca susah. gagal Mulu. apalagi transaksi. pas mau bayar sering eror . tolong segera perbaiki
3,"tolong dong my bca kenapa belakangan ini performanya jelek banget , setiap buka selalu eror apalagi pas urgent mau narik uang padahal sinyal stabil tapi suka lama banget log in nya, tolong berbenah jangan sampai kaya bank lain , bca udah bagus banget padahal, agak sedikit kecewa gara gara hal ini"
3,udah 1 minggu ini gangguan mulu tiap mau Qris dan VA
3,ini mybca saya g bisa masuk muter aja kenapa ya
3,kenapa tidak muncul kode negara indonesia di aplikasi ini? sudah saya ketik kode 62 dan indonesia tetap tidak muncul.
3,"pas selesai reset password dan mau konfirmasi PIN malam ngebug ulang lagi di laman reset pasword, setelah saya kirim laporan melalui ponsel terdeteksi bahwasanya adanya bug internal dari My BCA itu sendiri, semoga bisa di atasi segera supaya bisa login"
3,scann Qriss sering bermasalah. sinyal penuh. sering kereject saat proses pembyrn menggunakan Qris.
3,tolong di fix untuk device Poco F7 selalu force close
3,knp akunku tekeluar sendiri terus. mau Regis bayar hbis tu tekeluar sendiri. kyk gtu aja terus
3,udah beberapa hari ini sering ngandat dan sama sekali gak bisa login. sungguh mengganggu aktivitas. Harap segera perbaiki karena sy butuh untuk transaksi online atau jangan2 ada manipulasi si balik itu??
3,"terlalu sering ngawur pas transaksi gagal trus, pdhal sinya aman, buka apa aja lancar, capek ngulang² trus"
3,kok makin lemot bukanya
3,"sekarang sering gangguan ,mau bayar qris gk bisa . tlong bisa di bantu ,sudh 2 hri ini sma bberapa akhir kemarin sprti ini . terimakasih"
3,mau login pas masukkan nomor kok gk ad negara indonesia (+62)
3,"sering update terus, waktu pembayaran pakai Qris sering gagal, padahal jaringan stabil, dan sekarang fitur Qris nggak bisa buat scan barcode pembayaran, huu sangat kecewa banget"
3,"aplikasi perbaiki lahh, buka aplikasi ini doang lama, masa kalah sama buka tiktk"
3,terlalu sering update udah gak cukup penyimpanan disuruh update terus
3,ini kenapa ya kode Indonesia gak ada di pilihan kode negara?
3,"kenapa yah, ko mau login, terjadi kesalahan Mulu"
3,"Untuk fitur didalam mybca sebenarnya sih okelah udh bagus, tapi untuk KETIGA KALINYA, akun saya ke-logout sendiri, ini servernya gmn sih, jadi repot login lagi, mana pulsa udh habis pulak 😤"
3,MyBCA nge bug tidak bisa reset pasword Bca Id tolong di follow up
3,blm ngerti cara nya
3,"berat, makan koneksi besar, padahal ram 12 chipset dimensity 8200 ultimat, loadingnya lama banget"
3,bca sekarang sering eror mau transaksi jadi terhambat
3,"lelet... sering ngadat apalagi pas hujan hujan... Pembayaran Qris nih yg ampun ampun, uda dibelakang antrian banyak waktu Qtris ngadat padahal pakai M banking laennya bisa.. uda banyak yg komplain tapi nda ad progress.. gimana ini BCA??"
3,"Saya mau login di myBCA, waktu masukan nomor hp, kenapa kode negara INDONESIA tidak ada ?"
3,"hari kenapa mybca & bcamobile tidak bisa dipakai, lemot dari pagi sampai saat ini ?"
3,"tolong dong min, ini kedua kalinya ku komen, kenapa pas mau masuk ke akun yg sudah ada kode otp tidak masuk masuk ke SMS kita,nomor sudah sesuai, pulsa udah ada, dan tempat juga uda pindah² khawatir sinyal, tapi tetep aja, kan jadi susah gabisa login ke apk, gabisa leluasa, mohon di perbaiki"
3,"Kalo udh pesan kartu baru ribet sekali gabisa aktivasi lngsng dari aplikasinya, harus ke mesin ATM segala. Next bisa la aktivasi langsung lewat mybca"
3,"susah betul mau resgis, malah disuruh update apk padahal baru di download"
3,"Pas mau bayar pakai qris sering gagal sampai malu sama penjualnya, padahal kuota internet masih aman"
3,"mohon maaf ini kenapa ya saya ada pengembalian dana ke BCA tapi ga masuk ke akun saya, sudah saya refresh berkali-kali tapi tetep aja masih dana yang sebelumnya ga berubah sama sekali"
3,paylater bca ngk bisa si ajukan
3,setelah di update aplikasi udh enteng . masukin pin setiap transaksi udh ringan g spt sblm nya ..tp notifikasi transaksi ilang ..apa ada minimal jumlah nominal transaksi atau bagaimana entah lah ..🙊
3,"Verifikasi Wajah, KTP dan Tanda Tangannya ngerepotin. Padahal sudah mengikuti petunjuk, tapi selalu gagal."
3,potongan perbulan nya setiap bulan naik terus dari 14rb jadi 19rb terus 20rb padahal pilih kartu nya yg potongan perbulan nya 14rb
3,aplikasi terlalu besar dan verifikasi muka dibikin simpel demi kenyamanan juga
3,gangguan terus udah 3 hari
3,"aplikasi nya jadi agak lemot, kadang bikin deg²an pas didepan kasir klo mau bayar pake qris. padahal sinyal kuat dan device mumpuni"
3,ini mau verifikasi vc kok susah banget si??? munculnya lagu mulu cs nya mana???? heran banget dahhhh
3,mau login malah ke blokir PD hall sudah bner paswordnya . di suruh telpon layanan BCA . giliran di hubungin nomer tidak terdaftar .
3,"ini kenapa yaa setelah di update malah susah login, sekalinya bisa masuk, tidak bisa membuka fitur didalamnya seperti tidak ada internet padahal saya sudah coba menggunakan wifi, paket data tetep sama ilang2 terus tidak bisa akses, sebelum diupdate lancar2 saja."
3,belum 1 bulan sudah dipotong biaya admin
3,punya saya kok skrg gak bisa d bukaa...????
3,"pakai bca.. ternyata mobile bankingnya lumayan ribet.. harus dftar ke cabang,dftar di atm gagal. Dan sering ga bisa login akun,coba lagi coba lagi...padahal kuota ada. kurang bisa diandalkan kalo urgent.."
3,"ini gimana yaa buka akun, harus masukin nomor telpon tapi gak ada nomor kode negara nya. kan kocak.. Indonesia ga ada"
3,"koq sering disuruh verifikasi ulang lagi, bosen"
3,"sulit melakukan verifikasi, padahal sudah menuruti semua syaratnya. aplikasi close sendiri. perlu di maintenance"
3,"Kadang sinyal ada tapi gagal mulu karna masalah sinyal, aneh."
3,saldo saya GK masuk 😭
3,sekarang apk kalau pake jaringan wifi tidak bisa di buka. bisa di buka kalau pakai jaringan selular
3,harusnya klo update nya kek bca Mobile
3,"entah kenapa akhir2 ini saat mau transfer jadi lamaaaaaaaaaaa banget loading nya. setelah ditunggu, malah error ""Ooppss terjadi kesalahan"""
3,"ini kenapa dipersulit yaaaa waktu mau login, dibagian verfuk.. udah 2 hari mentok terus dibagian verfuk.. aplikasi jadi gak bisa diakses hadeeeeehhh"
3,"buat yg mau log in tidak bisa, solusinya pakai paket data seluler, jangan pakai jaringan wifi, entah ini bug atau bukan, tapi bener2 ganggu."
3,bangke ga bisa verifikasi wajah
3,"mau bayar cicilan susah, masa perusahaan yg tersedia cuma oto sama acc, di bca mobile malah lengkap, mana sdh ke logout lg dari bca mobile, mau balik lg loginnya susah betul, beneran lah, masa perusahaan sekelas bca bikin aplikasi kya gk niat gini"
3,"saya baru download si, baru bikin rekening juga, jadi belum bisa menilai secara keseluruhan, tapi mba2 yang vidcall jutek buangettt, ga senyum samsek, padahal aku berusaha senyum terus, mana ngomong nya nyebelin padahal dia yang ga denger 🙄"
3,"ko sekarang susah di buka yah, terus mau transfer gagal terus"
3,baru mencoba
3,"saat saya mau login di suruh untuk masukan no handphone, tapi kenapa tidak ada pilihan Indonesia untuk kode negaranya? tolong di perbaiki"
3,"sering banget oops terjadi kesalahan, padahal buka apk lain ny lancar2 aja"
3,RIBET KETIKA MAU PINDAH AKUN KE HP LAIN VERIFIKASI WAJAH NYA GAGAL TERUS
3,"Kenapa 3 hari ini mau logIn susah, padahal sinyal bagus"
3,suka muter2 aja
3,gak bisa daftar di tolak
3,sangat bagus
3,Hari ini gangguan kah? Dari pagi ga bisa dibuka. Koneksi bagus
3,e wallet cuma sedikit
3,input pin jeda lama tolong perbaiki
3,selalu gagal verifikasi kenapa ya soalnya saya ganti hp baru jadinya harus ada verifikasi dan selalu gagal saya sudah mengikutinya dengan benar mohon bantuannya
3,mo login mbca ..sangat susah bos ku ....bgmn
3,baru beberapa hari bikin kenapa susah d buka... kadang suruh masukin ID lagi...mau cek saldo malah logout buka ID lagi...ehh sekarang mau transfer malah gk bs d buka app nya ...balik lagi pake key aja lah...
3,limit bca kecil banget.... padahal nyaman banget transaksi pake bca bisa 24 jam... sayang limitnya kecil bgt
3,knph saldo 100ribu nga muncul?
3,tolong sekali perbaiki ngelag saat masikin pin. device saya poco x7 pro android 16. sangat aneh selalu ngelag sata input pin
3,"udah beberapa kali bca id selalu terblokir tanpa sebab, input id pasword pun ngga pernah salah tau2 terblokir. mending balik lg ke bca mobile"
3,"apaan ini eror mlu , Mao setoran duit malah ga bisa d buka , Malah balik masukin BCA id ,kirim Kode OTP kaga masuk² Lagi ,"
3,BCA kalo pelayanan teller bagus tapi mengapa kalo aplikasi nya dikit dikit update capek bosss
3,untuk saat ini saya tidak bisa login karena ketika ingin login saya diminta utk memasukan No. Hp dan utk No. Hp dengan kode +62 tidak tersedia.
3,kenapa tidak bs daftar
3,"sehari tidak login besoknya minta kirim sms otp lagi minta pulsa pula,aku biasa isi paket data bukan pulsa,apa bisa otp nya kirim lewat WA?"
3,"setelah update malah makin lemot, kendala jaringan lah pdahal pke aplikasi lain lancar2 saja"
3,"mau nambah no telp, tapi kode negra +62 gak ada gimana"
3,"mau pindah ke hp lain tapi otp ngga pernah masuk setiap hari di coba , padahal pulsa ada"
3,testimoni .
3,"ini knapa yah saya gak bisa masuk aplikasi,, gagal trus di notif nya harus membersihkan data gimana mau bersihin data masuk aja gak bisa kembali truss"
3,sukak eror uang ga masuk kenapa iya kalo bisa lebih diperbaiki trimakasih soalnya yg ga masuk uangnya lumayan gede mau ke kantor terdekat ga ada waktu juga trimakasih.
3,susah banget untuk daptar sendiri BCA banking di apl my bca bolak balik gagal...dan ulang berulang..
3,"udah bbrp hari ini, mau transfer susah bgt, ky nya server nya terlalu sibuk atau gimana ini"
3,untuk apa ada fitur paylater nyata nya harus ke kantor cabang dulu wkwkwk sangat sangat ngaco system nya 😅😅😅
3,Please provide real-time OTP verification. I've lost a lot of credit/money just asking for OTP codes.
3,"saya sdh punya mbanking, lalu saya daftar my bca, lalu saya kirim no HP mbanking saya untuk daftar ke MyBCA, tapi saya gk dapat OTP SMS, sedang kan pulsanya ada"
3,login dg galaxy tab A9 selalu keluar sendiri ketika verifikasi foto
3,"apk suka updet terus trs kalau ga di updet ga bsa bayar lagi, udh kepepet minta di updet lagi hadeh"
3,Kapan bisa Pakai QRIS sumber dana Kartu Kredit BCA???
3,lemot
3,"efektif detail pas, saat ini keybord BCA tidak bisa digunakan, apk berhenti kenapa yaa"
3,mohon hadirkan investasi beli emas seperti bank lain.
3,kenapa my BCA tidak bisa di buka udh 2 hari
3,"tolong tambahkan fitur non-aktifkan login dengan verivikasi wajah, makasih, nanti klo sudah di atur saya tambah bintang"
3,"mybca kok bisa tiba2 nomor hp yg terhubung ke blokir sih, gimana solusinyaa??"
3,setiap bulan harus di update
3,"habis update lemot banget, ngetik pin harus pelan pelan, mana ini rahasia lagi.."
3,"tolong untuk membuka mbanking dengan kondisi low signal diharapkan bisa transaksi,, kasihan kita para pelaut yang susah signal tidak bisa transaksi disaat sinyal wifi atau jaringan lemah myBCA sama sekali tidak bisa di buka.. beda dengan sebelah walaupun sinyal lemah tetap bisa transaksi... tolong di perbaiki"
3,baru mau daftar online gak bisa-bisa payah..
3,saya gabisa akses gatca udh diarahkan ke web trus diarahkan ke apk lagi muter2 terusss
3,Kenapa pas verifikasi wajah pada samsung tab A7 keluar sendiri. saya sdh nin aktifkan talkback nya. 🙏🙏
3,kenapa myBCA saya tidak bisa dibuka
3,ga bisa verifikasi wajah. selalu menutup sendiri tiap kali verifikasi wajah. tab samsung android 16.
3,minn BCA saya sudah punya rekening BCA kok saya masuk bukan nya Langsung ke pasword malah ada tulisan BCA id SM masukan password ini gimana min tolong dibantu?
3,"Tanggal cetak atau keluar tagihan Paylater BCA majukan lah, jgn tanggal 10. Majuin ke tanggal 5... Tampilan baru ini agak ribet..."
3,"aku pake mybca GK ngerti kenapa id ku kena blokir Mulu,males bgt lama2 buka blokiran nya udh ke 5 kalii kena blokir,pdahal pw dari akun mybca dh beda dan masukin passwordnya juga selalu bener gk ngerti lah,buka blokiran Mulu buang2 pulsaaa 😮‍💨"
3,"ini bahaya , ketik pin transaksi kok jd lambat."
3,"kenapa sih setiap mau baru login ini sesudah uninstall app, mau verif wajah susahnya bukan main padahal sudah seperti direction yang diminta, tolonglah untuk ini bisa dibuat lebih simple saya repot setiap kali mau login harus gagal terus untuk verifikasi. aplikasi harusnya dibuat lbh memudahkan pengguna. padahal untuk pengguna layanan bca sudah sangat baik tp diluar itu aplikasinya ga banget dibanding bank lain"
3,mau login tp ga bisa pilih kode negara Indonesia
3,update mulu apk
3,mohon maaf knpa yah tidak bisa daftar
3,Card BRI To Name Dede Suroso Many USA 120.$ Succes
3,"buat aplikasi versi sekarang, keyboard bawaan bcanya suka lambat kalau pakai samsung seri a04s. padahal waktu versi sebelumnya aman"
3,"seharusnya untuk verifikasi wajah bisa juga pakai kamera belakang jd ada yg bisa bantu, kasihan yg pakai kacamata, dia nggak bisa baca perintah karena kacamata harus dilepas. pikir pake logika, seharusnya bisa verifikasi di rumah malah harus ke kantor cabang bca.."
3,"Halo kak saya ada kendala di update saat ini waktu memasukan pin transaksi itu saat klik angka itu kok delay banget ya padahal dulu ngga lo jadi setiap klik satu angka saya harus nunggu sekitar 2 sampai 5 detik baru bisa klik angka yang lain itu sangat mengganggu sekali waktu melakukan transaksi apa bisa diperbaiki ya, klo dr segi ui dan flow udh cukup bagus. (kebetulan saya mengalami kendala saat ruang penyimpanan sangat kosong banyak, RAM device 8 GB, internet stabil)"
3,kenapa saya tidak bisa masuk ya dibagian nomor telephone disitu tidak ada tulisan indonesia hanya ada india padahal saya sudah pernah masuk waktu itu dan tidak sengaja apknya terhapus waktu saya mau memasukan bca id saya bisa tpi dibagian negara tidak ada nma indonesianya
3,"Mau buka rekening di apk ini susah amat padahal uda bener semua tertulis (oops terjadi kesalahan , silahkan coba lagi) padahal uda benar semua tolong bantuannya"
3,"saya ud beberpa kali daftar my bca tapi mentok di verifikasi wajah nda bisa² ada tulisan ""please turn off the developer mode"" ini knpa y klo boleh tau tolong dong penjelasan nya."
3,aplikasi sering gak bisa kebuka
3,setiap ganguan jaringan harus masuk id and kirim kode otp harus punya pulsa ribet sekali sekarang
3,"awalnya nyaman pake aplikasi ini, tp setelah update kenapa pas masukin pin kok selalu nge lag ya, lama bgt masukin 1 angka juga, bahaya klo leg pas masukin pin. tolong perbaiki lagi"
3,dari kmaren koq TRF Trouble terus yah
3,ketika mau registrasi buat akun dan disuruh ambil poto diri tapi gak bisa katanya suruh matikan develover pengembang. jadi bingung harus matiin apa tolong dong dibantu
3,aplikasi lebih lambat saat memasukkan PIN transaksi
3,"Sulit banget kayaknya ya ngaktifin Fitur myBCA padahal udah ngikutin semua langkah langkah pertahap tetep ga bisa bahkan dua kali saya daftar e banking di mesin ATM pas di cek di hp tetep ga bisa, ganti bank aja lah"
